,index,time,mod_B,Bx,By,Bz,r_sat,posX,posY,posZ
1305,30252,9.467083333333333,7.753898503333661,2.9459999999999997,-7.0489999999999995,-1.3250000000000004,2123.46662159256,4083.0343000000003,-3293.5613,1695.2951
1306,30253,9.46736111111111,7.560468239467712,2.7499999999999996,-6.952,-1.1260000000000006,2124.8048295246267,4085.5163000000002,-3293.6063000000004,1693.5795000000003
1307,30254,9.467638888888889,7.592790132750937,2.973,-6.837999999999999,-1.4330000000000005,2126.143022105354,4087.9973,-3293.6505000000006,1691.8635
1308,30255,9.467916666666667,7.569625948486491,3.3240000000000003,-6.631,-1.5100000000000005,2127.481093630633,4090.4772000000003,-3293.6938999999998,1690.1470000000002
1309,30256,9.468194444444444,7.4592874994867975,3.312,-6.5489999999999995,-1.3350000000000004,2128.818923626558,4092.9559999999997,-3293.7363000000005,1688.4299999999998
1310,30257,9.468472222222221,7.426684186095434,3.343,-6.442,-1.5750000000000004,2130.1567352446195,4095.4338,-3293.7779,1686.7126
1311,30258,9.46875,7.704417758662883,3.278,-6.705,-1.9120000000000004,2131.494453689674,4097.9105,-3293.8187,1684.9948
1312,30259,9.469027777777779,7.6140702649765455,2.8369999999999997,-6.869,-1.6560000000000006,2132.8322261424414,4100.3863,-3293.8586999999998,1683.2766
1313,30260,9.469305555555556,7.437092308153772,3.006,-6.685,-1.2590000000000003,2134.169769058846,4102.860900000001,-3293.8978,1681.5579999999998
1314,30261,9.469583333333333,7.24947687767883,3.061,-6.484999999999999,-1.0630000000000004,2135.5072302274343,4105.3345,-3293.936,1679.839
1315,30262,9.469861111111111,7.136810351970969,3.126,-6.3549999999999995,-0.8810000000000004,2136.8446379294546,4107.8071,-3293.9734000000003,1678.1195
1316,30263,9.47013888888889,7.18769253655163,3.4379999999999997,-6.2620000000000005,-0.7940000000000004,2138.1819470910355,4110.2786,-3294.0099999999998,1676.3996
1317,30264,9.470416666666667,7.387134830230188,3.372,-6.528999999999999,-0.7560000000000004,2139.5192010722403,4112.7491,-3294.0458,1674.6792
1318,30265,9.470694444444444,7.568563932477547,3.2059999999999995,-6.779999999999999,-1.0180000000000005,2140.8563252286717,4115.2185,-3294.0807,1672.9585
1319,30266,9.470972222222223,7.688244923257843,2.969,-6.975,-1.2820000000000005,2142.1935265196453,4117.687,-3294.1149000000005,1671.2373
1320,30267,9.471250000000001,7.633647948392694,2.6759999999999997,-7.093999999999999,-0.8870000000000005,2143.530565707625,4120.1544,-3294.1482000000005,1669.5157
1321,30268,9.471527777777776,7.4865299705537804,2.271,-7.100999999999999,-0.6830000000000005,2144.8675761376253,4122.620800000001,-3294.1807,1667.7937000000002
1322,30269,9.471805555555555,7.60910020961743,2.062,-7.269,-0.8990000000000006,2146.2043481342002,4125.086,-3294.2123,1666.0713
1323,30270,9.472083333333334,7.777917330494071,1.829,-7.514,-0.8310000000000004,2147.5411336826323,4127.5503,-3294.2431000000006,1664.3484
1324,30271,9.47236111111111,7.96781657670406,1.7529999999999997,-7.744,-0.6660000000000005,2148.8778876408974,4130.0136,-3294.2731,1662.6251
1325,30272,9.47263888888889,7.9802290693939355,2.0919999999999996,-7.6739999999999995,-0.6460000000000005,2150.214475056967,4132.4758,-3294.3021999999996,1660.9014
1326,30273,9.472916666666666,8.032901468336332,2.093,-7.749,-0.31600000000000045,2151.5509240675424,4134.936900000001,-3294.3305,1659.1772
1327,30274,9.473194444444443,7.752865986201489,2.1769999999999996,-7.419,-0.5710000000000004,2152.8873686247725,4137.397,-3294.358,1657.4527000000003
1328,30275,9.473472222222222,7.693366623267085,2.0449999999999995,-7.411,-0.2880000000000004,2154.223688182329,4139.8561,-3294.3846,1655.7277000000001
1329,30276,9.47375,7.72620896688667,2.0389999999999997,-7.4399999999999995,-0.4280000000000005,2155.5598519504697,4142.314,-3294.4103999999998,1654.0023999999999
1330,30277,9.474027777777778,7.839182419104686,2.166,-7.5,-0.7150000000000004,2156.896023215427,4144.771,-3294.4354,1652.2766
1331,30278,9.474305555555556,8.088804670654374,2.041,-7.802000000000001,-0.6260000000000004,2158.232022060475,4147.2269,-3294.4595,1650.5504
1332,30279,9.474583333333333,7.94819111496446,2.311,-7.588999999999999,-0.4900000000000004,2159.5679518012666,4149.6818,-3294.4828,1648.8237000000001
1333,30280,9.474861111111112,7.966470046388174,2.1510000000000002,-7.63,-0.7880000000000005,2160.903766676467,4152.1356,-3294.5053,1647.0966
1334,30281,9.475138888888889,7.857162974000221,2.553,-7.385,-0.8240000000000005,2162.239465574863,4154.5883,-3294.5269999999996,1645.3691000000003
1335,30282,9.475416666666666,7.832930741427503,2.298,-7.452,-0.7360000000000003,2163.575122485844,4157.04,-3294.5479,1643.6412
1336,30283,9.475694444444446,7.690385490988083,2.3709999999999996,-7.218000000000001,-1.1920000000000006,2164.9106769639334,4159.4907,-3294.5678999999996,1641.9129
1337,30284,9.475972222222222,7.828613287166508,2.3589999999999995,-7.367,-1.2040000000000002,2166.246112453683,4161.9403,-3294.5870999999997,1640.1842000000001
1338,30285,9.47625,7.749306614142971,2.606,-7.169,-1.3660000000000003,2167.5815031680777,4164.3889,-3294.6055,1638.4551
1339,30286,9.476527777777777,7.724464835831671,2.6919999999999997,-7.178,-0.9470000000000004,2168.91675929578,4166.836499999999,-3294.6230000000005,1636.7255
1340,30287,9.476805555555554,7.63421679021496,2.943,-7.0040000000000004,-0.7510000000000004,2170.251923236261,4169.283,-3294.6396999999997,1634.9956
1341,30288,9.477083333333335,7.431824002221796,3.226,-6.6659999999999995,-0.6240000000000003,2171.587010293499,4171.7285,-3294.6555999999996,1633.2652
1342,30289,9.477361111111112,7.396786329210815,3.3839999999999995,-6.536,-0.7360000000000004,2172.922078062604,4174.173,-3294.6707,1631.5345000000002
1343,30290,9.477638888888889,7.270598943690952,3.6029999999999993,-6.287999999999999,-0.5840000000000004,2174.256961965787,4176.616400000001,-3294.6849,1629.8034000000002
1344,30291,9.477916666666667,7.243108793881257,3.5099999999999993,-6.299,-0.6820000000000005,2175.591766207158,4179.0588,-3294.6983,1628.0718000000002
1345,30292,9.478194444444444,7.394922650034956,3.3560000000000003,-6.521000000000001,-0.9480000000000004,2176.9265482981086,4181.5002,-3294.7109000000005,1626.3399
1346,30293,9.478472222222221,7.532790452415359,2.9399999999999995,-6.914,-0.5440000000000005,2178.261173850495,4183.9405,-3294.7227,1624.6075
1347,30294,9.478750000000002,7.541278804022564,2.686,-7.042999999999999,-0.22900000000000045,2179.5957459727733,4186.3798,-3294.7336999999998,1622.8746999999998
1348,30295,9.479027777777777,7.492289169539575,2.5799999999999996,-7.034000000000001,-0.029000000000000435,2180.9302641543845,4188.8180999999995,-3294.7439,1621.1415
1349,30296,9.479305555555555,7.513800968883858,2.7239999999999998,-6.998,-0.25500000000000045,2182.264681161422,4191.2553,-3294.7533000000003,1619.408
1350,30297,9.479583333333334,7.381862840774002,2.743,-6.849000000000001,-0.24300000000000047,2183.599013111697,4193.6915,-3294.7619,1617.674
1351,30298,9.479861111111111,7.174875120864475,3.1159999999999997,-6.449000000000001,-0.4240000000000005,2184.9332132444565,4196.1266000000005,-3294.7697,1615.9396000000002
1352,30299,9.48013888888889,7.461720646070851,2.975,-6.8069999999999995,-0.7010000000000004,2186.267220936099,4198.5606,-3294.7766,1614.2048
1353,30300,9.480416666666667,7.581919875598792,2.784,-7.007,-0.7980000000000004,2187.601245301642,4200.9937,-3294.7826999999997,1612.4696
1354,30301,9.480694444444444,7.540330828285985,2.552,-7.053,-0.7740000000000005,2188.935163639424,4203.425700000001,-3294.7879999999996,1610.7341000000001
1355,30302,9.480972222222222,7.387471353582361,2.504,-6.926,-0.5790000000000005,2190.268917093411,4205.8566,-3294.7925000000005,1608.9981
1356,30303,9.48125,7.241212191339237,2.799,-6.651999999999999,-0.5930000000000005,2191.6027134663154,4208.2866,-3294.7961999999998,1607.2617999999998
1357,30304,9.481527777777778,7.003061758973713,2.897,-6.364,-0.38700000000000045,2192.9362842323285,4210.7155,-3294.799,1605.525
1358,30305,9.481805555555557,7.11427389126958,2.786,-6.531000000000001,-0.4440000000000004,2194.2697164477854,4213.143300000001,-3294.8009999999995,1603.7878
1359,30306,9.482083333333334,7.199019238757457,2.3899999999999997,-6.767,-0.5670000000000005,2195.6030842495215,4215.5701,-3294.8021999999996,1602.0502
1360,30307,9.482361111111112,7.278839811398517,2.3739999999999997,-6.856999999999999,-0.5720000000000005,2196.9363116448635,4217.9958,-3294.8026,1600.3122
1361,30308,9.48263888888889,7.4453331691738285,2.2629999999999995,-7.069,-0.5840000000000005,2198.269501783477,4220.4205,-3294.8021999999996,1598.5738999999999
1362,30309,9.482916666666666,7.305279050111638,2.0629999999999997,-6.998,-0.3730000000000005,2199.6026248057847,4222.8442000000005,-3294.8010000000004,1596.8352
1363,30310,9.483194444444443,7.387112291010609,2.0919999999999996,-7.08,-0.2580000000000005,2200.935604647985,4225.2668,-3294.799,1595.0961
1364,30311,9.483472222222222,7.434611691272114,2.197,-7.089,-0.4390000000000005,2202.268487259579,4227.6884,-3294.7961999999998,1593.3564999999999
1365,30312,9.48375,7.3784592565114835,2.37,-6.959999999999999,-0.6190000000000004,2203.6013286693938,4230.109,-3294.7925999999998,1591.6166
1366,30313,9.484027777777778,7.487930421685286,2.17,-7.111,-0.8910000000000006,2204.9340240392653,4232.528499999999,-3294.7882,1589.8763000000001
1367,30314,9.484305555555554,7.543652497298639,2.5959999999999996,-7.001,-1.0740000000000005,2206.26664824463,4234.947,-3294.7830000000004,1588.1356
1368,30315,9.484583333333333,7.239664494988701,3.133,-6.437,-1.0780000000000005,2207.5992002923126,4237.3645,-3294.7769999999996,1586.3944999999999
1369,30316,9.48486111111111,7.14529740458716,3.655,-6.013,-1.2410000000000005,2208.9316032053384,4239.7809,-3294.7702,1584.653
1370,30317,9.485138888888887,7.259788633286784,3.6870000000000003,-6.111,-1.3290000000000006,2210.2639015156747,4242.1963000000005,-3294.7625,1582.9112
1371,30318,9.485416666666666,7.421552196137948,3.6109999999999998,-6.33,-1.4040000000000004,2211.596096829057,4244.610699999999,-3294.754,1581.1689000000001
1372,30319,9.485694444444443,7.402828918731001,3.934,-6.056,-1.6280000000000006,2212.9281403378686,4247.023999999999,-3294.7447,1579.4262
1373,30320,9.485972222222221,7.441804149532557,3.979,-6.037999999999999,-1.7580000000000005,2214.260166062235,4249.436299999999,-3294.7347,1577.6831
1374,30321,9.48625,7.3864544268546055,3.907,-6.062,-1.5960000000000005,2215.5920837401654,4251.8476,-3294.7237999999998,1575.9397000000001
1375,30322,9.486527777777777,7.425229020037025,3.6189999999999998,-6.348000000000001,-1.3190000000000004,2216.923846766856,4254.257799999999,-3294.7120999999997,1574.1959
1376,30323,9.486805555555554,7.40027810288235,3.964,-6.215999999999999,-0.6420000000000006,2218.2555305109818,4256.6669999999995,-3294.6996,1572.4517
1377,30324,9.487083333333334,7.415434849015936,3.697,-6.3759999999999994,-0.8170000000000005,2219.5870861633775,4259.0751,-3294.6863,1570.7072
1378,30325,9.48736111111111,7.570417557836556,3.3379999999999996,-6.703,-1.1130000000000004,2220.9185608972684,4261.4822,-3294.6722,1568.9623
1379,30326,9.487638888888888,7.598896564633578,3.118,-6.895999999999999,-0.6830000000000005,2222.249953349431,4263.8883000000005,-3294.6573,1567.217
1380,30327,9.487916666666667,7.589123928359584,3.008,-6.933,-0.6930000000000005,2223.5813215716944,4266.2934000000005,-3294.6417,1565.4713
1381,30328,9.488194444444442,7.4321109383539214,2.996,-6.769,-0.6640000000000005,2224.9125581014036,4268.6974,-3294.6252999999997,1563.7253
1382,30329,9.48847222222222,7.414016050697489,3.1599999999999997,-6.675,-0.6530000000000005,2226.243709744017,4271.1004,-3294.6081,1561.9788999999998
1383,30330,9.48875,7.314849827576776,3.304,-6.465999999999999,-0.8840000000000006,2227.574641236181,4273.5023,-3294.59,1560.2321
1384,30331,9.489027777777777,7.154845281346061,3.505,-6.175,-0.8810000000000004,2228.9055451017293,4275.9032,-3294.5712,1558.4849
1385,30332,9.489305555555555,7.287662245192212,3.594,-6.192,-1.3610000000000004,2230.236302840194,4278.3031,-3294.5515,1556.7373
1386,30333,9.489583333333332,7.394427969762096,3.3579999999999997,-6.2509999999999994,-2.0800000000000005,2231.5668964249962,4280.7019,-3294.531,1554.9893
1387,30334,9.489861111111109,7.366371494840591,3.1539999999999995,-6.372,-1.9270000000000007,2232.897459424587,4283.0997,-3294.5098,1553.2409
1388,30335,9.490138888888888,7.3822382784627045,2.929,-6.598999999999999,-1.5400000000000005,2234.227884064255,4285.4964,-3294.4878,1551.4922000000001
1389,30336,9.490416666666665,7.383148786256444,2.901,-6.614,-1.5330000000000006,2235.5582178343275,4287.8921,-3294.465,1549.7431
1390,30337,9.490694444444443,7.206212319936181,2.9259999999999997,-6.446000000000001,-1.3480000000000003,2236.8883251758666,4290.2867,-3294.4413,1547.9936
1391,30338,9.490972222222222,7.246592302592992,3.082,-6.470000000000001,-1.0740000000000005,2238.2183674176727,4292.6803,-3294.4168000000004,1546.2438
1392,30339,9.491249999999999,7.370573993930189,2.758,-6.771000000000001,-0.9340000000000005,2239.5483747278427,4295.0729,-3294.3916,1544.4936
1393,30340,9.491527777777778,7.367000882312965,2.6689999999999996,-6.825,-0.7540000000000006,2240.87828806072,4297.4645,-3294.3656,1542.743
1394,30341,9.491805555555555,7.508354679954856,2.4219999999999997,-7.034999999999999,-1.0090000000000006,2242.208057306279,4299.855,-3294.3388,1540.9921
1395,30342,9.492083333333332,7.374263081827228,2.366,-6.93,-0.8700000000000004,2243.5377306246583,4302.2445,-3294.3112,1539.2408
1396,30343,9.492361111111112,7.378507301615957,2.159,-6.992,-0.9450000000000005,2244.8673657104714,4304.633,-3294.2828999999997,1537.4891
1397,30344,9.492638888888887,7.385846058509479,2.1159999999999997,-7.015000000000001,-0.9290000000000005,2246.196871756104,4307.0205000000005,-3294.2537,1535.7370999999998
1398,30345,9.492916666666666,7.3377485647847065,2.1079999999999997,-6.973000000000001,-0.8810000000000004,2247.52633762598,4309.407,-3294.2237999999998,1533.9847
1399,30346,9.493194444444445,7.329821075578858,2.182,-6.953,-0.7880000000000005,2248.855645867089,4311.7925000000005,-3294.193,1532.2319
1400,30347,9.493472222222222,7.525797233516194,2.084,-7.178,-0.8780000000000004,2250.1848358034504,4314.1769,-3294.1614999999997,1530.4787000000001
1401,30348,9.49375,7.44048526643256,1.984,-7.127,-0.7940000000000005,2251.5139245809332,4316.5603,-3294.1292000000003,1528.7251
1402,30349,9.494027777777777,7.406251075949289,2.065,-7.073,-0.7490000000000003,2252.842938394802,4318.9427000000005,-3294.0960999999998,1526.9712
1403,30350,9.494305555555554,7.3387421946815925,2.054,-6.989,-0.8900000000000003,2254.1718000816677,4321.3240000000005,-3294.0622000000003,1525.2169999999999
1404,30351,9.494583333333333,7.434900806332254,2.2169999999999996,-7.025,-1.0060000000000004,2255.5005579561644,4323.7043,-3294.0275,1523.4624
1405,30352,9.49486111111111,7.413837939960652,2.252,-7.0200000000000005,-0.7830000000000005,2256.8291931594194,4326.0835,-3293.9921000000004,1521.7074
1406,30353,9.495138888888887,7.387700860213547,2.3619999999999997,-6.973999999999999,-0.6020000000000004,2258.1576917538027,4328.4617,-3293.9557999999997,1519.9521
1407,30354,9.495416666666667,7.356465523605748,2.3899999999999997,-6.922,-0.7010000000000004,2259.4861423243456,4330.838900000001,-3293.9188000000004,1518.1963999999998
1408,30355,9.495694444444442,7.291717081730475,2.432,-6.834999999999999,-0.7330000000000004,2260.8144091244803,4333.215,-3293.881,1516.4402999999998
1409,30356,9.495972222222221,7.280756348072637,2.4159999999999995,-6.831,-0.7140000000000004,2262.142576555285,4335.59,-3293.8425,1514.6839
1410,30357,9.49625,7.144149354541799,2.3449999999999998,-6.718000000000001,-0.6390000000000005,2263.47073865455,4337.9641,-3293.8032,1512.9271999999999
1411,30358,9.496527777777777,7.1821941633459065,2.5759999999999996,-6.651000000000001,-0.8440000000000003,2264.7987144244353,4340.3371,-3293.7631,1511.1700999999998
1412,30359,9.496805555555556,7.156475808664486,2.6609999999999996,-6.537000000000001,-1.1840000000000006,2266.1265796538073,4342.7091,-3293.7222,1509.4126
1413,30360,9.497083333333332,7.202246455099964,2.7809999999999997,-6.531999999999999,-1.2130000000000005,2267.454360193937,4345.0801,-3293.6805,1507.6548
1414,30361,9.49736111111111,7.134661659812608,2.764,-6.505,-0.9740000000000005,2268.7819517695893,4347.45,-3293.638,1505.8966
1415,30362,9.497638888888888,7.221301406256354,2.831,-6.5680000000000005,-0.9970000000000004,2270.109565619137,4349.819,-3293.5948000000003,1504.138
1416,30363,9.497916666666665,7.1029557931891985,3.2030000000000003,-6.286,-0.8240000000000005,2271.437015374596,4352.186900000001,-3293.5508,1502.3791
1417,30364,9.498194444444444,7.198748085604885,3.223,-6.414,-0.5430000000000005,2272.7642735316285,4354.5536999999995,-3293.506,1500.6198
1418,30365,9.498472222222222,7.204494361160955,3.239,-6.393,-0.7370000000000004,2274.0914426086706,4356.9195,-3293.4604,1498.8602
1419,30366,9.49875,7.236578542377607,3.2119999999999997,-6.386,-1.1270000000000004,2275.4185724302165,4359.2844,-3293.4139999999998,1497.1002
1420,30367,9.499027777777778,7.423071668790488,3.3519999999999994,-6.515000000000001,-1.1920000000000004,2276.745508217743,4361.6482,-3293.3668,1495.3398000000002
1421,30368,9.499305555555555,7.553581534609923,2.867,-6.861,-1.3280000000000005,2278.0724104978062,4364.011,-3293.3188999999998,1493.5791000000002
1422,30369,9.499583333333332,7.615839677934404,2.7059999999999995,-7.073,-0.8070000000000004,2279.39911705799,4366.3727,-3293.2702,1491.818
1423,30370,9.499861111111112,7.508449307280432,2.7089999999999996,-6.987,-0.46900000000000047,2280.7257620334804,4368.733399999999,-3293.2208,1490.0565000000001
1424,30371,9.500138888888888,7.368596813505269,2.807,-6.803,-0.3690000000000005,2282.0523128064597,4371.0931,-3293.1706,1488.2947
1425,30372,9.500416666666666,7.32712781381627,2.9709999999999996,-6.669,-0.6200000000000004,2283.3786916763634,4373.4517,-3293.1196000000004,1486.5326
1426,30373,9.500694444444445,7.46121531655534,2.7349999999999994,-6.890000000000001,-0.8470000000000004,2284.7049483947603,4375.8093,-3293.0678,1484.7701
1427,30374,9.500972222222222,7.664924461467315,2.821,-7.025,-1.2010000000000005,2286.031108265682,4378.1659,-3293.0152000000003,1483.0073
1428,30375,9.50125,7.931394959274187,2.7009999999999996,-7.340999999999999,-1.3120000000000005,2287.357202346745,4380.5215,-3292.9619,1481.2441000000001
1429,30376,9.501527777777778,7.929519153139112,2.853,-7.321000000000001,-1.0680000000000005,2288.6831210008995,4382.876,-3292.9078,1479.4806
1430,30377,9.501805555555555,7.813121655266863,2.815,-7.199,-1.1380000000000003,2290.008998221002,4385.2294999999995,-3292.853,1477.7168
1431,30378,9.502083333333333,7.711182334765532,3.053,-6.989999999999999,-1.1320000000000003,2291.3347491676323,4387.582,-3292.7974000000004,1475.9526
1432,30379,9.50236111111111,7.639626561553909,3.113,-6.87,-1.2150000000000003,2292.660399112164,4389.9335,-3292.7410000000004,1474.1880999999998
1433,30380,9.502638888888889,7.693559514295058,3.2479999999999998,-6.823,-1.4450000000000005,2293.985869718748,4392.2839,-3292.6838000000002,1472.4233
1434,30381,9.502916666666668,7.720973189954749,3.177,-6.9030000000000005,-1.3670000000000004,2295.311269553824,4394.6332999999995,-3292.6259,1470.6581
1435,30382,9.503194444444444,7.681038536552202,3.154,-6.898999999999999,-1.2060000000000006,2296.636565768377,4396.981699999999,-3292.5672,1468.8926
1436,30383,9.503472222222223,7.734182503665142,3.1849999999999996,-6.973000000000001,-1.0250000000000006,2297.961789759439,4399.329100000001,-3292.5078000000003,1467.1267
1437,30384,9.50375,7.469845647669033,3.0629999999999997,-6.745,-0.9600000000000005,2299.2868307867284,4401.6754,-3292.4476000000004,1465.3605
1438,30385,9.504027777777777,7.249028417657087,3.19,-6.468000000000001,-0.7330000000000004,2300.6116822390386,4404.0207,-3292.3864999999996,1463.5938999999998
1439,30386,9.504305555555556,7.231295941945676,3.052,-6.476000000000001,-1.0190000000000006,2301.9364845070113,4406.365,-3292.3247,1461.827
1440,30387,9.504583333333333,7.196374781791175,3.1149999999999998,-6.4079999999999995,-1.0110000000000006,2303.2610756825284,4408.7082,-3292.2621,1460.0597
1441,30388,9.504861111111111,7.1021792430211175,2.953,-6.415000000000001,-0.7540000000000004,2304.585558243368,4411.0504,-3292.1987,1458.2921
1442,30389,9.50513888888889,7.067286749524176,2.9829999999999997,-6.357,-0.7980000000000005,2305.9099113993834,4413.3915,-3292.1346,1456.5242
1443,30390,9.505416666666665,7.120248169832284,3.0089999999999995,-6.387,-0.9220000000000006,2307.2342637762067,4415.7317,-3292.0698,1454.7558999999999
1444,30391,9.505694444444444,7.253859937991634,3.0919999999999996,-6.4239999999999995,-1.3380000000000005,2308.5585049740926,4418.070900000001,-3292.0042000000003,1452.9873
1445,30392,9.505972222222223,7.2940388674588235,3.165,-6.417,-1.4170000000000005,2309.882531104993,4420.409000000001,-3291.9377999999997,1451.2183
1446,30393,9.50625,7.36908739261518,3.1079999999999997,-6.379,-1.9880000000000002,2311.2064698444738,4422.746099999999,-3291.8705999999997,1449.4491
1447,30394,9.506527777777778,7.480765402016027,3.1390000000000002,-6.507,-1.9410000000000003,2312.530301590776,4425.0822,-3291.8027,1447.6794
1448,30395,9.506805555555555,7.47789495780731,3.2009999999999996,-6.4959999999999996,-1.8640000000000008,2313.8541020649955,4427.4173,-3291.7341,1445.9095000000002
1449,30396,9.507083333333332,7.426747740431205,3.3449999999999998,-6.454000000000001,-1.5210000000000006,2315.1776840394728,4429.7513,-3291.6647,1444.1392
1450,30397,9.507361111111111,7.568431079160329,3.4589999999999996,-6.581999999999999,-1.4120000000000006,2316.501207272413,4432.0843,-3291.5945999999994,1442.3686
1451,30398,9.507638888888888,7.64113139528434,3.7699999999999996,-6.465000000000001,-1.5420000000000005,2317.824613439049,4434.416299999999,-3291.5237,1440.5976999999998
1452,30399,9.507916666666667,7.690035500568252,3.8899999999999997,-6.435,-1.6110000000000007,2319.1478762098004,4436.7473,-3291.4519999999998,1438.8264000000001
1453,30400,9.508194444444445,7.742978044654395,3.7809999999999997,-6.558,-1.6280000000000006,2320.4709424974544,4439.0772,-3291.3795,1437.0548000000001
1454,30401,9.508472222222222,7.772765273697643,3.8560000000000003,-6.609999999999999,-1.3620000000000005,2321.7939218081547,4441.406099999999,-3291.3063,1435.2828
1455,30402,9.508750000000001,7.721126407461543,3.598,-6.709999999999999,-1.2830000000000006,2323.1167807963375,4443.7339999999995,-3291.2322999999997,1433.5104999999999
1456,30403,9.509027777777778,7.584359498336033,3.5569999999999995,-6.678,-0.5240000000000004,2324.4394731401867,4446.0608,-3291.1576,1431.7378
1457,30404,9.509305555555555,7.45051414333266,3.446,-6.601999999999999,-0.22100000000000045,2325.762146355516,4448.3867,-3291.0820999999996,1429.9649000000002
1458,30405,9.509583333333333,7.471645133436143,3.647,-6.494,-0.5940000000000005,2327.0846513184415,4450.711499999999,-3291.0059,1428.1915999999999
1459,30406,9.50986111111111,7.4369053375715355,3.4189999999999996,-6.536,-0.9480000000000004,2328.407032537693,4453.0353,-3290.9289,1426.4180000000001
1460,30407,9.51013888888889,7.3474840591865185,3.2559999999999993,-6.481,-1.1750000000000003,2329.7292889640876,4455.3580999999995,-3290.8511,1424.6441
1461,30408,9.510416666666668,7.274372137854922,3.2639999999999993,-6.404999999999999,-1.1130000000000004,2331.0514322552012,4457.6798,-3290.7727,1422.8698
1462,30409,9.510694444444443,7.283970689122794,3.1419999999999995,-6.496,-0.9930000000000005,2332.373527353596,4460.0006,-3290.6935000000003,1421.0952
1463,30410,9.510972222222222,7.2479223229833245,2.959,-6.5409999999999995,-0.9960000000000004,2333.695552766467,4462.3204,-3290.6135999999997,1419.3202999999999
1464,30411,9.51125,7.264738467419182,2.784,-6.565,-1.3880000000000003,2335.0173150910705,4464.6391,-3290.5328,1417.5451
1465,30412,9.511527777777777,7.287795894507474,2.7499999999999996,-6.587000000000001,-1.4700000000000004,2336.33906365612,4466.9568,-3290.4513999999995,1415.7696
1466,30413,9.511805555555556,7.426184349987549,2.851,-6.601999999999999,-1.8530000000000004,2337.66068259168,4469.2735,-3290.3692,1413.9938
1467,30414,9.512083333333333,7.559942393960419,2.973,-6.608,-2.1560000000000006,2338.982125955329,4471.589099999999,-3290.2862999999998,1412.2176
1468,30415,9.51236111111111,7.4709149372750865,2.787,-6.676,-1.8650000000000007,2340.303380772668,4473.9037,-3290.2025000000003,1410.4411
1469,30416,9.51263888888889,7.368959560209297,2.6519999999999997,-6.685,-1.6060000000000005,2341.624618357856,4476.2173,-3290.1180999999997,1408.6643
1470,30417,9.512916666666666,7.277189292577183,2.522,-6.6579999999999995,-1.5060000000000004,2342.945698587607,4478.5298999999995,-3290.0328999999997,1406.8871
1471,30418,9.513194444444444,7.346211676775997,2.293,-6.784000000000001,-1.6390000000000005,2344.2666452116237,4480.8415,-3289.9469,1405.1096
1472,30419,9.513472222222223,7.3618349614752985,2.154,-6.837000000000001,-1.6770000000000007,2345.5874367443857,4483.152,-3289.8602,1403.3318
1473,30420,9.51375,7.287047756121816,2.0149999999999997,-6.866,-1.3780000000000006,2346.908068603144,4485.461499999999,-3289.7727,1401.5536
1474,30421,9.514027777777779,7.1832310278871025,1.666,-6.926,-0.9240000000000006,2348.228621994941,4487.7699999999995,-3289.6845000000003,1399.7751
1475,30422,9.514305555555556,7.100900576687438,1.4489999999999998,-6.901999999999999,-0.8280000000000005,2349.549038464917,4490.0775,-3289.5955000000004,1397.9963
1476,30423,9.514583333333333,7.109742611374902,1.148,-6.970000000000001,-0.8060000000000006,2350.8693745231694,4492.384,-3289.5058000000004,1396.2171999999998
1477,30424,9.514861111111111,7.110764867438664,0.9649999999999999,-6.994,-0.8460000000000004,2352.1895722609347,4494.6895,-3289.4152999999997,1394.4378000000002
1478,30425,9.515138888888888,7.171036396505041,0.8009999999999998,-7.081,-0.8010000000000005,2353.5096097590113,4496.9938999999995,-3289.3241000000003,1392.6581
1479,30426,9.515416666666667,7.172025794711003,0.8629999999999999,-7.073,-0.8160000000000005,2354.829482960322,4499.2973,-3289.2320999999997,1390.878
1480,30427,9.515694444444446,7.24228396294981,0.7209999999999999,-7.156000000000001,-0.8500000000000005,2356.1492967856525,4501.5997,-3289.1394,1389.0977
1481,30428,9.515972222222222,7.209982593598961,0.6129999999999999,-7.136,-0.8280000000000005,2357.468968977061,4503.9011,-3289.0458999999996,1387.3171
1482,30429,9.516250000000001,7.261123466792174,0.42699999999999977,-7.177,-1.0160000000000005,2358.788531879168,4506.2015,-3288.9517,1385.5361
1483,30430,9.516527777777778,7.249679717063369,0.4199999999999998,-7.140000000000001,-1.1840000000000006,2360.107954329165,4508.5008,-3288.8568,1383.7549
1484,30431,9.516805555555555,7.305172824786558,0.5099999999999998,-7.171000000000001,-1.2970000000000006,2361.427289986566,4510.7991,-3288.7612,1381.9734
1485,30432,9.517083333333336,7.31057685822398,0.7089999999999999,-7.162999999999999,-1.2780000000000005,2362.7464568778714,4513.0964,-3288.6648,1380.1915000000001
1486,30433,9.51736111111111,7.355840264714834,0.8079999999999998,-7.191,-1.3210000000000004,2364.065478010286,4515.3927,-3288.5676,1378.4093
1487,30434,9.51763888888889,7.33268988843794,0.9999999999999998,-7.146000000000001,-1.3050000000000004,2365.384331366574,4517.6879,-3288.4697,1376.6268
1488,30435,9.517916666666668,7.345208846588367,1.084,-7.139,-1.3460000000000005,2366.703173042623,4519.9822,-3288.3711000000003,1374.844
1489,30436,9.518194444444443,7.3751089483478145,1.0879999999999996,-7.178,-1.2980000000000005,2368.021866943819,4522.2755,-3288.2717,1373.0609
1490,30437,9.518472222222224,7.450097717479953,1.0959999999999996,-7.266,-1.2280000000000004,2369.3403665710043,4524.5677000000005,-3288.1716,1371.2774
1491,30438,9.51875,7.464191315876088,1.1439999999999997,-7.2700000000000005,-1.2460000000000004,2370.6587737357345,4526.8589,-3288.0708,1369.4936
1492,30439,9.519027777777778,7.5038955882927905,1.1359999999999997,-7.343000000000001,-1.0480000000000005,2371.9770543485774,4529.1491000000005,-3287.9691999999995,1367.7096
1493,30440,9.519305555555556,7.561209493196177,1.2089999999999999,-7.4079999999999995,-0.9120000000000005,2373.295159829811,4531.4383,-3287.8668,1365.9252000000001
1494,30441,9.519583333333333,7.536998407854415,1.2449999999999997,-7.391999999999999,-0.7840000000000005,2374.6131704619193,4533.7265,-3287.7636999999995,1364.1405
1495,30442,9.519861111111112,7.493600002668945,1.3739999999999997,-7.321000000000001,-0.8180000000000005,2375.931030427216,4536.0136,-3287.6599,1362.3556
1496,30443,9.52013888888889,7.485469925128281,1.5079999999999998,-7.286,-0.8200000000000005,2377.2487703087813,4538.2997,-3287.5554,1360.5703
1497,30444,9.520416666666668,7.484288810568442,1.4609999999999999,-7.286999999999999,-0.8830000000000006,2378.5664915171496,4540.5849,-3287.4502,1358.7847
1498,30445,9.520694444444446,7.503597670451155,1.395,-7.303,-1.0120000000000007,2379.883978854333,4542.869000000001,-3287.3442000000005,1356.9987999999998
1499,30446,9.520972222222223,7.467036025090543,1.3889999999999998,-7.258999999999999,-1.0650000000000006,2381.201288700036,4545.152,-3287.2375,1355.2126
1500,30447,9.52125,7.498114096224463,1.289,-7.263,-1.3450000000000006,2382.518577542697,4547.4341,-3287.1301,1353.4261000000001
1501,30448,9.521527777777779,7.552219408889018,1.1229999999999998,-7.359999999999999,-1.2670000000000006,2383.835630104159,4549.715099999999,-3287.0218999999997,1351.6393
1502,30449,9.521805555555556,7.49537210550617,1.1849999999999998,-7.297,-1.2370000000000005,2385.1525812849313,4551.9951,-3286.9129999999996,1349.8522
1503,30450,9.522083333333335,7.562648940682095,1.1869999999999998,-7.349000000000001,-1.3330000000000006,2386.469430371694,4554.2741,-3286.8034,1348.0648
1504,30451,9.522361111111113,7.518119711736438,1.2499999999999998,-7.281999999999999,-1.3900000000000006,2387.786119748055,4556.5521,-3286.693,1346.2771
1505,30452,9.52263888888889,7.578054763592038,1.097,-7.343999999999999,-1.5130000000000006,2389.102784167103,4558.8292,-3286.5819,1344.4891000000002
1506,30453,9.522916666666669,7.629927194934432,0.883,-7.456,-1.3580000000000005,2390.419265373851,4561.1052,-3286.4701,1342.7008
1507,30454,9.523194444444446,7.519484224333476,0.9329999999999998,-7.373,-1.1450000000000005,2391.7355055435555,4563.3801,-3286.3574999999996,1340.9122
1508,30455,9.523472222222223,7.514414747669973,1.045,-7.351999999999999,-1.1500000000000006,2393.0517186119478,4565.6541,-3286.2442,1339.1233
1509,30456,9.52375,7.549472431898803,1.1429999999999998,-7.383000000000001,-1.0860000000000007,2394.367824910563,4567.927099999999,-3286.1302000000005,1337.3341
1510,30457,9.524027777777778,7.439121856778527,1.5219999999999998,-7.2170000000000005,-0.9690000000000005,2395.68371074909,4570.199,-3286.0153999999993,1335.5447
1511,30458,9.524305555555557,7.534922627339978,1.7689999999999997,-7.233,-1.1530000000000007,2396.9995443056055,4572.469999999999,-3285.8998999999994,1333.7549000000001
1512,30459,9.524583333333334,7.545884772510111,1.916,-7.188999999999998,-1.2600000000000005,2398.315189489712,4574.7399,-3285.7837,1331.9648
1513,30460,9.524861111111111,7.542881346010953,1.9329999999999994,-7.178999999999999,-1.2730000000000008,2399.6308038778493,4577.0089,-3285.6668000000004,1330.1743999999999
1514,30461,9.52513888888889,7.527723161753491,1.918,-7.155999999999999,-1.3340000000000005,2400.9462285238615,4579.2768,-3285.5492,1328.3836999999999
1515,30462,9.525416666666668,7.569916446038225,2.0309999999999997,-7.164999999999999,-1.3570000000000007,2402.2614057352994,4581.5436,-3285.4307999999996,1326.5927
1516,30463,9.525694444444445,7.455835030363803,2.162,-6.996,-1.4040000000000006,2403.576549893959,4583.8095,-3285.3116999999997,1324.8013999999998
1517,30464,9.525972222222222,7.514291583376306,2.107,-7.06,-1.4770000000000005,2404.8916036318087,4586.0743999999995,-3285.1919000000003,1323.0099
1518,30465,9.526250000000001,7.442977965841361,2.0839999999999996,-7.016,-1.3530000000000006,2406.206441719664,4588.3382,-3285.0714,1321.218
1519,30466,9.52652777777778,7.373311128658548,2.0709999999999997,-6.973999999999999,-1.2000000000000006,2407.521187832303,4590.601000000001,-3284.9502,1319.4259
1520,30467,9.526805555555557,7.377887299220557,1.9599999999999997,-7.025,-1.1140000000000005,2408.835818299111,4592.8629,-3284.8282,1317.6334000000002
1521,30468,9.527083333333334,7.241611146699332,2.1399999999999997,-6.8340000000000005,-1.0760000000000005,2410.150276333681,4595.1237,-3284.7055,1315.8407
1522,30469,9.52736111111111,7.228070489418321,2.219,-6.751,-1.3210000000000006,2411.464617126744,4597.3835,-3284.5821000000005,1314.0477
1523,30470,9.527638888888891,7.175916596505285,2.147,-6.712999999999999,-1.3490000000000006,2412.7787838802906,4599.6423,-3284.4579,1312.2544000000003
1524,30471,9.527916666666666,7.172588444906063,2.1109999999999998,-6.709999999999999,-1.4020000000000006,2414.092854528716,4601.9001,-3284.333,1310.4609
1525,30472,9.528194444444445,7.096342297268361,1.9919999999999995,-6.691,-1.2730000000000006,2415.406783409476,4604.1569,-3284.2074000000002,1308.667
1526,30473,9.528472222222224,7.192765045516224,1.9419999999999997,-6.813000000000001,-1.2440000000000004,2416.7205354522707,4606.4126,-3284.0811000000003,1306.8729
1527,30474,9.52875,7.2421016977117905,1.9849999999999999,-6.856,-1.2260000000000004,2418.034223431435,4608.6674,-3283.9541,1305.0783999999999
1528,30475,9.52902777777778,7.344405966448206,1.9629999999999999,-6.981,-1.1630000000000005,2419.347812436374,4610.9212,-3283.8263999999995,1303.2837
1529,30476,9.529305555555556,7.414069058216277,2.002,-6.9959999999999996,-1.4200000000000006,2420.6612223780535,4613.174,-3283.6979,1301.4887
1530,30477,9.529583333333333,7.51162865163075,2.033,-7.074,-1.5000000000000004,2421.9744301071632,4615.4257,-3283.5687,1299.6933999999999
1531,30478,9.529861111111112,7.622738681077818,1.8649999999999998,-7.228,-1.5440000000000005,2423.287536107251,4617.6764,-3283.4388,1297.8979000000002
1532,30479,9.530138888888889,7.568619094656569,1.8229999999999997,-7.235000000000001,-1.2710000000000004,2424.600517210425,4619.9261,-3283.3082000000004,1296.1021
1533,30480,9.530416666666667,7.573677772390373,1.7570000000000001,-7.275,-1.1610000000000007,2425.9133733195404,4622.1748,-3283.1769,1294.306
1534,30481,9.530694444444446,7.60114063808847,1.823,-7.297,-1.0990000000000006,2427.2260808465267,4624.422500000001,-3283.0449,1292.5095000000001
1535,30482,9.530972222222223,7.5791403206432335,1.8419999999999999,-7.290000000000001,-0.9520000000000005,2428.5387058404685,4626.6692,-3282.9122,1290.7129
1536,30483,9.531250000000002,7.533696104834598,2.0149999999999997,-7.196,-0.9560000000000004,2429.8511245334585,4628.9149,-3282.7787,1288.9159
1537,30484,9.531527777777779,7.484639804292523,2.09,-7.098000000000001,-1.1270000000000004,2431.163357360151,4631.1595,-3282.6445,1287.1187
1538,30485,9.531805555555556,7.406107074570283,2.023,-6.976999999999999,-1.4420000000000006,2432.475460956629,4633.4031,-3282.5096,1285.3211999999999
1539,30486,9.532083333333334,7.43965543556958,1.8079999999999998,-7.084999999999999,-1.3720000000000003,2433.787514216116,4635.6458,-3282.374,1283.5234
1540,30487,9.532361111111111,7.36607222337658,1.8099999999999998,-7.022,-1.2940000000000005,2435.099458861181,4637.8875,-3282.2377,1281.7254
1541,30488,9.53263888888889,7.2559516949880525,1.761,-6.904999999999999,-1.3670000000000004,2436.4112498931318,4640.1282,-3282.1007,1279.9270000000001
1542,30489,9.532916666666669,7.3351193582654135,1.568,-7.014,-1.4660000000000006,2437.7228523106974,4642.3679,-3281.9629,1278.1282999999999
1543,30490,9.533194444444446,7.224271520367987,1.6929999999999996,-6.8629999999999995,-1.4910000000000005,2439.0342642550468,4644.6065,-3281.8244,1276.3294
1544,30491,9.533472222222223,7.21184525624337,1.5859999999999999,-6.85,-1.6040000000000005,2440.345542559832,4646.8441,-3281.6852,1274.5302
1545,30492,9.53375,7.175381801688326,1.7079999999999997,-6.718000000000001,-1.8540000000000005,2441.656686071897,4649.0806999999995,-3281.5452999999993,1272.7306999999998
1546,30493,9.534027777777776,7.157117366649787,1.6439999999999997,-6.651999999999999,-2.0670000000000006,2442.9677163428087,4651.3163,-3281.4047,1270.931
1547,30494,9.534305555555555,7.130061079682277,1.4269999999999998,-6.681,-2.0410000000000004,2444.278588812277,4653.5509,-3281.2634,1269.1308999999999
1548,30495,9.534583333333334,7.115491269055145,1.5059999999999998,-6.688,-1.9060000000000006,2445.5894261161484,4655.7846,-3281.1214,1267.3306
1549,30496,9.53486111111111,7.083032895589289,1.6349999999999998,-6.611,-1.9470000000000005,2446.9000463127186,4658.0172,-3280.9786999999997,1265.53
1550,30497,9.53513888888889,7.133230754714164,1.5939999999999999,-6.624,-2.1130000000000004,2448.210528291492,4660.248799999999,-3280.8352999999997,1263.7291
1551,30498,9.535416666666666,7.112075435482951,1.652,-6.632000000000001,-1.9670000000000005,2449.520892924086,4662.479399999999,-3280.6911999999998,1261.9279999999999
1552,30499,9.535694444444443,7.047587814280855,1.823,-6.547,-1.8660000000000003,2450.831117938558,4664.709000000001,-3280.5464,1260.1266
1553,30500,9.535972222222222,7.171175705559026,1.8779999999999997,-6.6659999999999995,-1.8610000000000007,2452.141202551685,4666.937599999999,-3280.4008999999996,1258.3249
1554,30501,9.536249999999999,7.18391049498809,2.029,-6.665000000000001,-1.7520000000000007,2453.451167532194,4669.1652,-3280.2547,1256.523
1555,30502,9.536527777777778,7.259920798466055,2.0599999999999996,-6.7490000000000006,-1.7070000000000003,2454.760990362962,4671.3918,-3280.1078,1254.7208
1556,30503,9.536805555555556,7.245648763223346,2.109,-6.728,-1.6690000000000005,2456.0706706219094,4673.6174,-3279.9602,1252.9183
1557,30504,9.537083333333333,7.212180599513577,2.229,-6.642,-1.7120000000000004,2457.3801729478664,4675.842000000001,-3279.8118000000004,1251.1156
1558,30505,9.537361111111112,7.186122528874664,2.142,-6.633,-1.7480000000000004,2458.689451096746,4678.0655,-3279.6627,1249.3126
1559,30506,9.537638888888889,7.236273764859924,2.0359999999999996,-6.7090000000000005,-1.7910000000000004,2459.998584511145,4680.288,-3279.5129,1247.5093000000002
1560,30507,9.537916666666666,7.170280329247944,1.97,-6.715999999999999,-1.5580000000000005,2461.3077296531374,4682.5096,-3279.3625,1245.7058000000002
1561,30508,9.538194444444445,7.159506547241925,1.9969999999999999,-6.725,-1.4300000000000006,2462.6166723683004,4684.7302,-3279.2113,1243.902
1562,30509,9.538472222222222,7.150131886895515,2.081,-6.665000000000001,-1.5400000000000005,2463.925468224431,4686.9498,-3279.0593999999996,1242.0979000000002
1563,30510,9.53875,7.036960849685039,2.1519999999999997,-6.484999999999999,-1.6830000000000005,2465.2341934140954,4689.1684000000005,-3278.9069000000004,1240.2936
1564,30511,9.539027777777779,6.9918840093353944,2.0439999999999996,-6.441,-1.7950000000000006,2466.542714086572,4691.386,-3278.7536,1238.489
1565,30512,9.539305555555556,6.948215598266939,1.876,-6.42,-1.8820000000000008,2467.8510854129104,4693.6026,-3278.5996,1236.6841
1566,30513,9.539583333333333,6.941336254641465,1.7379999999999995,-6.513,-1.6560000000000006,2469.159327902843,4695.8182,-3278.4449,1234.879
1567,30514,9.539861111111112,7.02811738661215,1.8559999999999999,-6.603,-1.5330000000000006,2470.4674757160997,4698.032799999999,-3278.2896,1233.0736
1568,30515,9.540138888888889,7.080992656400655,2.03,-6.639,-1.3940000000000006,2471.7754720496105,4700.2464,-3278.1336,1231.2679
1569,30516,9.540416666666665,7.058400385356443,2.154,-6.587999999999999,-1.3340000000000005,2473.083281465439,4702.459,-3277.9767999999995,1229.462
1570,30517,9.540694444444444,7.0559941184782735,2.2279999999999998,-6.555,-1.3620000000000005,2474.3908575906726,4704.6705,-3277.8193,1227.6558
1571,30518,9.540972222222223,7.120818351846928,2.123,-6.6370000000000005,-1.4660000000000006,2475.6983360923105,4706.880999999999,-3277.6612,1225.8493
1572,30519,9.54125,7.077005157550756,1.9829999999999999,-6.633,-1.4680000000000004,2477.0056812938515,4709.0905,-3277.5024000000003,1224.0426
1573,30520,9.541527777777777,7.026796496270545,1.954,-6.6370000000000005,-1.2280000000000004,2478.31281541006,4711.299,-3277.3428,1222.2356000000002
1574,30521,9.541805555555555,7.057396474621503,2.0829999999999997,-6.65,-1.1160000000000005,2479.619870399153,4713.5065,-3277.1826,1220.4284000000002
1575,30522,9.542083333333334,7.105950253132933,2.348,-6.632,-0.9990000000000006,2480.926768904154,4715.713,-3277.0217,1218.6209
1576,30523,9.542361111111111,7.1659104794854915,2.575,-6.587999999999999,-1.1480000000000004,2482.2335101760846,4717.9185,-3276.8601000000003,1216.8131
1577,30524,9.542638888888888,7.13427557639877,2.596,-6.516,-1.3040000000000007,2483.540114198403,4720.123,-3276.6978000000004,1215.0050999999999
1578,30525,9.542916666666667,7.117688950776087,2.502,-6.516,-1.3940000000000006,2484.846580154251,4722.3265,-3276.5348000000004,1213.1969000000001
1579,30526,9.543194444444445,7.097089896570283,2.5089999999999995,-6.498,-1.3600000000000005,2486.153023112223,4724.5291,-3276.3712,1211.3884
1580,30527,9.543472222222222,7.0386421986062055,2.562,-6.4239999999999995,-1.3080000000000007,2487.4592501614234,4726.7307,-3276.2068,1209.5796
1581,30528,9.54375,7.0052569546020225,2.7,-6.3149999999999995,-1.3800000000000003,2488.7653369946297,4728.9313,-3276.0416999999998,1207.7706
1582,30529,9.544027777777778,7.059950495577146,2.6039999999999996,-6.401999999999999,-1.4410000000000005,2490.071282800933,4731.1309,-3275.8759,1205.9614
1583,30530,9.544305555555555,7.1329596942643665,2.46,-6.517,-1.5350000000000006,2491.377122086694,4733.3295,-3275.7095,1204.1519
1584,30531,9.544583333333332,7.146859520096923,2.4899999999999998,-6.549000000000001,-1.4100000000000006,2492.682742697355,4735.5271,-3275.5423,1202.3420999999998
1585,30532,9.54486111111111,7.104059262140202,2.592,-6.445,-1.4870000000000005,2493.988275731347,4737.7237000000005,-3275.3745000000004,1200.5321
1586,30533,9.54513888888889,7.068749323607394,2.429,-6.409999999999999,-1.7260000000000004,2495.2936445551045,4739.9193000000005,-3275.206,1198.7217999999998
1587,30534,9.545416666666666,7.083376454770705,2.1390000000000002,-6.526000000000001,-1.7350000000000005,2496.5988684594613,4742.1139,-3275.0368,1196.9113
1588,30535,9.545694444444445,7.042267035550413,2.134,-6.487,-1.7200000000000002,2497.903926501732,4744.307500000001,-3274.8669,1195.1005
1589,30536,9.545972222222222,7.068947658598131,2.0439999999999996,-6.514,-1.8330000000000006,2499.208757913412,4746.5,-3274.6963,1193.2895
1590,30537,9.546249999999999,7.156388684245708,1.9969999999999999,-6.627000000000001,-1.8190000000000004,2500.5135585378175,4748.6916,-3274.5251,1191.4782
1591,30538,9.546527777777778,7.113803131940046,2.125,-6.543000000000001,-1.8110000000000004,2501.8182112990535,4750.8822,-3274.3532,1189.6667
1592,30539,9.546805555555554,7.070527985942776,2.279,-6.437,-1.8340000000000007,2503.1226954010485,4753.0718,-3274.1806,1187.8549
1593,30540,9.547083333333333,7.027839141585413,2.1710000000000003,-6.428999999999999,-1.8290000000000006,2504.4269748039173,4755.260400000001,-3274.0072,1186.0429
1594,30541,9.547361111111112,6.979685236455867,1.954,-6.441,-1.8470000000000006,2505.7311398975753,4757.448,-3273.8332,1184.2306
1595,30542,9.547638888888889,6.984699635632158,1.7319999999999998,-6.5489999999999995,-1.7020000000000004,2507.0351341755068,4759.6346,-3273.6585,1182.4180000000001
1596,30543,9.547916666666667,6.994295818736866,1.829,-6.617,-1.3380000000000005,2508.3389971408365,4761.8202,-3273.4831,1180.6053
1597,30544,9.548194444444444,6.946870950291217,2.114,-6.494,-1.2720000000000007,2509.6426679572364,4764.0048,-3273.307,1178.7922
1598,30545,9.548472222222221,6.991102702721509,2.1519999999999997,-6.502,-1.4030000000000005,2510.9461859079556,4766.1884,-3273.1302000000005,1176.9789
1599,30546,9.54875,6.969155113785315,2.1109999999999998,-6.519,-1.2710000000000006,2512.2496667233813,4768.3711,-3272.9528,1175.1653000000001
1600,30547,9.549027777777777,6.932361863030521,2.1089999999999995,-6.484,-1.2520000000000004,2513.5528769764483,4770.5527,-3272.7745999999997,1173.3516
1601,30548,9.549305555555556,6.933488732232857,2.0759999999999996,-6.489,-1.2870000000000004,2514.855947847719,4772.7333,-3272.5958,1171.5375
1602,30549,9.549583333333334,6.980495254636307,2.069,-6.563,-1.1720000000000006,2516.1588629717,4774.9129,-3272.4163,1169.7232
1603,30550,9.549861111111111,6.958766413668445,2.385,-6.419,-1.2380000000000004,2517.4616768958685,4777.0914999999995,-3272.2362000000003,1167.9087000000002
1604,30551,9.55013888888889,6.9625780426505814,2.4959999999999996,-6.354,-1.3690000000000004,2518.764333696855,4779.2690999999995,-3272.0554,1166.094
1605,30552,9.550416666666667,6.9640337448923955,2.443,-6.3740000000000006,-1.3790000000000004,2520.066858143147,4781.4457999999995,-3271.8738000000003,1164.2791000000002
1606,30553,9.550694444444444,6.930142350630325,2.516,-6.291,-1.4560000000000006,2521.369239860488,4783.6215,-3271.6916,1162.4638
1607,30554,9.550972222222223,6.9902712393726185,2.536,-6.364,-1.3900000000000006,2522.6714818877213,4785.7962,-3271.5087,1160.6483999999998
1608,30555,9.55125,6.973117380340016,2.6109999999999998,-6.314,-1.3930000000000007,2523.9735994045664,4787.9699,-3271.3252,1158.8327000000002
1609,30556,9.551527777777778,6.969630549749391,2.77,-6.175,-1.6650000000000005,2525.2754199269893,4790.1425,-3271.1409,1157.0167999999999
1610,30557,9.551805555555557,6.950279059145755,2.675,-6.165,-1.7730000000000004,2526.5771955426894,4792.314199999999,-3270.956,1155.2006
1611,30558,9.552083333333334,6.9551058942333865,2.5349999999999997,-6.2829999999999995,-1.5720000000000005,2527.878808974614,4794.4849,-3270.7704,1153.3842
1612,30559,9.552361111111113,6.954040336379996,2.639,-6.266,-1.4600000000000004,2529.180239959346,4796.6546,-3270.5841,1151.5674999999999
1613,30560,9.55263888888889,7.012771563369222,2.711,-6.312,-1.4100000000000006,2530.4815428225875,4798.823299999999,-3270.3972,1149.7504999999999
1614,30561,9.552916666666667,7.202033809973402,2.841,-6.461,-1.4330000000000005,2531.782762423775,4800.9911,-3270.2095999999997,1147.9333000000001
1615,30562,9.553194444444445,7.2339674453234855,3.0419999999999994,-6.364,-1.6050000000000004,2533.0837910023856,4803.1578,-3270.0214,1146.1159
1616,30563,9.553472222222222,7.271936812156718,3.089,-6.37,-1.6620000000000004,2534.384653810704,4805.3234999999995,-3269.8325,1144.2983
1617,30564,9.55375,7.206348589958718,3.0839999999999996,-6.298,-1.6600000000000006,2535.685330614563,4807.4882,-3269.6429,1142.4804
1618,30565,9.55402777777778,7.21189149946115,3.075,-6.3549999999999995,-1.4730000000000005,2536.9859212502147,4809.652,-3269.4526,1140.6623000000002
1619,30566,9.554305555555556,7.284519270343102,3.019,-6.4319999999999995,-1.6060000000000005,2538.286398975603,4811.8148,-3269.2617,1138.844
1620,30567,9.554583333333335,7.345141659627811,3.004,-6.5329999999999995,-1.4990000000000006,2539.5866076739394,4813.9765,-3269.0701,1137.0254
1621,30568,9.554861111111112,7.390361493188274,3.075,-6.567,-1.4270000000000005,2540.886728207247,4816.1373,-3268.8778,1135.2066
1622,30569,9.555138888888889,7.370484990826587,3.1710000000000003,-6.478,-1.5180000000000007,2542.1867337359695,4818.2971,-3268.6849,1133.3876
1623,30570,9.555416666666668,7.419055061124698,3.2630000000000003,-6.435,-1.7280000000000004,2543.4865131288925,4820.455899999999,-3268.4912,1131.5684
1624,30571,9.555694444444445,7.318622343036973,3.1439999999999997,-6.3759999999999994,-1.7390000000000008,2544.7861571361746,4822.6137,-3268.2969000000003,1129.7489
1625,30572,9.555972222222223,7.313093052874414,3.02,-6.439,-1.7030000000000005,2546.0855735741457,4824.7705,-3268.1018000000004,1127.9292
1626,30573,9.556250000000002,7.265545127517961,2.943,-6.4159999999999995,-1.7210000000000008,2547.3849534117703,4826.9264,-3267.9060999999997,1126.1092999999998
1627,30574,9.556527777777777,7.3056250245957735,2.803,-6.508,-1.7780000000000005,2548.684195726885,4829.0813,-3267.7097999999996,1124.2891000000002
1628,30575,9.556805555555556,7.21239287615421,2.779,-6.427,-1.7290000000000003,2549.9831822187853,4831.2351,-3267.5128,1122.4687
1629,30576,9.557083333333335,7.254396322231091,2.8449999999999998,-6.528999999999999,-1.3800000000000003,2551.2820560999808,4833.388,-3267.3151,1120.648
1630,30577,9.557361111111112,7.207534252433353,3.207,-6.290000000000001,-1.4490000000000005,2552.5807729672565,4835.539900000001,-3267.1167,1118.8272
1631,30578,9.55763888888889,7.262679946135586,3.3299999999999996,-6.228,-1.6940000000000004,2553.8792947655757,4837.6908,-3266.9175999999998,1117.0061
1632,30579,9.557916666666667,7.259484416954141,3.317,-6.235,-1.6800000000000008,2555.177694127134,4839.8407,-3266.7178999999996,1115.1848
1633,30580,9.558194444444444,7.193792393445895,3.178,-6.282000000000001,-1.4790000000000005,2556.475970283748,4841.9896,-3266.5176,1113.3633
1634,30581,9.558472222222223,7.0783406247509735,3.2589999999999995,-6.140000000000001,-1.3350000000000006,2557.774013141438,4844.1375,-3266.3165,1111.5416
1635,30582,9.55875,7.124444329209121,3.1689999999999996,-6.255,-1.2610000000000006,2559.0720491820016,4846.2845,-3266.1149,1109.7196
1636,30583,9.559027777777779,7.191781490006493,3.164,-6.348000000000001,-1.1890000000000005,2560.369823620659,4848.430399999999,-3265.9126,1107.8974
1637,30584,9.559305555555557,7.154229588152731,3.303,-6.273999999999999,-0.9540000000000006,2561.66749902936,4850.5754,-3265.7096,1106.075
1638,30585,9.559583333333334,7.198909917480562,3.508,-6.212,-0.9640000000000006,2562.9649927605687,4852.7194,-3265.5058999999997,1104.2523999999999
1639,30586,9.559861111111113,7.11553427368599,3.686,-6.006,-0.9860000000000007,2564.2623046141844,4854.8624,-3265.3015,1102.4296
1640,30587,9.56013888888889,7.189522167710453,3.4929999999999994,-6.188000000000001,-1.0940000000000005,2565.55945144091,4857.0044,-3265.0965,1100.6064000000001
1641,30588,9.560416666666667,7.14168068454478,3.461,-6.151,-1.0910000000000006,2566.856488217446,4859.145399999999,-3264.8909,1098.7831
1642,30589,9.560694444444445,7.3011218316091675,3.122,-6.51,-1.0860000000000007,2568.153422129403,4861.2855,-3264.6846,1096.9596000000001
1643,30590,9.560972222222222,7.330126533696399,3.0309999999999997,-6.584999999999999,-1.0870000000000004,2569.450152570062,4863.4246,-3264.4776,1095.1358
1644,30591,9.561250000000001,7.404147081197131,3.0279999999999996,-6.661,-1.1330000000000005,2570.7467524535614,4865.5627,-3264.27,1093.3118
1645,30592,9.56152777777778,7.378015519094548,3.1559999999999997,-6.5840000000000005,-1.0610000000000004,2572.0431478837772,4867.6998,-3264.0617,1091.4875
1646,30593,9.561805555555555,7.337386183103625,3.0959999999999996,-6.581999999999999,-0.9640000000000006,2573.339356147883,4869.8359,-3263.8527000000004,1089.663
1647,30594,9.562083333333334,7.400518225097483,3.0949999999999998,-6.641,-1.0420000000000005,2574.6353770540254,4871.9710000000005,-3263.643,1087.8383
1648,30595,9.562361111111112,7.520674038940925,2.944,-6.839,-1.0590000000000006,2575.9313277324577,4874.1052,-3263.4327000000003,1086.0133
1649,30596,9.562638888888888,7.516798653682297,2.901,-6.875,-0.9060000000000004,2577.2270624734565,4876.2383,-3263.2218000000003,1084.1880999999998
1650,30597,9.562916666666666,7.4893031718578476,3.041,-6.790000000000001,-0.8590000000000005,2578.522762133155,4878.3705,-3263.0103,1082.3628
1651,30598,9.563194444444445,7.515994544968749,2.943,-6.87,-0.7950000000000006,2579.8182532917554,4880.5017,-3262.7981,1080.5372
1652,30599,9.563472222222222,7.412668952543341,3.226,-6.616,-0.8770000000000007,2581.1134713601987,4882.6318,-3262.5852,1078.7114
1653,30600,9.56375,7.3985324220415505,3.3549999999999995,-6.524000000000001,-0.9590000000000005,2582.4085795105466,4884.761,-3262.3716,1076.8854
1654,30601,9.564027777777778,7.416557557249859,3.3669999999999995,-6.539,-0.9540000000000006,2583.7035498987593,4886.8892,-3262.1574,1075.0592000000001
1655,30602,9.564305555555556,7.370923212189908,3.478,-6.404999999999999,-1.1000000000000005,2584.998327448473,4889.0164,-3261.9425,1073.2328
1656,30603,9.564583333333335,7.342784621654103,3.7009999999999996,-6.214,-1.2670000000000006,2586.293047372447,4891.142699999999,-3261.727,1071.4062
1657,30604,9.564861111111112,7.26157427835039,3.6839999999999997,-6.1259999999999994,-1.2770000000000006,2587.587627546617,4893.268,-3261.5109,1069.5794
1658,30605,9.56513888888889,7.196655959541209,3.7319999999999993,-5.988,-1.4170000000000005,2588.8820126001565,4895.3923,-3261.2941,1067.7523999999999
1659,30606,9.565416666666668,7.164466065241707,3.617,-5.968999999999999,-1.6180000000000008,2590.1762016530383,4897.5156,-3261.0766,1065.9252000000001
1660,30607,9.565694444444444,7.105476549817049,3.4479999999999995,-5.993,-1.6380000000000006,2591.4701763914427,4899.6379,-3260.8584,1064.0976999999998
1661,30608,9.565972222222223,7.09044526105378,3.3369999999999997,-6.059,-1.5580000000000005,2592.7640085666426,4901.7591999999995,-3260.6396,1062.27
1662,30609,9.56625,7.03700227369581,3.311,-6.026,-1.4980000000000007,2594.057724543756,4903.879599999999,-3260.4201,1060.4420999999998
1663,30610,9.566527777777779,7.030706792350254,3.2739999999999996,-6.089,-1.2790000000000006,2595.3512790005816,4905.999000000001,-3260.2,1058.6138999999998
1664,30611,9.566805555555556,7.0130969621131,3.407,-6.018,-1.1660000000000006,2596.644634235051,4908.1174,-3259.9792,1056.7855
1665,30612,9.567083333333333,7.014623439643784,3.3329999999999997,-6.087,-1.0220000000000007,2597.9378617354864,4910.2348,-3259.7578000000003,1054.9569999999999
1666,30613,9.567361111111111,7.050090141267699,3.255,-6.175,-0.9890000000000005,2599.2308709916842,4912.3512,-3259.5357,1053.1281999999999
1667,30614,9.567638888888888,7.126538079600782,3.1799999999999997,-6.293,-1.0360000000000007,2600.5237334635626,4914.466600000001,-3259.313,1051.2992
1668,30615,9.567916666666665,7.182255564932231,3.131,-6.4030000000000005,-0.8850000000000005,2601.8163941028365,4916.581,-3259.0896000000002,1049.47
1669,30616,9.568194444444444,7.243461603404826,3.1559999999999997,-6.462000000000001,-0.8660000000000005,2603.1089885152005,4918.6945,-3258.8656,1047.6406
1670,30617,9.568472222222221,7.23533178230273,3.195,-6.4239999999999995,-0.9350000000000005,2604.4015163814715,4920.8071,-3258.641,1045.8110000000001
1671,30618,9.56875,7.161272233339548,3.2979999999999996,-6.27,-1.0460000000000007,2605.6938403907493,4922.9187,-3258.4157,1043.9812
1672,30619,9.569027777777778,7.170813342989762,3.2919999999999994,-6.28,-1.0700000000000005,2606.9859967103807,4925.0293,-3258.1898,1042.1511
1673,30620,9.569305555555555,7.135014856326509,3.1599999999999997,-6.311,-1.0460000000000007,2608.2779653574207,4927.1389,-3257.9632,1040.3209000000002
1674,30621,9.569583333333332,7.114818971695625,3.03,-6.35,-1.0570000000000006,2609.5697823162436,4929.2475,-3257.736,1038.4904999999999
1675,30622,9.569861111111113,7.258311856072319,2.867,-6.590999999999999,-1.0110000000000006,2610.8613753788536,4931.3551,-3257.5081,1036.6598000000001
1676,30623,9.570138888888888,7.213511003665274,2.9349999999999996,-6.519999999999999,-0.9540000000000006,2612.152914936951,4933.4618,-3257.2796000000003,1034.8290000000002
1677,30624,9.570416666666667,7.186172346945208,3.082,-6.43,-0.8930000000000005,2613.444246553411,4935.567499999999,-3257.0504,1032.998
1678,30625,9.570694444444445,7.13169755387874,3.067,-6.390000000000001,-0.7890000000000006,2614.7354068585573,4937.6722,-3256.8206,1031.1667
1679,30626,9.57097222222222,7.10310931916439,3.2359999999999998,-6.275,-0.7790000000000006,2616.0264943772177,4939.776,-3256.5901999999996,1029.3352
1680,30627,9.57125,7.153733710447992,3.261,-6.332,-0.6690000000000006,2617.3173069117584,4941.878699999999,-3256.3591,1027.5036
1681,30628,9.571527777777778,7.20708352941743,3.3669999999999995,-6.3420000000000005,-0.6200000000000004,2618.6079089614404,4943.9803999999995,-3256.1273,1025.6718
1682,30629,9.571805555555555,7.184933263433975,3.435,-6.279999999999999,-0.6210000000000007,2619.8983539651226,4946.0811,-3255.8949000000002,1023.8398000000001
1683,30630,9.572083333333333,7.191470572838354,3.406999999999999,-6.284000000000001,-0.7880000000000005,2621.1887236222524,4948.1809,-3255.6619,1022.0075999999999
1684,30631,9.57236111111111,7.149539425725268,3.4529999999999994,-6.207000000000001,-0.8160000000000005,2622.4788637998167,4950.2797,-3255.4282,1020.1751
1685,30632,9.572638888888887,7.0246703837262,3.4769999999999994,-6.071,-0.6320000000000006,2623.7689443013937,4952.3776,-3255.1939,1018.3425
1686,30633,9.572916666666666,7.066667106918225,3.3619999999999997,-6.188000000000001,-0.5860000000000005,2625.0587116246743,4954.4744,-3254.9589,1016.5096
1687,30634,9.573194444444445,7.053767503965522,3.3679999999999994,-6.164,-0.6460000000000006,2626.3484009917256,4956.5703,-3254.7233,1014.6764999999999
1688,30635,9.573472222222222,7.076048473547931,3.3909999999999996,-6.17,-0.7090000000000005,2627.6379462763457,4958.6652,-3254.4871,1012.8433000000001
1689,30636,9.573749999999999,7.1538748241774535,3.2699999999999996,-6.321,-0.7280000000000005,2628.9272591001086,4960.7591,-3254.2502,1011.0098
1690,30637,9.574027777777777,7.170741314536454,3.3449999999999998,-6.305,-0.6910000000000005,2630.216491816221,4962.8521,-3254.0127,1009.1761
1691,30638,9.574305555555556,7.186941630485111,3.308,-6.345,-0.6710000000000005,2631.505561571569,4964.9441,-3253.7745999999997,1007.3422
1692,30639,9.574583333333333,7.2260247716154415,3.283,-6.396,-0.7270000000000005,2632.7944961205744,4967.0352,-3253.5358,1005.5081
1693,30640,9.57486111111111,7.262951879229271,3.4549999999999996,-6.334,-0.8330000000000005,2634.083183808067,4969.1252,-3253.2964,1003.6738000000001
1694,30641,9.57513888888889,7.335334893513724,3.3559999999999994,-6.439,-1.0410000000000006,2635.371805734291,4971.2143,-3253.0564000000004,1001.8394000000001
1695,30642,9.575416666666666,7.39310719521907,3.3629999999999995,-6.447999999999999,-1.3310000000000006,2636.6601914580197,4973.3024000000005,-3252.8157,1000.0047000000001
1696,30643,9.575694444444444,7.380556957303424,3.312,-6.450999999999999,-1.3740000000000006,2637.9485098935793,4975.3896,-3252.5744,998.1699000000001
1697,30644,9.575972222222223,7.3868111523173505,3.1649999999999996,-6.526999999999999,-1.3950000000000005,2639.2365248099877,4977.4757,-3252.3324000000002,996.3349000000001
1698,30645,9.576249999999998,7.394219972383834,3.1159999999999997,-6.552,-1.4270000000000005,2640.524438186068,4979.5608999999995,-3252.0898,994.4995999999999
1699,30646,9.576527777777779,7.304894865773225,3.049,-6.5120000000000005,-1.2880000000000007,2641.8121460451616,4981.6451,-3251.8465,992.6641999999999
1700,30647,9.576805555555556,7.262762146731779,3.045,-6.445,-1.3920000000000006,2643.0996847347096,4983.7283,-3251.6025999999997,990.8286
1701,30648,9.577083333333333,7.226844747190851,2.953,-6.44,-1.4260000000000006,2644.38708263813,4985.8106,-3251.358,988.9928
1702,30649,9.577361111111111,7.1970883696117,2.8099999999999996,-6.491,-1.3300000000000005,2645.67431038898,4987.8919,-3251.1128,987.1568000000001
1703,30650,9.577638888888888,7.159014876363926,2.649,-6.522,-1.3030000000000004,2646.9613669877317,4989.972199999999,-3250.8669999999997,985.3206
1704,30651,9.577916666666665,7.159072425950166,2.433,-6.63,-1.1730000000000005,2648.248251928773,4992.0515,-3250.6205999999997,983.4842000000001
1705,30652,9.578194444444444,7.0476779864009105,2.588,-6.489,-0.9300000000000006,2649.5349648780384,4994.1298,-3250.3736,981.6475999999999
1706,30653,9.57847222222222,7.059604025722689,2.747,-6.38,-1.2600000000000005,2650.82145093226,4996.2071,-3250.1259,979.8108
1707,30654,9.57875,7.074431779302136,2.8019999999999996,-6.340999999999999,-1.4100000000000006,2652.1078461511524,4998.2835,-3249.8776000000003,977.9738
1708,30655,9.579027777777778,7.090349638769586,2.9199999999999995,-6.307,-1.4030000000000005,2653.3941125447554,5000.3589999999995,-3249.6286,976.1367
1709,30656,9.579305555555555,7.033998436167015,3.2769999999999997,-6.031000000000001,-1.5380000000000005,2654.6802578329634,5002.4335,-3249.3791,974.2994000000001
1710,30657,9.579583333333334,6.882968908835779,3.4769999999999994,-5.744,-1.5140000000000007,2655.9661577232823,5004.507,-3249.1289,972.4617999999998
1711,30658,9.57986111111111,6.868694344633484,3.6839999999999997,-5.509,-1.8050000000000004,2657.2518976022607,5006.5795,-3248.8781,970.6241
1712,30659,9.580138888888888,6.953987848709544,3.6169999999999995,-5.553,-2.1070000000000007,2658.5374607162835,5008.651,-3248.6267,968.7861999999999
1713,30660,9.580416666666668,6.979688961551224,3.6309999999999993,-5.621,-1.9840000000000004,2659.822875358154,5010.721599999999,-3248.3746,966.9481
1714,30661,9.580694444444443,7.0130022814768855,3.9659999999999997,-5.442,-1.9590000000000003,2661.1081410971083,5012.7913,-3248.1218,965.1098
1715,30662,9.580972222222222,7.04864674955413,3.914,-5.547,-1.8960000000000004,2662.3932440979534,5014.86,-3247.8684,963.2714
1716,30663,9.58125,6.938638266980057,4.106,-5.404000000000001,-1.4430000000000007,2663.6781518339035,5016.9277,-3247.6144,961.4327
1717,30664,9.581527777777776,6.9730299009827865,4.179,-5.343000000000001,-1.6160000000000008,2664.9629625657058,5018.9945,-3247.3597999999997,959.5938
1718,30665,9.581805555555556,6.892041497263347,3.9939999999999998,-5.41,-1.5100000000000007,2666.2475255227314,5021.060200000001,-3247.1045999999997,957.7548
1719,30666,9.582083333333333,6.930114284771933,3.8299999999999996,-5.572,-1.5200000000000007,2667.531853467969,5023.1249,-3246.8487,955.9155999999999
1720,30667,9.58236111111111,7.059576828677481,3.522,-5.929,-1.5100000000000005,2668.816082655605,5025.188700000001,-3246.5922,954.0762000000001
1721,30668,9.582638888888889,7.065119744208162,3.372,-6.138,-0.9330000000000005,2670.100129091329,5027.2515,-3246.3351000000002,952.2366
1722,30669,9.582916666666666,7.044121378852014,3.65,-5.989,-0.6550000000000005,2671.384021870756,5029.3134,-3246.0773,950.3968000000001
1723,30670,9.583194444444445,7.020247431536869,3.8589999999999995,-5.828,-0.6530000000000006,2672.6677463053593,5031.3743,-3245.8188999999998,948.5568999999999
1724,30671,9.583472222222223,7.066117109134266,3.849,-5.877,-0.7590000000000006,2673.9512863808673,5033.434200000001,-3245.5598999999997,946.7167999999999
1725,30672,9.58375,7.041583770715222,3.7589999999999995,-5.861,-1.0500000000000005,2675.2346411293765,5035.493100000001,-3245.3003,944.8765000000001
1726,30673,9.584027777777779,7.118415694520797,3.401,-6.1209999999999996,-1.2800000000000005,2676.5178933598095,5037.5511,-3245.0401,943.0360000000001
1727,30674,9.584305555555556,7.077131834295586,3.289,-6.1850000000000005,-1.0070000000000006,2677.8009212835004,5039.6081,-3244.7792,941.1954
1728,30675,9.584583333333333,6.98950105515408,3.4549999999999996,-5.992,-1.0060000000000007,2679.0837464590113,5041.6641,-3244.5177,939.3545
1729,30676,9.584861111111113,6.96670409878301,3.258,-6.111,-0.7590000000000005,2680.366467108903,5043.7192000000005,-3244.2556,937.5134
1730,30677,9.585138888888888,6.882336667150191,3.351,-5.954,-0.8290000000000004,2681.6490150437417,5045.7733,-3243.9929,935.6722
1731,30678,9.585416666666667,6.901418042692385,3.3449999999999998,-5.911,-1.2250000000000005,2682.9314570299857,5047.8265,-3243.7296,933.8308
1732,30679,9.585694444444446,6.896526662023428,3.2199999999999998,-5.932,-1.4160000000000004,2684.2137249368634,5049.878699999999,-3243.4656999999997,931.9893
1733,30680,9.585972222222223,6.949874027635321,3.093,-6.05,-1.4600000000000006,2685.495787084751,5051.9299,-3243.2012,930.1475
1734,30681,9.586250000000001,6.980080300397697,3.0439999999999996,-6.127000000000001,-1.3840000000000006,2686.7776736552864,5053.9801,-3242.9361,928.3056
1735,30682,9.586527777777778,7.030879959151628,3.0919999999999996,-6.2,-1.1970000000000005,2688.0593985144596,5056.029399999999,-3242.6703,926.4634999999998
1736,30683,9.586805555555555,7.044358451981274,3.033,-6.299,-0.8640000000000005,2689.3409466367407,5058.0777,-3242.4039,924.6213
1737,30684,9.587083333333334,6.982823068072111,3.311,-6.131,-0.4560000000000005,2690.622286934155,5060.125,-3242.1369,922.7788
1738,30685,9.587361111111111,6.996375132881312,3.4,-6.111,-0.21200000000000055,2691.903478920049,5062.1714,-3241.8692,920.9361999999999
1739,30686,9.58763888888889,6.908439838342663,3.768,-5.766,-0.5310000000000006,2693.1844770554203,5064.2168,-3241.6009,919.0934000000001
1740,30687,9.587916666666668,6.942888879998009,3.751,-5.827,-0.42400000000000054,2694.465378824974,5066.2613,-3241.332,917.2505000000001
1741,30688,9.588194444444445,6.9691535354015555,3.7889999999999993,-5.846,-0.19200000000000056,2695.746032121904,5068.3048,-3241.0624,915.4074
1742,30689,9.588472222222224,7.0104815811754335,3.7600000000000002,-5.914,-0.18400000000000055,2697.026542700516,5070.347299999999,-3240.7923,913.5640999999999
1743,30690,9.588750000000001,6.9694462477301595,3.7700000000000005,-5.859,-0.18000000000000055,2698.3068869953686,5072.3889,-3240.5215,911.7206
1744,30691,9.589027777777778,6.886466510482716,3.964,-5.63,-0.11500000000000055,2699.5870340064657,5074.4295,-3240.2501,909.8769
1745,30692,9.589305555555557,6.810298818700983,4.136,-5.393000000000001,-0.4350000000000005,2700.867066868974,5076.4692,-3239.9781,908.033
1746,30693,9.589583333333334,6.8162089903405985,4.245,-5.3020000000000005,-0.5740000000000005,2702.146901396043,5078.5079,-3239.7055,906.1888999999999
1747,30694,9.58986111111111,6.8619674292436,4.209,-5.354000000000001,-0.8400000000000005,2703.4265519931764,5080.5455999999995,-3239.4323,904.3447
1748,30695,9.590138888888891,6.900281153692219,4.122,-5.410000000000001,-1.1640000000000006,2704.7060864526784,5082.5824,-3239.1585,902.5003
1749,30696,9.590416666666666,6.937308483842996,4.037,-5.548,-1.0240000000000005,2705.9854355033094,5084.6182,-3238.8841,900.6558000000001
1750,30697,9.590694444444445,6.982525760783129,4.067,-5.579000000000001,-1.0440000000000005,2707.2645304876078,5086.653,-3238.609,898.8111000000001
1751,30698,9.590972222222224,7.04048613378366,4.1499999999999995,-5.5329999999999995,-1.3160000000000005,2708.5434772202248,5088.6868,-3238.3334,896.9662000000001
1752,30699,9.591249999999999,7.017018740177341,4.338,-5.362,-1.2920000000000007,2709.8222522399287,5090.7197,-3238.0571,895.1211
1753,30700,9.591527777777777,6.971641270174477,4.393,-5.2379999999999995,-1.3670000000000004,2711.100922981147,5092.7517,-3237.7802,893.2759
1754,30701,9.591805555555556,7.007109175687218,4.173,-5.4030000000000005,-1.5790000000000006,2712.379390280957,5094.7827,-3237.5027,891.4305
1755,30702,9.592083333333335,6.977482998904404,4.0249999999999995,-5.512,-1.4500000000000006,2713.6576684452016,5096.8127,-3237.2246,889.585
1756,30703,9.592361111111112,6.9419026930662175,4.034999999999999,-5.452,-1.4780000000000006,2714.935825687416,5098.8418,-3236.9458999999997,887.7393
1757,30704,9.59263888888889,6.878726699033768,3.7939999999999996,-5.538,-1.5010000000000008,2716.2137921766416,5100.8699,-3236.6666,885.8934999999999
1758,30705,9.592916666666667,6.875837185390591,3.836,-5.4959999999999996,-1.5350000000000006,2717.4915530696408,5102.897,-3236.3867,884.0475
1759,30706,9.593194444444444,6.834053336051746,3.7980000000000005,-5.484,-1.4850000000000005,2718.7691910904923,5104.9232,-3236.1062,882.2013000000001
1760,30707,9.593472222222223,6.780401168072579,3.9,-5.351999999999999,-1.4560000000000006,2720.0466221621164,5106.948399999999,-3235.8251,880.3549
1761,30708,9.59375,6.726551939887181,3.8569999999999993,-5.343999999999999,-1.3460000000000008,2721.323890724561,5108.9727,-3235.5433,878.5083999999999
1762,30709,9.594027777777779,6.678253888555002,3.843,-5.305,-1.2990000000000006,2722.6009513042163,5110.996,-3235.2608999999998,876.6617
1763,30710,9.594305555555556,6.705718007790068,3.8309999999999995,-5.357,-1.2620000000000007,2723.8778703055455,5113.0183,-3234.978,874.8149000000001
1764,30711,9.594583333333333,6.687101988156005,3.814,-5.361,-1.1960000000000006,2725.154610651889,5115.0397,-3234.6944,872.9679
1765,30712,9.594861111111111,6.668638691667138,3.7849999999999993,-5.359,-1.1940000000000006,2726.431141039126,5117.060100000001,-3234.4102,871.1207
1766,30713,9.59513888888889,6.667300128237816,3.8069999999999995,-5.331,-1.2410000000000005,2727.7074223063373,5119.0795,-3234.1253,869.2734
1767,30714,9.595416666666667,6.694228409607787,3.95,-5.255,-1.2630000000000006,2728.9836286410346,5121.098,-3233.8399,867.4259
1768,30715,9.595694444444444,6.698722564788005,3.9879999999999995,-5.254,-1.1680000000000006,2730.259707166673,5123.1156,-3233.5539,865.5781999999999
1769,30716,9.595972222222224,6.753208570746205,3.9849999999999994,-5.324,-1.1750000000000005,2731.5355733630295,5125.1322,-3233.2673,863.7302999999999
1770,30717,9.596250000000001,6.81306076591131,3.976,-5.386,-1.2650000000000006,2732.8112405653865,5127.147800000001,-3232.9800999999998,861.8823
1771,30718,9.596527777777778,6.808823246347345,4.012,-5.351,-1.2770000000000006,2734.086778049704,5129.1625,-3232.6923,860.0341000000001
1772,30719,9.596805555555555,6.82675244900531,4.0169999999999995,-5.386,-1.2080000000000006,2735.362115446898,5131.1762,-3232.4039000000002,858.1858
1773,30720,9.597083333333334,6.800099778679722,4.138999999999999,-5.25,-1.2440000000000007,2736.637237783224,5133.1889,-3232.1149,856.3372999999999
1774,30721,9.597361111111113,6.779764155190061,4.18,-5.201,-1.2010000000000005,2737.9122288339927,5135.200699999999,-3231.8253,854.4886
1775,30722,9.59763888888889,6.775434524810937,4.220000000000001,-5.152,-1.2470000000000006,2739.18701775737,5137.211499999999,-3231.5351,852.6397999999999
1776,30723,9.597916666666666,6.735481126096339,4.164,-5.163,-1.1710000000000007,2740.4617267186286,5139.2214,-3231.2444,850.7908
1777,30724,9.598194444444445,6.7133504302993146,4.090999999999999,-5.192,-1.1730000000000007,2741.7362495656575,5141.2304,-3230.9530000000004,848.9415999999999
1778,30725,9.598472222222224,6.723956052801059,4.034,-5.25,-1.1730000000000005,2743.010484817537,5143.238299999999,-3230.661,847.0923
1779,30726,9.59875,6.734146419554597,3.9799999999999995,-5.3020000000000005,-1.1820000000000006,2744.284599389112,5145.2453,-3230.3684000000003,845.2429
1780,30727,9.599027777777778,6.704238137178601,4.0280000000000005,-5.228,-1.1790000000000007,2745.558578734282,5147.251399999999,-3230.0752,843.3933000000001
1781,30728,9.599305555555556,6.729061152939539,4.061999999999999,-5.232,-1.1860000000000006,2746.8323388029494,5149.2565,-3229.7814,841.5435
1782,30729,9.599583333333333,6.743780245529951,4.021999999999999,-5.2780000000000005,-1.2020000000000006,2748.1058922386414,5151.2606,-3229.487,839.6936
1783,30730,9.59986111111111,6.831033377169225,3.899,-5.4799999999999995,-1.1960000000000008,2749.3792562216922,5153.2638,-3229.1919000000003,837.8435000000002
1784,30731,9.600138888888889,6.802093868802459,3.947,-5.414,-1.1740000000000006,2750.6524653463107,5155.266,-3228.8963,835.9932999999999
1785,30732,9.600416666666668,6.827087592817306,4.0089999999999995,-5.38,-1.2620000000000007,2751.9255364093456,5157.2672999999995,-3228.6001000000006,834.1429
1786,30733,9.600694444444445,6.872859157585,4.0920000000000005,-5.348,-1.3750000000000007,2753.198398533161,5159.2676,-3228.3033000000005,832.2924
1787,30734,9.600972222222222,6.885562649486242,4.148999999999999,-5.296,-1.4660000000000006,2754.471051078064,5161.2669000000005,-3228.0059,830.4418
1788,30735,9.601249999999999,6.91534655675332,4.143,-5.263,-1.7200000000000006,2755.7435640072827,5163.265300000001,-3227.7079000000003,828.591
1789,30736,9.601527777777777,6.948456879048757,4.092999999999999,-5.298,-1.8600000000000008,2757.01593677351,5165.2628,-3227.4093000000003,826.7400000000001
1790,30737,9.601805555555554,6.8968608076428515,3.968,-5.327,-1.856000000000001,2758.288084718027,5167.2593,-3227.1101000000003,824.8888000000001
1791,30738,9.602083333333333,6.8519305308796,3.8619999999999997,-5.372,-1.7820000000000007,2759.560020837489,5169.2548,-3226.8103,823.0375
1792,30739,9.602361111111112,6.818910030202774,3.7670000000000003,-5.433999999999999,-1.667000000000001,2760.8318148058092,5171.249400000001,-3226.5099,821.186
1793,30740,9.602638888888889,6.716694201763246,3.776,-5.349,-1.4980000000000007,2762.103532110945,5173.2431,-3226.209,819.3344000000001
1794,30741,9.602916666666667,6.716700454836437,3.775,-5.372,-1.4160000000000006,2763.3749830673964,5175.2358,-3225.9074,817.4827
1795,30742,9.603194444444444,6.714389324428545,3.72,-5.468,-1.1600000000000006,2764.6463428492984,5177.2276,-3225.6053,815.6308000000001
1796,30743,9.603472222222221,6.772854863349723,3.8169999999999993,-5.455,-1.2430000000000005,2765.9174218722246,5179.2184,-3225.3025,813.7787000000001
1797,30744,9.60375,6.7888673576672565,3.9199999999999995,-5.3919999999999995,-1.2840000000000007,2767.188369179748,5181.2083,-3224.9991,811.9265
1798,30745,9.604027777777777,6.759170215344485,3.973,-5.318,-1.2730000000000008,2768.4591525608416,5183.1972,-3224.6952,810.0742
1799,30746,9.604305555555555,6.708376927394584,3.9489999999999994,-5.274,-1.2620000000000007,2769.729706095716,5185.1851,-3224.3907,808.2217
1800,30747,9.604583333333334,6.752676950661863,3.851,-5.418,-1.1890000000000005,2771.0001262855358,5187.1721,-3224.0856,806.3691000000001
1801,30748,9.604861111111111,6.834596184120903,3.714,-5.622,-1.1450000000000007,2772.2703282546727,5189.1581,-3223.7799,804.5164000000001
1802,30749,9.60513888888889,6.813516419588346,3.714,-5.617,-1.0390000000000006,2773.5404348765087,5191.1432,-3223.4737,802.6635
1803,30750,9.605416666666667,6.870768443194692,3.6949999999999994,-5.703,-1.0150000000000006,2774.8102568395743,5193.1273,-3223.1668,800.8104000000001
1804,30751,9.605694444444444,6.903430596449855,3.8289999999999997,-5.648000000000001,-1.0470000000000006,2776.0799823584593,5195.110500000001,-3222.8594000000003,798.9571
1805,30752,9.605972222222222,6.927300051246517,4.0569999999999995,-5.506,-1.1010000000000004,2777.3494351053664,5197.092699999999,-3222.5513,797.1036999999999
1806,30753,9.60625,6.91370877315497,4.017,-5.514,-1.1220000000000006,2778.618803198443,5199.0740000000005,-3222.2427,795.2502000000001
1807,30754,9.606527777777776,6.944578748923508,3.907,-5.63,-1.1250000000000004,2779.887936445145,5201.0543,-3221.9335,793.3965000000001
1808,30755,9.606805555555557,6.988231321300118,3.7880000000000003,-5.767999999999999,-1.1030000000000006,2781.1569313832465,5203.0337,-3221.6237,791.5427
1809,30756,9.607083333333332,7.003961593269911,3.751,-5.808999999999999,-1.1140000000000008,2782.4256513804285,5205.0121,-3221.3132,789.6888
1810,30757,9.60736111111111,6.991502985767795,3.7729999999999997,-5.769,-1.1680000000000006,2783.6941871257413,5206.989500000001,-3221.0022,787.8347
1811,30758,9.60763888888889,6.898651317467784,3.8899999999999997,-5.571,-1.1930000000000007,2784.96270675225,5208.9661,-3220.6907,785.9804
1812,30759,9.607916666666664,6.872882801270512,3.929,-5.494,-1.2710000000000006,2786.230949413076,5210.941699999999,-3220.3785,784.126
1813,30760,9.608194444444445,6.8685496285606025,3.9099999999999993,-5.484999999999999,-1.3430000000000004,2787.498966746852,5212.9163,-3220.0657,782.2715000000001
1814,30761,9.608472222222222,6.8511673457886,3.7329999999999997,-5.583,-1.3540000000000005,2788.7668945033997,5214.89,-3219.7524,780.4168999999999
1815,30762,9.608749999999999,6.8293646117336575,3.534,-5.691000000000001,-1.3280000000000007,2790.0346675931496,5216.862800000001,-3219.4384999999997,778.5621
1816,30763,9.609027777777778,6.775776708245336,3.441,-5.725,-1.1380000000000003,2791.302213264749,5218.8346,-3219.1240000000003,776.7072000000001
1817,30764,9.609305555555556,6.8385684174394274,3.3600000000000003,-5.866999999999999,-1.0270000000000006,2792.569518526001,5220.805399999999,-3218.8089,774.8521
1818,30765,9.609583333333333,6.806157653184357,3.4699999999999998,-5.7989999999999995,-0.8090000000000005,2793.8366672112124,5222.7753,-3218.4932,772.9968
1819,30766,9.609861111111112,6.837504223033431,3.528,-5.8260000000000005,-0.6020000000000006,2795.1037235819203,5224.7443,-3218.177,771.1414
1820,30767,9.610138888888889,6.845623200264531,3.6449999999999996,-5.764,-0.5940000000000005,2796.3705502103585,5226.7123,-3217.8602,769.2859000000001
1821,30768,9.610416666666667,6.851151800974782,3.7479999999999998,-5.7010000000000005,-0.6240000000000007,2797.6370947084015,5228.679300000001,-3217.5427,767.4303
1822,30769,9.610694444444444,6.89448533249582,3.7619999999999996,-5.7219999999999995,-0.8000000000000007,2798.903544785591,5230.645399999999,-3217.2246999999998,765.5746
1823,30770,9.610972222222221,6.896735894609855,3.8379999999999996,-5.649,-0.9610000000000006,2800.1698876487444,5232.6106,-3216.9062000000004,763.7187
1824,30771,9.61125,6.900451724343849,3.8810000000000002,-5.5969999999999995,-1.1080000000000005,2801.4359342040807,5234.5748,-3216.5870000000004,761.8626
1825,30772,9.611527777777777,6.894959390743357,3.8549999999999995,-5.596,-1.1680000000000006,2802.701812429103,5236.538,-3216.2673000000004,760.0065000000001
1826,30773,9.611805555555556,6.879130540991354,3.88,-5.551,-1.2060000000000006,2803.9675296073437,5238.5003,-3215.947,758.1501999999999
1827,30774,9.612083333333333,6.783701791794802,3.964,-5.367,-1.2250000000000005,2805.2330855637038,5240.4617,-3215.6261000000004,756.2937
1828,30775,9.61236111111111,6.777402526041965,3.996,-5.288,-1.4150000000000005,2806.498491815307,5242.422199999999,-3215.3046,754.4371
1829,30776,9.612638888888888,6.742628790019512,4.0409999999999995,-5.148999999999999,-1.6190000000000009,2807.76366311063,5244.3817,-3214.9824999999996,752.5804
1830,30777,9.612916666666667,6.751923059395745,4.1129999999999995,-5.064,-1.7400000000000007,2809.0286712953975,5246.3403,-3214.6598,750.7235
1831,30778,9.613194444444444,6.761369461876788,4.089,-5.08,-1.7860000000000007,2810.293495165971,5248.2979,-3214.3366,748.8665
1832,30779,9.61347222222222,6.758828374799881,4.076,-5.104,-1.7370000000000005,2811.5581548582736,5250.2546,-3214.0128,747.0092999999999
1833,30780,9.61375,6.713512791378296,4.042,-5.103,-1.6410000000000007,2812.8225773255717,5252.210300000001,-3213.6884,745.152
1834,30781,9.614027777777778,6.700809354100444,4.141,-5.034,-1.5530000000000006,2814.0868467415,5254.1651,-3213.3633999999997,743.2946
1835,30782,9.614305555555555,6.688847583851795,4.204,-4.971,-1.5350000000000006,2815.350865490374,5256.1188999999995,-3213.0378,741.437
1836,30783,9.614583333333332,6.7534792514673505,4.3389999999999995,-4.881,-1.7200000000000006,2816.6147816322064,5258.0718,-3212.7117,739.5793000000001
1837,30784,9.61486111111111,6.798992719513678,4.412999999999999,-4.857,-1.7780000000000005,2817.878543224756,5260.0238,-3212.3849999999998,737.7215
1838,30785,9.61513888888889,6.845356017038121,4.379,-4.913,-1.8830000000000005,2819.1421162231586,5261.9748,-3212.0578,735.8636
1839,30786,9.615416666666667,6.872253269488836,4.289999999999999,-4.9990000000000006,-1.9580000000000006,2820.405436550768,5263.9248,-3211.7300000000005,734.0055
1840,30787,9.615694444444443,6.8422193037054875,4.093999999999999,-5.148000000000001,-1.885000000000001,2821.6686003448203,5265.8739000000005,-3211.4016,732.1473
1841,30788,9.615972222222222,6.828876701185927,3.9859999999999998,-5.225,-1.8560000000000005,2822.93165834901,5267.822099999999,-3211.0726999999997,730.289
1842,30789,9.61625,6.761937740026893,3.9799999999999995,-5.1690000000000005,-1.7790000000000006,2824.1944106371548,5269.7693,-3210.7431,728.4305
1843,30790,9.616527777777778,6.787265281392793,4.012,-5.199,-1.7150000000000005,2825.4570561904147,5271.7156,-3210.4129999999996,726.5719000000001
1844,30791,9.616805555555555,6.795158129138718,3.937,-5.286,-1.6530000000000005,2826.71950967099,5273.6609,-3210.0824,724.7131999999999
1845,30792,9.617083333333333,6.860412305393896,3.9859999999999998,-5.294,-1.7750000000000004,2827.9818035355684,5275.6053,-3209.7511999999997,722.8543999999999
1846,30793,9.617361111111112,6.844703207590524,3.944,-5.345000000000001,-1.6510000000000005,2829.2438742353634,5277.5488000000005,-3209.4193,720.9954
1847,30794,9.617638888888889,6.847062289770702,3.8819999999999992,-5.377000000000001,-1.7030000000000005,2830.5057513216148,5279.4913,-3209.0869,719.1363
1848,30795,9.617916666666666,6.785764953194297,3.929,-5.2780000000000005,-1.6590000000000007,2831.767370662921,5281.4328000000005,-3208.7538999999997,717.2769999999999
1849,30796,9.618194444444445,6.7615321488550215,3.9459999999999993,-5.245,-1.6240000000000006,2833.0289648773323,5283.3735,-3208.4204,715.4176
1850,30797,9.618472222222223,6.763259864887641,3.928,-5.236,-1.7020000000000006,2834.2903119602684,5285.3132,-3208.0863,713.5581
1851,30798,9.61875,6.736411136502879,3.905,-5.203,-1.7490000000000006,2835.5514845739394,5287.252,-3207.7516,711.6984
1852,30799,9.619027777777777,6.760156063287297,3.809,-5.302,-1.7550000000000003,2836.8124719895204,5289.1898,-3207.4164,709.8387
1853,30800,9.619305555555556,6.735592772726095,3.657,-5.369,-1.7800000000000007,2838.0732438555087,5291.1267,-3207.0805,707.9789000000001
1854,30801,9.619583333333335,6.705303721681815,3.632,-5.343,-1.7950000000000004,2839.3338912978143,5293.0627,-3206.7441,706.1189
1855,30802,9.619861111111112,6.675259845129626,3.543,-5.409000000000001,-1.6580000000000006,2840.5943624186884,5294.9978,-3206.4071,704.2587
1856,30803,9.620138888888889,6.675756811028994,3.4519999999999995,-5.488,-1.5910000000000006,2841.854560709394,5296.9318,-3206.0696,702.3985
1857,30804,9.620416666666667,6.706064568731798,3.4539999999999997,-5.531000000000001,-1.5650000000000006,2843.1145928908472,5298.8649,-3205.7315000000003,700.5382
1858,30805,9.620694444444446,6.752577285748012,3.4339999999999997,-5.612,-1.5200000000000007,2844.374458272796,5300.797100000001,-3205.3927999999996,698.6778
1859,30806,9.620972222222223,6.7709627823523,3.536,-5.575,-1.5040000000000007,2845.634060323115,5302.728300000001,-3205.0535,696.8172000000001
1860,30807,9.62125,6.746722092987082,3.6349999999999993,-5.497,-1.4450000000000007,2846.89354584747,5304.658600000001,-3204.7137,694.9565
1861,30808,9.621527777777779,6.789796535979558,3.69,-5.511,-1.4540000000000006,2848.15286296453,5306.588,-3204.3733,693.0957000000001
1862,30809,9.621805555555557,6.8067403358729655,3.772,-5.453,-1.5390000000000006,2849.412051358063,5308.5165,-3204.0324,691.2347
1863,30810,9.622083333333332,6.838285603863003,3.9059999999999997,-5.375,-1.6170000000000004,2850.671036411812,5310.444,-3203.691,689.3736
1864,30811,9.622361111111111,6.888099737953857,3.9459999999999993,-5.398999999999999,-1.6510000000000005,2851.9297150393922,5312.3705,-3203.3489,687.5124
1865,30812,9.62263888888889,6.919867195257434,4.066999999999999,-5.332,-1.7070000000000007,2853.188274542158,5314.2961,-3203.0063,685.6510999999999
1866,30813,9.622916666666667,6.941115040107029,4.165,-5.267,-1.7580000000000005,2854.446651720965,5316.2208,-3202.6631,683.7896000000001
1867,30814,9.623194444444445,6.877521792041084,4.239,-5.116,-1.7770000000000006,2855.704908554702,5318.1446000000005,-3202.3194,681.9280000000001
1868,30815,9.623472222222222,6.813905928320408,4.24,-5.015,-1.8170000000000008,2856.962993142237,5320.067499999999,-3201.9751,680.0663000000001
1869,30816,9.62375,6.742165379164175,4.133,-5.016,-1.7930000000000006,2858.220871212368,5321.9894,-3201.6303,678.2045
1870,30817,9.624027777777778,6.772005094504877,4.025,-5.112,-1.8780000000000008,2859.4785758082166,5323.9104,-3201.2849,676.3426000000001
1871,30818,9.624305555555555,6.7579883101408225,3.9699999999999998,-5.159000000000001,-1.8150000000000006,2860.7360106285287,5325.8304,-3200.9389,674.4805
1872,30819,9.624583333333334,6.7496756218354665,4.037999999999999,-5.119,-1.7460000000000004,2861.993271118089,5327.7495,-3200.5923,672.6182999999999
1873,30820,9.624861111111112,6.730093387167819,4.14,-5.061,-1.5940000000000007,2863.250345857118,5329.6677,-3200.2451,670.7559
1874,30821,9.62513888888889,6.700889717045044,4.270999999999999,-4.941000000000001,-1.4990000000000006,2864.507306911507,5331.585,-3199.8974,668.8935
1875,30822,9.625416666666668,6.651486450410916,4.248,-4.9079999999999995,-1.4520000000000006,2865.764006724777,5333.501299999999,-3199.5491,667.0310000000001
1876,30823,9.625694444444445,6.645479817138865,4.209,-4.9,-1.5610000000000006,2867.020570534169,5335.4167,-3199.2003,665.1683
1877,30824,9.625972222222222,6.6796063506766625,4.104,-4.985,-1.7100000000000004,2868.2769229403334,5337.3311,-3198.8509999999997,663.3054999999999
1878,30825,9.626250000000002,6.726268281893014,4.01,-5.096,-1.7870000000000008,2869.5330123423946,5339.2445,-3198.5011000000004,661.4426000000001
1879,30826,9.626527777777778,6.766728382312978,3.946,-5.224,-1.7110000000000007,2870.7890089858,5341.157099999999,-3198.1506,659.5795999999999
1880,30827,9.626805555555556,6.714757032089843,4.0169999999999995,-5.188000000000001,-1.4270000000000007,2872.044741420084,5343.0687,-3197.7995,657.7165
1881,30828,9.627083333333335,6.731088619235375,4.026999999999999,-5.212999999999999,-1.3840000000000008,2873.3003458171215,5344.9794,-3197.4479,655.8533
1882,30829,9.627361111111112,6.721384158043639,4.104,-5.1579999999999995,-1.3150000000000006,2874.5557360608573,5346.889099999999,-3197.0958,653.99
1883,30830,9.62763888888889,6.762727334441334,4.068,-5.196,-1.4790000000000008,2875.8109460665937,5348.7979000000005,-3196.7431,652.1265999999999
1884,30831,9.627916666666668,6.7501428873765335,4.016,-5.197,-1.5580000000000007,2877.065930109392,5350.7057,-3196.3899,650.263
1885,30832,9.628194444444444,6.772675246902069,4.0409999999999995,-5.16,-1.7070000000000007,2878.320732748735,5352.6126,-3196.0361,648.3992999999999
1886,30833,9.628472222222223,6.755081790770561,4.025,-5.136,-1.7470000000000006,2879.575353640818,5354.5186,-3195.6817,646.5355
1887,30834,9.62875,6.764908351189985,3.9899999999999998,-5.194,-1.6930000000000007,2880.8297918067356,5356.4237,-3195.3267,644.6716
1888,30835,9.629027777777777,6.748237399499221,3.9240000000000004,-5.256,-1.5860000000000007,2882.084087669531,5358.3279,-3194.9712,642.8075
1889,30836,9.629305555555558,6.748462491560578,3.929,-5.248,-1.6010000000000004,2883.338175691442,5360.2311,-3194.6151999999997,640.9434
1890,30837,9.629583333333333,6.75655896148328,3.9870000000000005,-5.198,-1.6540000000000006,2884.592069398493,5362.133400000001,-3194.2586,639.0791
1891,30838,9.629861111111111,6.741558721838741,4.093,-5.099,-1.6420000000000006,2885.845743946133,5364.0347,-3193.9015,637.2147
1892,30839,9.63013888888889,6.777578476122574,4.08,-5.129,-1.7270000000000008,2887.099233229753,5365.935100000001,-3193.5438,635.3502
1893,30840,9.630416666666665,6.712293274284133,4.106,-5.051,-1.6380000000000006,2888.352587836707,5367.8346,-3193.1856,633.4856
1894,30841,9.630694444444444,6.742817363684114,4.083,-5.090999999999999,-1.6960000000000004,2889.6057560137947,5369.733200000001,-3192.8268,631.6209
1895,30842,9.630972222222223,6.7444608383472735,4.006,-5.146,-1.7200000000000006,2890.858788318393,5371.6309,-3192.4675,629.7561
1896,30843,9.631250000000001,6.725593951466294,3.903,-5.218999999999999,-1.6620000000000004,2892.1115480356334,5373.5276,-3192.1076000000003,627.8912
1897,30844,9.631527777777778,6.704001044152664,3.8649999999999993,-5.237,-1.6060000000000005,2893.3641197872616,5375.423400000001,-3191.7471,626.0262
1898,30845,9.631805555555555,6.71785010252536,3.8379999999999996,-5.284999999999999,-1.5710000000000006,2894.6164684834903,5377.3182,-3191.3860999999997,624.1611
1899,30846,9.632083333333332,6.6952445063642,3.819,-5.287,-1.5130000000000006,2895.8686280450297,5379.2121,-3191.0245,622.2959000000001
1900,30847,9.632361111111113,6.711596680373456,3.752,-5.349,-1.5350000000000006,2897.120649139714,5381.1051,-3190.6624,620.4305999999999
1901,30848,9.632638888888888,6.722874236515213,3.743,-5.37,-1.5330000000000006,2898.372480264129,5382.9972,-3190.2997000000005,618.5652
1902,30849,9.632916666666667,6.679881585776801,3.720999999999999,-5.369,-1.3960000000000006,2899.624171581064,5384.8884,-3189.9365000000003,616.6997
1903,30850,9.633194444444445,6.71680712839069,3.7409999999999997,-5.398999999999999,-1.4040000000000006,2900.8755863748493,5386.7786,-3189.5727,614.8341
1904,30851,9.63347222222222,6.748803227239628,3.6980000000000004,-5.455,-1.4540000000000006,2902.1268601702595,5388.6678999999995,-3189.2084,612.9684
1905,30852,9.633750000000001,6.753741629645007,3.7239999999999993,-5.441,-1.4630000000000005,2903.377846690266,5390.5562,-3188.8435,611.1025
1906,30853,9.634027777777778,6.786312842774049,3.749,-5.46,-1.4790000000000005,2904.6287010687115,5392.4436000000005,-3188.4781,609.2366
1907,30854,9.634305555555555,6.7975822172298885,3.812,-5.424,-1.5020000000000007,2905.8794033715967,5394.3301,-3188.1122,607.3705
1908,30855,9.634583333333333,6.783697074604674,3.8520000000000003,-5.3790000000000004,-1.4990000000000006,2907.129921570413,5396.2157,-3187.7457000000004,605.5044
1909,30856,9.63486111111111,6.776177462257021,3.9259999999999997,-5.296,-1.5670000000000006,2908.3801502787283,5398.1003,-3187.3786,603.6380999999999
1910,30857,9.635138888888887,6.763676588956631,3.9170000000000003,-5.284000000000001,-1.5760000000000007,2909.630235088104,5399.9839999999995,-3187.011,601.7717
1911,30858,9.635416666666668,6.709766687448975,3.867,-5.252,-1.5760000000000005,2910.88017532945,5401.8668,-3186.6429,599.9052
1912,30859,9.635694444444443,6.745326159645655,3.772,-5.321,-1.7200000000000006,2912.129919843425,5403.7487,-3186.2742,598.0386000000001
1913,30860,9.635972222222222,6.757162866173939,3.6769999999999996,-5.389,-1.7600000000000005,2913.379432965653,5405.6296,-3185.9049999999997,596.1719
1914,30861,9.63625,6.754822647560778,3.5809999999999995,-5.478,-1.6720000000000006,2914.6287492211036,5407.5096,-3185.5352,594.3050999999999
1915,30862,9.636527777777777,6.785358944079525,3.526,-5.5840000000000005,-1.5580000000000005,2915.8779190525324,5409.3887,-3185.1649,592.4381999999999
1916,30863,9.636805555555556,6.822819798294544,3.5780000000000003,-5.619,-1.4750000000000008,2917.1269414810595,5411.2669000000005,-3184.7941,590.5712
1917,30864,9.637083333333333,6.799316215620509,3.694,-5.541,-1.3720000000000006,2918.375680001163,5413.1440999999995,-3184.4227,588.7041
1918,30865,9.63736111111111,6.804174380481441,3.812,-5.473,-1.3460000000000008,2919.624269955128,5415.020399999999,-3184.0508,586.8369
1919,30866,9.637638888888889,6.842146300686649,3.851,-5.493,-1.3460000000000005,2920.8727970534533,5416.8959,-3183.6784,584.9696
1920,30867,9.637916666666666,6.8595864306822465,3.9339999999999997,-5.459,-1.3330000000000006,2922.1210386024118,5418.7704,-3183.3054,583.1022
1921,30868,9.638194444444444,6.896980426244517,4.023,-5.421,-1.4130000000000007,2923.368993948973,5420.6439,-3182.9318,581.2347
1922,30869,9.638472222222223,6.896558924565206,4.18,-5.299,-1.4180000000000006,2924.6167988686,5422.5165,-3182.5577000000003,579.3670999999999
1923,30870,9.63875,6.888762152956073,4.263999999999999,-5.192,-1.5220000000000007,2925.864402419488,5424.388199999999,-3182.183,577.4993999999999
1924,30871,9.639027777777777,6.857948599982359,4.319,-5.077,-1.6130000000000007,2927.1118544043734,5426.259,-3181.8078,575.6316
1925,30872,9.639305555555556,6.801840706749901,4.279999999999999,-5.005999999999999,-1.6990000000000005,2928.359163580916,5428.128900000001,-3181.4321,573.7638000000001
1926,30873,9.639583333333333,6.70837044296154,4.189,-4.9030000000000005,-1.8480000000000003,2929.6061748443453,5429.997799999999,-3181.0558,571.8958
1927,30874,9.63986111111111,6.658418430828751,4.022,-4.986,-1.8160000000000007,2930.85304209076,5431.8658000000005,-3180.679,570.0278000000001
1928,30875,9.640138888888888,6.590002807283166,3.907,-4.988,-1.8120000000000005,2932.0996963610746,5433.732900000001,-3180.3016000000002,568.1596
1929,30876,9.640416666666667,6.522566826027925,3.97,-4.887,-1.7030000000000005,2933.3461107085272,5435.599,-3179.9237000000003,566.2913000000001
1930,30877,9.640694444444444,6.5163869590441,4.043,-4.831,-1.667000000000001,2934.5923793112042,5437.4642,-3179.5452999999998,564.423
1931,30878,9.64097222222222,6.508859423892945,4.049,-4.875,-1.4850000000000005,2935.838442514618,5439.3285,-3179.1663,562.5546
1932,30879,9.64125,6.520386798342564,3.9899999999999998,-4.959999999999999,-1.4120000000000006,2937.08429982703,5441.1919,-3178.7867,560.6861000000001
1933,30880,9.641527777777778,6.525350028925652,4.05,-4.922,-1.3970000000000007,2938.330051140073,5443.0544,-3178.4067,558.8175
1934,30881,9.641805555555555,6.503995310576415,4.170999999999999,-4.795,-1.3830000000000005,2939.575595457894,5444.915999999999,-3178.0261,556.9487999999999
1935,30882,9.642083333333332,6.474078544472565,4.267,-4.648000000000001,-1.4500000000000006,2940.8208877241655,5446.776599999999,-3177.645,555.0799
1936,30883,9.64236111111111,6.487339130953461,4.3629999999999995,-4.630000000000001,-1.2700000000000007,2942.06606698429,5448.6364,-3177.2633,553.211
1937,30884,9.64263888888889,6.515954726668993,4.4479999999999995,-4.5809999999999995,-1.2990000000000006,2943.311001681943,5450.495199999999,-3176.8811,551.342
1938,30885,9.642916666666666,6.570261790826907,4.514,-4.587999999999999,-1.3200000000000007,2944.5557777561935,5452.353099999999,-3176.4984,549.4729
1939,30886,9.643194444444443,6.590100606212322,4.351,-4.74,-1.4250000000000005,2945.8003445026065,5454.210099999999,-3176.1151,547.6036999999999
1940,30887,9.643472222222222,6.589245328563811,4.307,-4.744,-1.5370000000000006,2947.0447512048313,5456.066199999999,-3175.7313000000004,545.7344
1941,30888,9.64375,6.565106015899514,4.340999999999999,-4.644,-1.6400000000000006,2948.288997693592,5457.9214,-3175.347,543.865
1942,30889,9.644027777777776,6.566203316986157,4.377000000000001,-4.561,-1.776000000000001,2949.5329972681,5459.7756,-3174.9622,541.9955
1943,30890,9.644305555555555,6.519777450189538,4.246999999999999,-4.667,-1.6400000000000006,2950.776785340427,5461.6289,-3174.5768,540.1259
1944,30891,9.644583333333333,6.5111266306223845,4.263,-4.695,-1.4760000000000004,2952.0203253603195,5463.4812,-3174.1909,538.2562
1945,30892,9.64486111111111,6.536477721219588,4.214,-4.807,-1.3640000000000005,2953.263661426596,5465.3326,-3173.8044,536.3865000000001
1946,30893,9.645138888888889,6.518332992414549,4.2299999999999995,-4.758,-1.3990000000000005,2954.50683466801,5467.1831,-3173.4174,534.5167
1947,30894,9.645416666666666,6.4725900534484655,4.203,-4.747000000000001,-1.3020000000000007,2955.7498359135025,5469.032700000001,-3173.0299,532.6467
1948,30895,9.645694444444443,6.405186101902115,4.218,-4.634,-1.3270000000000006,2956.9926317123527,5470.8814,-3172.6418,530.7767
1949,30896,9.645972222222222,6.369233156354068,4.229,-4.567,-1.3510000000000004,2958.23526327086,5472.7292,-3172.2532,528.9066
1950,30897,9.646249999999998,6.353517608380416,4.228,-4.569000000000001,-1.2710000000000006,2959.4776433635425,5474.576,-3171.8641,527.0364000000001
1951,30898,9.646527777777777,6.394617893197372,4.109,-4.704000000000001,-1.3710000000000007,2960.719858099703,5476.421899999999,-3171.4745,525.1661
1952,30899,9.646805555555556,6.3580684960135505,4.055,-4.743,-1.2190000000000007,2961.9618569939207,5478.2669,-3171.0843,523.2956999999999
1953,30900,9.647083333333333,6.390797915753557,4.023,-4.787,-1.3200000000000007,2963.2036894472926,5480.111,-3170.6936,521.4252
1954,30901,9.647361111111111,6.383416483357481,4.029999999999999,-4.808999999999999,-1.1750000000000005,2964.4453130454895,5481.9542,-3170.3023000000003,519.5546999999999
1955,30902,9.647638888888888,6.40314500850949,4.0409999999999995,-4.836,-1.1330000000000005,2965.6867610850654,5483.7964999999995,-3169.9105,517.684
1956,30903,9.647916666666665,6.444258064354654,4.093999999999999,-4.885,-0.9510000000000005,2966.9279549023563,5485.6378,-3169.5182,515.8131999999999
1957,30904,9.648194444444446,6.468198744627441,4.279,-4.723,-1.1050000000000006,2968.1690247804245,5487.4783,-3169.1253,513.9424
1958,30905,9.648472222222221,6.567399180802093,4.298,-4.818,-1.2020000000000006,2969.409839305992,5489.3178,-3168.7318999999998,512.0715
1959,30906,9.64875,6.595174978724978,4.451,-4.744000000000001,-1.0860000000000007,2970.650492414819,5491.1564,-3168.338,510.2006
1960,30907,9.649027777777778,6.572884450528551,4.464,-4.705,-1.0670000000000006,2971.8909672886,5492.9941,-3167.9436,508.3295
1961,30908,9.649305555555555,6.5652341161606715,4.5169999999999995,-4.633,-1.1110000000000007,2973.131229886233,5494.8309,-3167.5486,506.4584
1962,30909,9.649583333333334,6.584233972148924,4.542,-4.623,-1.1620000000000006,2974.371321622201,5496.666800000001,-3167.1531,504.58720000000005
1963,30910,9.649861111111111,6.544767833926579,4.473,-4.671000000000001,-1.0040000000000007,2975.6112418764433,5498.5018,-3166.7571,502.7159
1964,30911,9.650138888888888,6.5633577534673515,4.382,-4.69,-1.3710000000000007,2976.850903428909,5500.3358,-3166.3606,500.8445
1965,30912,9.650416666666667,6.587260811596882,4.351999999999999,-4.726000000000001,-1.4550000000000007,2978.0904004161243,5502.1689,-3165.9636,498.9731
1966,30913,9.650694444444444,6.665143359298433,4.272,-4.806,-1.7540000000000007,2979.3298108173212,5504.0012,-3165.5661,497.1016000000001
1967,30914,9.650972222222222,6.69904067758959,4.076,-5.019,-1.7530000000000006,2980.568911570037,5505.8324999999995,-3165.168,495.23
1968,30915,9.651250000000001,6.644270313585985,4.046,-5.036,-1.5540000000000007,2981.8078382056497,5507.662899999999,-3164.7694,493.35830000000004
1969,30916,9.651527777777778,6.617788905669324,3.965,-5.017,-1.7040000000000006,2983.0464961450607,5509.4923,-3164.3703,491.48640000000006
1970,30917,9.651805555555557,6.615619850021615,3.851,-5.079000000000001,-1.7720000000000007,2984.2849370413887,5511.3207999999995,-3163.9705999999996,489.61449999999996
1971,30918,9.652083333333334,6.542016890837259,3.8349999999999995,-5.038,-1.6460000000000004,2985.523202421514,5513.1484,-3163.5703999999996,487.7425
1972,30919,9.65236111111111,6.550565548103461,3.6739999999999995,-5.1129999999999995,-1.8080000000000005,2986.761299463459,5514.9751,-3163.1697,485.8705
1973,30920,9.652638888888891,6.544696173238297,3.742,-5.022,-1.9000000000000008,2987.9992200440765,5516.8009,-3162.7684999999997,483.99840000000006
1974,30921,9.652916666666666,6.4948728240051015,3.6,-5.082,-1.8430000000000006,2989.2370498550486,5518.6259,-3162.3668,482.12620000000004
1975,30922,9.653194444444445,6.446063372322677,3.568,-5.047000000000001,-1.8300000000000007,2990.4746526675576,5520.45,-3161.9645,480.2539
1976,30923,9.653472222222224,6.381679637838302,3.4170000000000003,-5.139,-1.6250000000000007,2991.7119044706587,5522.273,-3161.5616999999997,478.38149999999996
1977,30924,9.653749999999999,6.358168053771463,3.3979999999999997,-5.204,-1.3410000000000006,2992.949064463962,5524.095200000001,-3161.1584,476.509
1978,30925,9.65402777777778,6.334458461462984,3.492,-5.093999999999999,-1.4080000000000006,2994.186045448698,5525.9165,-3160.7545999999998,474.63640000000004
1979,30926,9.654305555555556,6.3867425969738285,3.5739999999999994,-5.117,-1.3540000000000005,2995.4228122338704,5527.7369,-3160.3502,472.7638999999999
1980,30927,9.654583333333333,6.404542450479972,3.596,-5.112,-1.3980000000000008,2996.659398914336,5529.5563999999995,-3159.9453000000003,470.89130000000006
1981,30928,9.654861111111112,6.4376700754232505,3.59,-5.114,-1.5500000000000007,2997.8957979583456,5531.375,-3159.5399,469.01849999999996
1982,30929,9.655138888888889,6.431482721736879,3.7689999999999997,-5.0600000000000005,-1.2470000000000008,2999.1319293359456,5533.1926,-3159.134,467.1456
1983,30930,9.655416666666667,6.4439695840374664,3.786,-5.082,-1.1680000000000006,3000.3678371848773,5535.0093,-3158.7275,465.2727
1984,30931,9.655694444444446,6.464454424002075,3.979,-5.0009999999999994,-0.9730000000000005,3001.6035629597827,5536.8251,-3158.3205000000003,463.39969999999994
1985,30932,9.655972222222221,6.471989029656956,4.170999999999999,-4.8759999999999994,-0.8450000000000006,3002.839106526946,5538.64,-3157.9129999999996,461.5266
1986,30933,9.65625,6.487150607161823,4.367,-4.697,-0.9750000000000008,3004.0744742220922,5540.454,-3157.505,459.6535
1987,30934,9.656527777777779,6.498308549153388,4.4990000000000006,-4.527,-1.2220000000000009,3005.309572036459,5542.267,-3157.0965,457.7803
1988,30935,9.656805555555556,6.521346946758775,4.3709999999999996,-4.642,-1.3690000000000009,3006.544492955198,5544.0791,-3156.6875,455.9071
1989,30936,9.657083333333334,6.509855758770695,4.2139999999999995,-4.744999999999999,-1.4510000000000005,3007.7793089977295,5545.890399999999,-3156.278,454.03369999999995
1990,30937,9.657361111111111,6.5512549942739975,4.1419999999999995,-4.853,-1.4870000000000005,3009.0139401334322,5547.7008000000005,-3155.8679999999995,452.1602
1991,30938,9.657638888888888,6.562454190316304,4.134,-4.932,-1.2850000000000006,3010.2483064807866,5549.5102,-3155.4574999999995,450.2867
1992,30939,9.657916666666669,6.566867213519702,4.124,-4.937,-1.3200000000000007,3011.4825244093895,5551.3188,-3155.0464,448.41310000000004
1993,30940,9.658194444444444,6.567093497126411,4.199999999999999,-4.869,-1.3340000000000007,3012.7164761168137,5553.126399999999,-3154.6348,446.53950000000003
1994,30941,9.658472222222223,6.567938641613517,4.192,-4.827,-1.5050000000000006,3013.95023411446,5554.9331,-3154.2227,444.6657
1995,30942,9.658750000000001,6.586702437487213,4.079,-4.878,-1.7180000000000006,3015.18381188952,5556.738899999999,-3153.8101,442.7919
1996,30943,9.659027777777778,6.585429067266612,3.996,-4.934,-1.7480000000000007,3016.417239293234,5558.5439,-3153.3969,440.918
1997,30944,9.659305555555557,6.594551159859176,3.844,-5.06,-1.7630000000000006,3017.650485389592,5560.348,-3152.9831999999997,439.04409999999996
1998,30945,9.659583333333334,6.595312047204438,3.7939999999999996,-5.157,-1.5840000000000007,3018.883455692585,5562.1511,-3152.569,437.1701
1999,30946,9.65986111111111,6.591107494192459,3.8809999999999993,-5.139,-1.4040000000000006,3020.1162370286524,5563.9533,-3152.1542999999997,435.296
2000,30947,9.66013888888889,6.581827405819755,4.036,-5.034,-1.3000000000000007,3021.3488353200737,5565.754599999999,-3151.7391000000002,433.4219
2001,30948,9.660416666666666,6.60084396119163,4.129,-4.944,-1.4420000000000006,3022.5812434863496,5567.555,-3151.3234,431.54769999999996
2002,30949,9.660694444444443,6.611802326143756,4.136,-4.904999999999999,-1.5970000000000006,3023.813467778139,5569.3544999999995,-3150.9072,429.6735
2003,30950,9.660972222222224,6.6029148108998035,4.139999999999999,-4.872,-1.6500000000000008,3025.0454940673935,5571.1531,-3150.4905000000003,427.7991
2004,30951,9.661249999999999,6.629665451589544,4.127999999999999,-4.904,-1.6920000000000008,3026.2773355587246,5572.9508000000005,-3150.0733,425.92470000000003
2005,30952,9.661527777777778,6.638100029375876,4.138,-4.9479999999999995,-1.5680000000000007,3027.5088980664564,5574.7474999999995,-3149.6556,424.0502
2006,30953,9.661805555555556,6.62123515667583,4.159,-4.895,-1.6070000000000007,3028.740268082471,5576.543299999999,-3149.2374,422.1755999999999
2007,30954,9.662083333333333,6.61835734907084,4.133,-4.926,-1.5670000000000006,3029.971451436454,5578.3382,-3148.8187000000003,420.30100000000004
2008,30955,9.662361111111112,6.611447950335841,4.1339999999999995,-4.898,-1.6220000000000006,3031.2024789907327,5580.1323,-3148.3994,418.42629999999997
2009,30956,9.662638888888889,6.633677260765706,4.057,-4.952,-1.7390000000000008,3032.4332259171388,5581.9254,-3147.9796,416.5514999999999
2010,30957,9.662916666666666,6.610824456903996,3.9800000000000004,-5.002000000000001,-1.6860000000000006,3033.663778179477,5583.717600000001,-3147.5593,414.67659999999995
2011,30958,9.663194444444446,6.659662829302997,3.897,-5.172,-1.5540000000000007,3034.894228945677,5585.509,-3147.1385,412.8017
2012,30959,9.663472222222222,6.679316132659092,3.908,-5.224,-1.4320000000000006,3036.1243973025403,5587.2994,-3146.7172,410.9267
2013,30960,9.66375,6.737846837083787,3.8959999999999995,-5.308,-1.4300000000000008,3037.3544631020923,5589.089000000001,-3146.2954,409.0517
2014,30961,9.664027777777779,6.772000369167149,3.9370000000000003,-5.326,-1.4120000000000006,3038.58419672573,5590.8776,-3145.873,407.1766
2015,30962,9.664305555555554,6.818770197037001,3.903,-5.377000000000001,-1.5330000000000008,3039.8138267503537,5592.6654,-3145.4500999999996,405.3015
2016,30963,9.664583333333335,6.863452046893022,3.906,-5.437,-1.5130000000000006,3041.043308486447,5594.4523,-3145.0268,403.42629999999997
2017,30964,9.664861111111112,6.853365304724387,3.968,-5.345999999999999,-1.6260000000000006,3042.2725922064956,5596.2383,-3144.603,401.55100000000004
2018,30965,9.665138888888889,6.866548041046534,3.9909999999999997,-5.3149999999999995,-1.7240000000000006,3043.5015907320485,5598.0233,-3144.1787,399.6756
2019,30966,9.665416666666667,6.865447982469899,3.968,-5.334,-1.7140000000000009,3044.7303969016457,5599.8074,-3143.7539,397.8002
2020,30967,9.665694444444444,6.8709655798875895,3.9239999999999995,-5.354,-1.7740000000000005,3045.959048102114,5601.5907,-3143.3285,395.92479999999995
2021,30968,9.665972222222223,6.80324775383052,3.9199999999999995,-5.252000000000001,-1.8260000000000005,3047.187412592367,5603.3730000000005,-3142.9026,394.0493
2022,30969,9.666250000000002,6.750224144426612,3.8289999999999993,-5.2589999999999995,-1.8020000000000007,3048.415576945684,5605.1544,-3142.4762,392.1737
2023,30970,9.666527777777777,6.712183325863499,3.8349999999999995,-5.1979999999999995,-1.8240000000000005,3049.6435407059034,5606.9349,-3142.0492999999997,390.298
2024,30971,9.666805555555555,6.6811745973294245,3.807,-5.174,-1.8370000000000004,3050.8713582622086,5608.7145,-3141.6220000000003,388.4223
2025,30972,9.667083333333334,6.654066801588334,3.8299999999999996,-5.136,-1.7970000000000006,3052.0989255149852,5610.4932,-3141.1941,386.54650000000004
2026,30973,9.66736111111111,6.661429501240706,3.729,-5.201,-1.8490000000000006,3053.3262967455057,5612.271,-3140.7657,384.6707
2027,30974,9.667638888888888,6.703772370837184,3.646,-5.311999999999999,-1.8520000000000008,3054.553459578116,5614.0479,-3140.3368,382.79470000000003
2028,30975,9.667916666666667,6.682594181902714,3.6079999999999997,-5.349,-1.7400000000000007,3055.7805125910318,5615.824,-3139.9074,380.9187
2029,30976,9.668194444444444,6.627854177635474,3.6390000000000002,-5.289,-1.6470000000000007,3057.0073681028416,5617.5992,-3139.4775,379.04269999999997
2030,30977,9.668472222222222,6.591336890191549,3.6450000000000005,-5.244,-1.6310000000000007,3058.2339325434154,5619.3733999999995,-3139.0471000000002,377.1666
2031,30978,9.66875,6.575742467584933,3.6279999999999992,-5.239,-1.6220000000000006,3059.460292736384,5621.146699999999,-3138.6162,375.2904
2032,30979,9.669027777777776,6.5922194289935465,3.6319999999999992,-5.213,-1.7580000000000005,3060.6865411589833,5622.919199999999,-3138.1848,373.41420000000005
2033,30980,9.669305555555555,6.591146258428802,3.5559999999999996,-5.293,-1.6680000000000006,3061.9124972314085,5624.6907,-3137.7529000000004,371.5379
2034,30981,9.669583333333332,6.618643138891837,3.575,-5.345999999999999,-1.5640000000000005,3063.1383347558303,5626.4614,-3137.3205000000003,369.6615
2035,30982,9.66986111111111,6.663187600540751,3.522,-5.496,-1.3370000000000006,3064.3638846761514,5628.2311,-3136.8876,367.78509999999994
2036,30983,9.67013888888889,6.632179958354569,3.8089999999999997,-5.327,-1.0490000000000008,3065.589227929032,5629.9999,-3136.4542,365.90860000000004
2037,30984,9.670416666666666,6.6070430602501755,4.061,-5.089,-1.1240000000000008,3066.8143699232264,5631.7678,-3136.0203,364.0321
2038,30985,9.670694444444445,6.628746261549011,4.167999999999999,-4.978,-1.3370000000000009,3068.039304429594,5633.534799999999,-3135.5859,362.1555
2039,30986,9.670972222222222,6.655084822900456,4.215999999999999,-4.943,-1.4430000000000005,3069.2640363377004,5635.3009,-3135.151,360.27889999999996
2040,30987,9.671249999999999,6.6620037526257825,4.2909999999999995,-4.877000000000001,-1.4780000000000006,3070.4885597818648,5637.0661,-3134.7156,358.4022
2041,30988,9.671527777777778,6.661064254306514,4.270999999999999,-4.840000000000001,-1.6440000000000008,3071.7128798942967,5638.830400000001,-3134.2797,356.52549999999997
2042,30989,9.671805555555554,6.640464516884342,4.1899999999999995,-4.85,-1.7370000000000005,3072.9370390991935,5640.5938,-3133.8434,354.64869999999996
2043,30990,9.672083333333333,6.629354191774642,4.119,-4.9,-1.7240000000000006,3074.16102753868,5642.3564,-3133.4065,352.77180000000004
2044,30991,9.672361111111112,6.609960136037131,4.087000000000001,-4.902,-1.7200000000000006,3075.3848111540365,5644.1181,-3132.9691,350.8949
2045,30992,9.672638888888887,6.5932224291312975,4.202,-4.697,-1.9370000000000007,3076.6084323591595,5645.878900000001,-3132.5312999999996,349.0179
2046,30993,9.672916666666666,6.661150501227247,4.047,-4.781000000000001,-2.266000000000001,3077.8317993402147,5647.638800000001,-3132.0928999999996,347.1409
2047,30994,9.673194444444444,6.641095165708739,3.8239999999999994,-4.9879999999999995,-2.1450000000000005,3079.0549548211166,5649.397800000001,-3131.654,345.2638
2048,30995,9.673472222222221,6.663418191889205,3.6980000000000004,-5.167,-2.0070000000000006,3080.2779035881013,5651.1559,-3131.2146000000002,343.38669999999996
2049,30996,9.67375,6.637161215459512,3.7079999999999997,-5.207,-1.7860000000000007,3081.500639593608,5652.9131,-3130.7747000000004,341.5095
2050,30997,9.674027777777777,6.663179196149538,3.8,-5.234,-1.6010000000000009,3082.7232984632196,5654.6695,-3130.3344,339.6322
2051,30998,9.674305555555554,6.684201897010593,3.8949999999999996,-5.267,-1.3290000000000006,3083.945749021185,5656.425,-3129.8936,337.7549
2052,30999,9.674583333333333,6.72370388997017,4.048,-5.233,-1.1990000000000007,3085.1678500194625,5658.1795,-3129.4521999999997,335.8775
2053,31000,9.67486111111111,6.740339679867773,4.209,-5.122999999999999,-1.2130000000000005,3086.3897905084596,5659.9331,-3129.0104,334.0001
2054,31001,9.675138888888888,6.743131690839206,4.2,-5.1160000000000005,-1.2870000000000006,3087.6115211662277,5661.6858,-3128.5681,332.1227
2055,31002,9.675416666666667,6.741800649678096,4.116,-5.202,-1.2040000000000006,3088.8330757381527,5663.4376999999995,-3128.1252,330.2452
2056,31003,9.675694444444444,6.713619664532688,4.074,-5.218,-1.1170000000000007,3090.0544629206975,5665.1887,-3127.6819,328.3676
2057,31004,9.675972222222223,6.716269500250865,4.1240000000000006,-5.2,-1.0300000000000007,3091.2756391639587,5666.9388,-3127.2381,326.48999999999995
2058,31005,9.67625,6.67987784319444,4.26,-5.0680000000000005,-0.8880000000000006,3092.496603730904,5668.688,-3126.7938,324.6124
2059,31006,9.676527777777777,6.669922713195408,4.2509999999999994,-5.018,-1.1120000000000008,3093.7173511817687,5670.436299999999,-3126.3489999999997,322.73470000000003
2060,31007,9.676805555555555,6.6596671087975565,4.051,-5.114,-1.3370000000000006,3094.937798677621,5672.1836,-3125.9037,320.85699999999997
2061,31008,9.677083333333332,6.680486958298774,3.901,-5.207,-1.5160000000000007,3096.1581156372067,5673.9301,-3125.4579000000003,318.97920000000005
2062,31009,9.67736111111111,6.678971028534261,3.786,-5.293,-1.5030000000000006,3097.378267320678,5675.6757,-3125.0117,317.1014
2063,31010,9.67763888888889,6.688510820803089,3.694,-5.3500000000000005,-1.5710000000000006,3098.5982003967492,5677.4204,-3124.565,315.2235
2064,31011,9.677916666666665,6.696547543324097,3.6419999999999995,-5.433,-1.4360000000000008,3099.817865963491,5679.1642,-3124.1177,313.3455
2065,31012,9.678194444444443,6.685547172819889,3.682,-5.411,-1.3640000000000005,3101.0373649127323,5680.907099999999,-3123.67,311.4675
2066,31013,9.678472222222222,6.644614360517847,3.7560000000000002,-5.35,-1.1920000000000006,3102.2566484237823,5682.6491000000005,-3123.2218000000003,309.58950000000004
2067,31014,9.678749999999999,6.615773953212126,3.78,-5.287000000000001,-1.2360000000000007,3103.4757114613676,5684.3902,-3122.7731,307.7114
2068,31015,9.679027777777778,6.625013962249438,3.725,-5.303,-1.3760000000000006,3104.694553357608,5686.1304,-3122.3239000000003,305.8332
2069,31016,9.679305555555555,6.628477125252829,3.6949999999999994,-5.322,-1.4000000000000008,3105.913314032868,5687.8698,-3121.8743000000004,303.955
2070,31017,9.679583333333332,6.651283560336306,3.732,-5.3180000000000005,-1.4250000000000005,3107.131804798625,5689.6083,-3121.4240999999997,302.0767
2071,31018,9.67986111111111,6.6629997748761784,3.7689999999999997,-5.314,-1.3970000000000007,3108.3500778679895,5691.3459,-3120.9734,300.19840000000005
2072,31019,9.680138888888887,6.6842355583866135,3.819,-5.312,-1.3700000000000006,3109.5681280959716,5693.0826,-3120.5222,298.32
2073,31020,9.680416666666666,6.710071683670749,3.811,-5.354,-1.3550000000000004,3110.785964370886,5694.8184,-3120.0705,296.44169999999997
2074,31021,9.680694444444445,6.690471433314696,3.87,-5.247999999999999,-1.4980000000000007,3112.0036250286744,5696.5533000000005,-3119.6184000000003,294.5633
2075,31022,9.680972222222222,6.685151157602946,3.839,-5.218,-1.6510000000000005,3113.221061618558,5698.2873,-3119.1657999999998,292.6848
2076,31023,9.68125,6.719349745325063,3.7159999999999997,-5.254,-1.9330000000000005,3114.438273617861,5700.020399999999,-3118.7126999999996,290.80620000000005
2077,31024,9.681527777777777,6.746527847715445,3.6779999999999995,-5.276999999999999,-2.0350000000000006,3115.6553572728644,5701.7527,-3118.2590999999998,288.92769999999996
2078,31025,9.681805555555554,6.7146053495347,3.654,-5.272,-1.9850000000000005,3116.8722634116075,5703.4841,-3117.8051,287.0491
2079,31026,9.682083333333333,6.75179013299436,3.6369999999999996,-5.335,-1.9740000000000006,3118.0888080455297,5705.2145,-3117.3504999999996,285.17040000000003
2080,31027,9.68236111111111,6.751370675648021,3.6670000000000003,-5.3340000000000005,-1.919000000000001,3119.3052664829474,5706.9441,-3116.8955,283.2917
2081,31028,9.682638888888889,6.754624563956164,3.7659999999999996,-5.254,-1.9590000000000003,3120.5214982140465,5708.672799999999,-3116.4399999999996,281.4129
2082,31029,9.682916666666667,6.7498919250607265,3.804,-5.183,-2.0560000000000005,3121.737507075727,5710.400599999999,-3115.984,279.5341
2083,31030,9.683194444444444,6.743485448935142,3.8839999999999995,-5.052,-2.206000000000001,3122.9532883260226,5712.1275000000005,-3115.5275,277.65520000000004
2084,31031,9.683472222222223,6.7648244618763025,3.835,-5.085,-2.2800000000000002,3124.1688458457074,5713.853499999999,-3115.0705,275.7763
2085,31032,9.68375,6.781873929822051,3.7949999999999995,-5.133,-2.2900000000000005,3125.384314731874,5715.5787,-3114.6131,273.8974
2086,31033,9.684027777777777,6.779904866589207,3.779,-5.162000000000001,-2.2450000000000006,3126.599558892353,5717.303,-3114.1552,272.0185
2087,31034,9.684305555555556,6.761925391484293,3.7949999999999995,-5.1370000000000005,-2.221000000000001,3127.8144859099693,5719.0262999999995,-3113.6968,270.13950000000006
2088,31035,9.684583333333332,6.730902316926015,3.8809999999999993,-5.0409999999999995,-2.198000000000001,3129.029275042213,5720.748799999999,-3113.2379,268.2605
2089,31036,9.684861111111111,6.677375607227738,3.9449999999999994,-4.896,-2.2480000000000007,3130.2438818001147,5722.4704,-3112.7786,266.38140000000004
2090,31037,9.68513888888889,6.621871034684985,3.9159999999999995,-4.822,-2.2940000000000005,3131.4582143516336,5724.1911,-3112.3187,264.5023
2091,31038,9.685416666666667,6.5989809061702855,3.8279999999999994,-4.826,-2.3670000000000004,3132.6723675987787,5725.910900000001,-3111.8584,262.6232
2092,31039,9.685694444444445,6.59505761915694,3.7399999999999998,-4.879,-2.388000000000001,3133.8863771984247,5727.629900000001,-3111.3976000000002,260.744
2093,31040,9.685972222222222,6.570887991740538,3.652,-4.944,-2.3230000000000004,3135.1001588993686,5729.348,-3110.9363000000003,258.8648
2094,31041,9.68625,6.5577636431942254,3.6379999999999995,-4.976,-2.238000000000001,3136.3137083291126,5731.0652,-3110.4745000000003,256.9855
2095,31042,9.686527777777778,6.5369590789601855,3.6630000000000003,-4.963,-2.1640000000000006,3137.527028855606,5732.7815,-3110.0122,255.1062
2096,31043,9.686805555555555,6.53470060523051,3.7359999999999998,-4.954,-2.0500000000000007,3138.740116226595,5734.4969,-3109.5494000000003,253.2268
2097,31044,9.687083333333334,6.550668439174738,3.7619999999999996,-4.983,-1.9820000000000004,3139.9531092530515,5736.211499999999,-3109.0862,251.34739999999996
2098,31045,9.687361111111112,6.608039194799013,3.7749999999999995,-5.039,-2.0060000000000007,3141.165780430588,5737.9251,-3108.6225,249.46790000000001
2099,31046,9.68763888888889,6.6627682685202245,3.839,-5.076,-1.9720000000000006,3142.378312577896,5739.6379,-3108.1583,247.58849999999998
2100,31047,9.687916666666668,6.720400136896612,3.975,-5.0329999999999995,-2.008000000000001,3143.590657530842,5741.3498,-3107.6937000000003,245.709
2101,31048,9.688194444444445,6.759162152219756,4.036,-5.049,-1.9760000000000004,3144.802767114492,5743.060799999999,-3107.2286,243.8294
2102,31049,9.688472222222222,6.786026009381338,4.095000000000001,-5.032,-1.9900000000000007,3146.014644850511,5744.7708999999995,-3106.763,241.94979999999995
2103,31050,9.68875,6.808126467685512,4.095,-5.075,-1.9560000000000006,3147.2264254476345,5746.4802,-3106.2969999999996,240.07019999999997
2104,31051,9.689027777777778,6.817098282994019,4.082,-5.099,-1.9520000000000006,3148.4379732310867,5748.1885999999995,-3105.8305,238.1906
2105,31052,9.689305555555555,6.797638781223963,4.0809999999999995,-5.114,-1.8440000000000007,3149.649283964966,5749.8961,-3105.3635,236.31090000000003
2106,31053,9.689583333333335,6.777277403205509,4.055,-5.16,-1.6920000000000008,3150.8604083590512,5751.6026999999995,-3104.8961,234.4312
2107,31054,9.689861111111112,6.796057533599903,4.093999999999999,-5.171,-1.6390000000000007,3152.0712474354696,5753.3084,-3104.4281,232.5514
2108,31055,9.690138888888889,6.821482390214022,4.081999999999999,-5.243,-1.5430000000000006,3153.2819872199148,5755.0133000000005,-3103.9597000000003,230.67159999999998
2109,31056,9.690416666666668,6.8165385644034915,4.082,-5.265000000000001,-1.4430000000000007,3154.492488217972,5756.7173,-3103.4908000000005,228.7917
2110,31057,9.690694444444443,6.832016978901619,3.9899999999999993,-5.384,-1.3300000000000005,3155.702753721899,5758.4204,-3103.0214,226.91180000000003
2111,31058,9.690972222222223,6.80854977216147,3.979,-5.375,-1.2780000000000007,3156.9127831780243,5760.122600000001,-3102.5515000000005,225.0319
2112,31059,9.69125,6.773015133601873,3.965,-5.37,-1.1470000000000007,3158.122623498443,5761.8239,-3102.0812,223.152
2113,31060,9.691527777777779,6.742805499196903,3.999,-5.313,-1.1160000000000005,3159.332223366559,5763.5243,-3101.6104,221.27200000000002
2114,31061,9.691805555555556,6.734894357003679,4.047,-5.263,-1.1320000000000006,3160.541585863057,5765.2238,-3101.1391,219.392
2115,31062,9.692083333333333,6.723603869949508,4.09,-5.182,-1.2750000000000006,3161.7507577921615,5766.9223999999995,-3100.6674,217.512
2116,31063,9.692361111111111,6.738509850107812,4.115,-5.139,-1.4370000000000005,3162.9597289137996,5768.6202,-3100.1951,215.6319
2117,31064,9.692638888888888,6.72010074329247,4.0440000000000005,-5.157,-1.4870000000000005,3164.1685086953025,5770.3171,-3099.7224,213.7518
2118,31065,9.692916666666667,6.684268770778147,3.971,-5.148000000000001,-1.5520000000000007,3165.37704918744,5772.0131,-3099.2491999999997,211.8717
2119,31066,9.693194444444446,6.647690877289647,3.8,-5.237,-1.5250000000000006,3166.5853500023686,5773.708199999999,-3098.7754999999997,209.9916
2120,31067,9.693472222222223,6.5867980840466025,3.7669999999999995,-5.178,-1.5440000000000007,3167.7935430080224,5775.4025,-3098.3014,208.1114
2121,31068,9.69375,6.563266031481582,3.7060000000000004,-5.205,-1.5000000000000007,3169.001495426693,5777.0959,-3097.8268,206.2312
2122,31069,9.69402777777778,6.555613624978214,3.6710000000000003,-5.223,-1.4900000000000007,3170.209291868038,5778.7885,-3097.3517,204.3509
2123,31070,9.694305555555555,6.541010472396448,3.6670000000000003,-5.227,-1.4200000000000004,3171.416894057695,5780.4802,-3096.8762,202.47060000000002
2124,31071,9.694583333333334,6.4896314225077525,3.658,-5.215999999999999,-1.2360000000000007,3172.624301484236,5782.171,-3096.4003000000002,200.5903
2125,31072,9.694861111111111,6.503966635830784,3.7349999999999994,-5.211,-1.0940000000000005,3173.831416416665,5783.8609,-3095.9237999999996,198.7099
2126,31073,9.695138888888888,6.467052806340766,3.8019999999999996,-5.151999999999999,-0.9080000000000006,3175.03833891318,5785.5499,-3095.4469,196.8296
2127,31074,9.695416666666667,6.433205965923988,3.909,-5.053,-0.7570000000000007,3176.2451505602708,5787.2381000000005,-3094.9696,194.9492
2128,31075,9.695694444444445,6.403465389927551,4.0520000000000005,-4.9159999999999995,-0.6470000000000006,3177.4516685671383,5788.9254,-3094.4917,193.0687
2129,31076,9.695972222222222,6.420795978692984,4.2829999999999995,-4.744,-0.6140000000000005,3178.6579894928554,5790.611800000001,-3094.0134000000003,191.1882
2130,31077,9.696250000000001,6.424957898694746,4.432,-4.622,-0.5240000000000007,3179.8640661348095,5792.2973,-3093.5346,189.3077
2131,31078,9.696527777777778,6.469778512437656,4.543,-4.583,-0.4640000000000006,3181.070032954157,5793.982,-3093.0554,187.4272
2132,31079,9.696805555555557,6.54683236382298,4.699,-4.5329999999999995,-0.48200000000000054,3182.2756663348396,5795.6657000000005,-3092.5757000000003,185.5467
2133,31080,9.697083333333335,6.612428071442441,4.79,-4.532,-0.49100000000000066,3183.481051009086,5797.3485,-3092.0955000000004,183.66609999999997
2134,31081,9.69736111111111,6.690077578025534,4.8709999999999996,-4.558999999999999,-0.4960000000000006,3184.6863630675302,5799.0306,-3091.6148,181.7854
2135,31082,9.69763888888889,6.727756386790473,4.888999999999999,-4.596,-0.48700000000000065,3185.8914782437596,5800.711799999999,-3091.1337,179.9048
2136,31083,9.697916666666668,6.728458218641177,4.917,-4.565,-0.5060000000000007,3187.096343547557,5802.3921,-3090.6521000000002,178.0241
2137,31084,9.698194444444443,6.717388555085972,4.924,-4.538,-0.5330000000000006,3188.3009614357456,5804.0715,-3090.17,176.14339999999999
2138,31085,9.698472222222222,6.731673046130508,4.856999999999999,-4.627000000000001,-0.5620000000000006,3189.5053784919555,5805.75,-3089.6875,174.2627
2139,31086,9.69875,6.7657879068146975,4.769,-4.755000000000001,-0.6500000000000006,3190.709632636426,5807.4277,-3089.2045,172.38190000000003
2140,31087,9.699027777777777,6.860174706230156,4.731,-4.91,-0.7560000000000006,3191.9136874306128,5809.1044999999995,-3088.7210999999998,170.5012
2141,31088,9.699305555555556,6.889148423426512,4.773,-4.914,-0.7290000000000008,3193.1174902586044,5810.7804,-3088.2372,168.6204
2142,31089,9.699583333333333,6.880236187806346,4.714999999999999,-4.9719999999999995,-0.6210000000000007,3194.321131733586,5812.455500000001,-3087.7527999999998,166.73960000000002
2143,31090,9.69986111111111,6.86686034516503,4.731,-4.933,-0.6610000000000006,3195.524523103756,5814.1296999999995,-3087.2679000000003,164.85880000000003
2144,31091,9.700138888888889,6.842424204914511,4.717999999999999,-4.893,-0.7860000000000006,3196.72762254493,5815.8029,-3086.7826,162.978
2145,31092,9.700416666666666,6.83628217673905,4.654999999999999,-4.92,-0.9270000000000007,3197.9305567088254,5817.4753,-3086.2968,161.0971
2146,31093,9.700694444444443,6.894484244669791,4.595999999999999,-5.058999999999999,-0.9040000000000006,3199.1332862824847,5819.1468,-3085.8106,159.21620000000001
2147,31094,9.700972222222223,6.997204013032634,4.552,-5.236,-0.9080000000000007,3200.335764053326,5820.8174,-3085.3239,157.33530000000002
2148,31095,9.70125,7.063872450717099,4.610999999999999,-5.2780000000000005,-0.8830000000000006,3201.5381246763563,5822.4872000000005,-3084.8368,155.45440000000002
2149,31096,9.701527777777777,7.018427957883445,4.6129999999999995,-5.239,-0.7290000000000006,3202.740232600533,5824.1561,-3084.3492,153.57350000000002
2150,31097,9.701805555555556,6.969672230456752,4.590999999999999,-5.2170000000000005,-0.5310000000000006,3203.9420826721957,5825.8241,-3083.8611,151.6924
2151,31098,9.70208333333333,6.9688878596229396,4.577,-5.225,-0.5620000000000005,3205.143767624956,5827.4913,-3083.3725,149.81130000000002
2152,31099,9.702361111111111,6.9211475204621955,4.661,-5.091,-0.5090000000000006,3206.345245365575,5829.1576,-3082.8835,147.9302
2153,31100,9.702638888888888,6.910007670039159,4.701,-5.026,-0.6230000000000006,3207.5465153414484,5830.823,-3082.3941,146.0491
2154,31101,9.702916666666667,6.922646748173707,4.669,-5.081,-0.5540000000000006,3208.7476188000123,5832.4875999999995,-3081.9042,144.168
2155,31102,9.703194444444444,6.895030746849502,4.673,-5.054,-0.4020000000000006,3209.9484670462634,5834.1512999999995,-3081.4138,142.2869
2156,31103,9.70347222222222,6.889961610923533,4.733,-4.979,-0.5290000000000006,3211.149147924084,5835.8142,-3080.9229000000005,140.40580000000003
2157,31104,9.70375,6.812437596044459,4.823,-4.779,-0.5560000000000006,3212.3496173416906,5837.476199999999,-3080.4316000000003,138.52460000000002
2158,31105,9.704027777777776,6.754440687429271,4.732,-4.773999999999999,-0.6630000000000007,3213.5498301749285,5839.1373,-3079.9398,136.64339999999999
2159,31106,9.704305555555555,6.741811403473104,4.677999999999999,-4.7909999999999995,-0.7840000000000006,3214.7498326234936,5840.7975,-3079.4476,134.76219999999998
2160,31107,9.704583333333334,6.69292663937085,4.637,-4.742999999999999,-0.8930000000000007,3215.949666377602,5842.4569,-3078.9548999999997,132.881
2161,31108,9.70486111111111,6.6427181936312785,4.563999999999999,-4.755,-0.8280000000000006,3217.1492004291804,5844.1152999999995,-3078.4618,130.9998
2162,31109,9.705138888888888,6.654396065759837,4.411,-4.895,-0.9290000000000006,3218.3485646304594,5845.772900000001,-3077.9682000000003,129.1186
2163,31110,9.705416666666668,6.586004403278213,4.353,-4.901000000000001,-0.6380000000000007,3219.5477566907093,5847.4297,-3077.4741,127.2373
2164,31111,9.705694444444443,6.560612242771248,4.361,-4.864,-0.6040000000000006,3220.746736140774,5849.0856,-3076.9795999999997,125.35600000000002
2165,31112,9.705972222222222,6.566380205257689,4.442,-4.788,-0.6790000000000007,3221.945502596362,5850.7406,-3076.4847,123.47470000000001
2166,31113,9.706249999999999,6.562411599404596,4.468999999999999,-4.7509999999999994,-0.7220000000000006,3223.1440073601884,5852.3947,-3075.9893,121.5933
2167,31114,9.706527777777776,6.636536069366308,4.391,-4.911,-0.8030000000000006,3224.3423421809566,5854.048000000001,-3075.4934,119.71199999999999
2168,31115,9.706805555555555,6.696892861618737,4.417,-4.966,-0.8230000000000006,3225.5404609293405,5855.7004,-3074.9971,117.8306
2169,31116,9.707083333333333,6.763445349819868,4.505999999999999,-4.971,-0.8540000000000006,3226.7384069182494,5857.352,-3074.5003,115.94920000000002
2170,31117,9.70736111111111,6.7862252394096085,4.58,-4.943,-0.8020000000000007,3227.936049417292,5859.0026,-3074.0031,114.0678
2171,31118,9.707638888888889,6.813983122961195,4.621,-4.935,-0.8500000000000008,3229.1335183029687,5860.652400000001,-3073.5054,112.1864
2172,31119,9.707916666666666,6.7708147958720595,4.744,-4.754,-0.8590000000000007,3230.330769550889,5862.3013,-3073.0073,110.3049
2173,31120,9.708194444444445,6.798472916765942,4.755,-4.772,-0.9150000000000007,3231.5278482567055,5863.9493999999995,-3072.5087,108.42350000000002
2174,31121,9.708472222222223,6.820775689025406,4.778,-4.763999999999999,-0.9990000000000006,3232.724662014789,5865.5966,-3072.0096000000003,106.542
2175,31122,9.708749999999998,6.807755650726603,4.709999999999999,-4.834,-0.8910000000000007,3233.9212582905916,5867.2429,-3071.5101000000004,104.6605
2176,31123,9.709027777777777,6.792973281266459,4.695,-4.825,-0.9060000000000006,3235.1177256268443,5868.8884,-3071.0101999999997,102.779
2177,31124,9.709305555555556,6.773629086390838,4.7509999999999994,-4.738999999999999,-0.9230000000000006,3236.3139283975024,5870.533,-3070.5098000000003,100.8975
2178,31125,9.709583333333331,6.662010732504114,4.829,-4.511,-0.8450000000000006,3237.5099549483957,5872.176799999999,-3070.0089,99.01599999999999
2179,31126,9.70986111111111,6.614285222153638,4.763,-4.51,-0.8500000000000008,3238.7057623366563,5873.8197,-3069.5076,97.1345
2180,31127,9.710138888888888,6.642226584512154,4.662,-4.647,-0.8890000000000006,3239.901392673119,5875.4618,-3069.0058,95.253
2181,31128,9.710416666666665,6.648038131659596,4.619,-4.6850000000000005,-0.9550000000000007,3241.096801687626,5877.103,-3068.5036,93.3714
2182,31129,9.710694444444444,6.714088247856146,4.514,-4.871,-0.9880000000000007,3242.2919455042306,5878.7433,-3068.0009,91.4899
2183,31130,9.710972222222221,6.7586408396955076,4.435,-5.0009999999999994,-1.0000000000000004,3243.4868672578896,5880.3827,-3067.4978,89.6083
2184,31131,9.711249999999998,6.765828035059714,4.443,-5.006,-0.9880000000000007,3244.6816565703184,5882.0213,-3066.9943,87.7267
2185,31132,9.711527777777778,6.7625449351557005,4.438000000000001,-5.001,-1.0130000000000006,3245.8761777914833,5883.659,-3066.4903000000004,85.8451
2186,31133,9.711805555555554,6.756582568133094,4.4239999999999995,-5.024,-0.9160000000000007,3247.070430957733,5885.2958,-3065.9858,83.9635
2187,31134,9.712083333333332,6.758476233589935,4.324,-5.12,-0.8750000000000007,3248.264549177228,5886.9318,-3065.4809,82.0818
2188,31135,9.712361111111111,6.833602490634058,4.223,-5.287,-0.9550000000000006,3249.4584457067326,5888.5669,-3064.9756,80.2002
2189,31136,9.712638888888888,6.840074634095742,4.1739999999999995,-5.3309999999999995,-0.9720000000000006,3250.652071496758,5890.2011,-3064.4698,78.3185
2190,31137,9.712916666666667,6.8383382484343365,4.203,-5.294,-1.0350000000000006,3251.8455623949826,5891.8345,-3063.9636,76.4368
2191,31138,9.713194444444444,6.829825986070215,4.202999999999999,-5.2829999999999995,-1.0350000000000006,3253.0387840794688,5893.467,-3063.4569,74.5552
2192,31139,9.71347222222222,6.828245821585512,4.186,-5.296,-1.0270000000000006,3254.2318687460256,5895.0987000000005,-3062.9498,72.6735
2193,31140,9.71375,6.813962283429517,4.159999999999999,-5.279,-1.1210000000000007,3255.4246824603956,5896.7294999999995,-3062.4422,70.7918
2194,31141,9.714027777777776,6.817859194791279,4.068,-5.364,-1.0780000000000007,3256.6172247322806,5898.359399999999,-3061.9341,68.9101
2195,31142,9.714305555555555,6.863028923150477,4.066,-5.420999999999999,-1.0870000000000006,3257.8096296400727,5899.9885,-3061.4256,67.0284
2196,31143,9.714583333333334,6.877436586403396,3.9620000000000006,-5.507,-1.1290000000000007,3259.001808405839,5901.6167000000005,-3060.9167,65.1467
2197,31144,9.71486111111111,6.818381846156755,4.055,-5.335,-1.2590000000000008,3260.193760595376,5903.244,-3060.4073999999996,63.265
2198,31145,9.71513888888889,6.835278633676904,4.127999999999999,-5.301,-1.2570000000000006,3261.385527410077,5904.8705,-3059.8976,61.3832
2199,31146,9.715416666666666,6.824085433228397,4.215,-5.226,-1.2210000000000005,3262.5770667375377,5906.496099999999,-3059.3874,59.501400000000004
2200,31147,9.715694444444443,6.825320578551604,4.321,-5.154,-1.1620000000000006,3263.7683329796464,5908.1208,-3058.8767,57.6197
2201,31148,9.715972222222224,6.776929688288052,4.385999999999999,-5.046,-1.1080000000000005,3264.9594586996054,5909.7447,-3058.3656,55.7379
2202,31149,9.716249999999999,6.769567637596954,4.449,-4.974,-1.1370000000000007,3266.150398633716,5911.3678,-3057.854,53.856100000000005
2203,31150,9.716527777777777,6.8577335177156025,4.508,-5.022,-1.2190000000000007,3267.3411094667035,5912.99,-3057.3419999999996,51.97430000000001
2204,31151,9.716805555555556,6.928318194194028,4.555999999999999,-5.051,-1.3160000000000007,3268.531590683854,5914.6113,-3056.8296,50.0925
2205,31152,9.717083333333331,6.9877963622303705,4.546999999999999,-5.140000000000001,-1.3170000000000006,3269.721884543473,5916.2318,-3056.3167,48.210699999999996
2206,31153,9.717361111111112,7.122463057117249,4.6579999999999995,-5.2299999999999995,-1.2960000000000007,3270.9119910240843,5917.8515,-3055.8033,46.3289
2207,31154,9.717638888888889,7.244658584088004,4.727,-5.375,-1.1180000000000008,3272.1018666413656,5919.4703,-3055.2895,44.4471
2208,31155,9.717916666666666,7.332047122052613,4.821,-5.415,-1.0930000000000006,3273.291465265741,5921.0882,-3054.7752,42.5653
2209,31156,9.718194444444444,7.447962204522791,4.933999999999999,-5.4590000000000005,-1.1520000000000006,3274.4809210087096,5922.7053,-3054.2605,40.6835
2210,31157,9.718472222222221,7.5723448151810935,5.013,-5.566,-1.1090000000000004,3275.670143959198,5924.3215,-3053.7454,38.8016
2211,31158,9.71875,7.709819388286602,5.124999999999999,-5.621,-1.2570000000000008,3276.859177575826,5925.9369,-3053.2298,36.9197
2212,31159,9.719027777777779,7.830447624497594,5.178,-5.705,-1.3990000000000005,3278.0478898740175,5927.5513,-3052.7138000000004,35.0379
2213,31160,9.719305555555556,7.79879080370797,5.142999999999999,-5.695,-1.3920000000000008,3279.2364577134877,5929.1649,-3052.1974,33.156099999999995
2214,31161,9.719583333333334,7.742023378936543,5.1739999999999995,-5.575,-1.4450000000000007,3280.424834922126,5930.777700000001,-3051.6805,31.2743
2215,31162,9.719861111111111,7.72627348726409,5.174,-5.525,-1.5490000000000006,3281.612931723755,5932.3896,-3051.1631,29.392400000000002
2216,31163,9.720138888888888,7.615110570438226,5.1129999999999995,-5.424,-1.5580000000000005,3282.8008397267486,5934.0006,-3050.6454,27.510499999999997
2217,31164,9.720416666666669,7.5904902344973735,5.058,-5.447,-1.5370000000000006,3283.9885103144707,5935.6108,-3050.1271,25.6286
2218,31165,9.720694444444444,7.539962466750084,4.952,-5.509,-1.4070000000000005,3285.1759912449043,5937.2201000000005,-3049.6085,23.7467
2219,31166,9.720972222222223,7.439515441209864,4.958,-5.415,-1.2010000000000007,3286.3632796165775,5938.8286,-3049.0894,21.8648
2220,31167,9.721250000000001,7.3986583243179975,4.864,-5.432,-1.2550000000000006,3287.5503753059033,5940.4363,-3048.5698,19.983
2221,31168,9.721527777777778,7.397869828538482,4.87,-5.443,-1.1770000000000007,3288.737145443244,5942.043,-3048.0498000000002,18.101200000000002
2222,31169,9.721805555555557,7.37390168092849,4.919,-5.373,-1.1440000000000006,3289.92385609403,5943.648999999999,-3047.5294,16.219299999999997
2223,31170,9.722083333333334,7.402568067907245,4.995,-5.342,-1.1450000000000007,3291.110283701392,5945.2541,-3047.0085,14.337399999999999
2224,31171,9.72236111111111,7.401083231527666,4.9799999999999995,-5.372,-1.0570000000000006,3292.2964734780426,5946.8583,-3046.4872000000005,12.455499999999999
2225,31172,9.72263888888889,7.3823049246153465,4.939,-5.384,-1.0570000000000006,3293.482514129179,5948.4617,-3045.9655,10.5736
2226,31173,9.722916666666666,7.434546052046485,4.932999999999999,-5.475,-0.9810000000000005,3294.6682704686705,5950.0642,-3045.4433,8.6917
2227,31174,9.723194444444443,7.4268276538506,4.828,-5.549,-1.0280000000000007,3295.8537879044575,5951.665800000001,-3044.9207,6.8098
2228,31175,9.723472222222224,7.384022887288473,4.792999999999999,-5.513,-1.0760000000000007,3297.039109309786,5953.2666,-3044.3976,4.927899999999999
2229,31176,9.723749999999999,7.448525961557763,4.661,-5.713,-1.0570000000000008,3298.224190759938,5954.8665,-3043.8741,3.0461
2230,31177,9.724027777777778,7.32878284573912,4.654999999999999,-5.593,-0.8720000000000006,3299.4090317983064,5956.4655,-3043.3502,1.1641999999999997
2231,31178,9.724305555555556,7.288321823300614,4.680999999999999,-5.543,-0.6950000000000006,3300.5938102376253,5958.0638,-3042.8259,-0.7177
2232,31179,9.724583333333333,7.273848843631547,4.707,-5.518,-0.5520000000000007,3301.7782130752357,5959.6611,-3042.3011,-2.5996
2233,31180,9.724861111111112,7.315288237656805,4.656000000000001,-5.625,-0.4410000000000006,3302.962463510936,5961.2576,-3041.7759,-4.4815
2234,31181,9.725138888888889,7.351645666107691,4.682,-5.649,-0.46300000000000063,3304.1465157041944,5962.853300000001,-3041.2502,-6.3634
2235,31182,9.725416666666666,7.355815250534778,4.707,-5.6370000000000005,-0.42000000000000065,3305.3303256709287,5964.4481,-3040.7241000000004,-8.2453
2236,31183,9.725694444444445,7.315087149173276,4.654,-5.628,-0.42000000000000065,3306.513981695648,5966.042100000001,-3040.1976000000004,-10.1271
2237,31184,9.725972222222222,7.246248339658254,4.657,-5.545,-0.27100000000000063,3307.697394649619,5967.6352,-3039.6706999999997,-12.0089
2238,31185,9.72625,7.232388540447754,4.651999999999999,-5.5360000000000005,-0.13800000000000057,3308.880653192853,5969.2275,-3039.1434,-13.8907
2239,31186,9.726527777777779,7.192836714398569,4.75,-5.4,-0.12000000000000062,3310.0636224901186,5970.8189,-3038.6156,-15.7726
2240,31187,9.726805555555556,7.284810018113033,4.808,-5.4670000000000005,-0.2520000000000006,3311.2464366246277,5972.4095,-3038.0874,-17.654500000000002
2241,31188,9.727083333333335,7.27003844556547,4.793,-5.457,-0.3190000000000006,3312.428960777357,5973.9992,-3037.5587,-19.5364
2242,31189,9.727361111111112,7.414826296009907,4.6930000000000005,-5.7299999999999995,-0.35000000000000064,3313.6113289899104,5975.5881,-3037.0296,-21.418300000000002
2243,31190,9.727638888888889,7.457110566432551,4.805,-5.693,-0.33200000000000063,3314.7934512072925,5977.1761,-3036.5001,-23.3001
2244,31191,9.727916666666667,7.53568736081852,4.83,-5.779999999999999,-0.22200000000000059,3315.975416745624,5978.7633000000005,-3035.9701999999997,-25.181900000000002
2245,31192,9.728194444444444,7.5645168385033035,4.881,-5.777,-0.1550000000000006,3317.157090740452,5980.3496,-3035.4397999999997,-27.0637
2246,31193,9.728472222222223,7.624436044718324,5.0200000000000005,-5.736,-0.17300000000000063,3318.338607402763,5981.9351,-3034.9089999999997,-28.945600000000002
2247,31194,9.72875,7.673931586872533,5.179,-5.657,-0.25600000000000056,3319.519921016654,5983.5198,-3034.3777,-30.827500000000004
2248,31195,9.729027777777777,7.77827140179616,5.2170000000000005,-5.7589999999999995,-0.34400000000000064,3320.7008979070733,5985.1035,-3033.846,-32.7094
2249,31196,9.729305555555555,7.851702808945331,5.176,-5.894,-0.3450000000000006,3321.8818047264126,5986.686500000001,-3033.3139,-34.5912
2250,31197,9.729583333333334,7.89523001564869,5.063000000000001,-6.0520000000000005,-0.2720000000000006,3323.0624181163066,5988.2686,-3032.7813,-36.473
2251,31198,9.72986111111111,7.973900676582321,4.906000000000001,-6.284000000000001,-0.16000000000000061,3324.242782879199,5989.8498,-3032.2483,-38.3548
2252,31199,9.730138888888888,7.893868253271015,4.946,-6.151999999999999,-0.056000000000000626,3325.422987795152,5991.4302,-3031.7149,-40.236599999999996
2253,31200,9.730416666666667,7.827736965432602,4.956,-6.059,-0.0070000000000006255,3326.6028985429693,5993.0097000000005,-3031.1809999999996,-42.1185
2254,31201,9.730694444444445,7.841625022914575,4.933,-6.095000000000001,-0.08700000000000063,3327.782558731929,5994.588299999999,-3030.6467000000002,-44.0003
2255,31202,9.730972222222222,7.847022174047935,4.928,-6.101999999999999,-0.23700000000000063,3328.962058000588,5996.1661,-3030.112,-45.882099999999994
2256,31203,9.73125,7.82792117998131,4.912999999999999,-6.084999999999999,-0.33400000000000063,3330.1413958058424,5997.743100000001,-3029.5769,-47.7639
2257,31204,9.73152777777778,7.901543773212929,4.819,-6.247,-0.43200000000000066,3331.3204827037166,5999.3192,-3029.0414,-49.6457
2258,31205,9.731805555555557,7.896184774940364,4.7940000000000005,-6.253,-0.5170000000000006,3332.499361414279,6000.894499999999,-3028.5054,-51.5274
2259,31206,9.732083333333334,7.862627741410629,4.793,-6.215,-0.47100000000000064,3333.6779889794975,6002.4689,-3027.969,-53.4092
2260,31207,9.73236111111111,7.82081619781465,4.909,-6.063,-0.5540000000000006,3334.8564537147067,6004.0425000000005,-3027.4322,-55.291
2261,31208,9.73263888888889,7.831952310886474,5.064,-5.933999999999999,-0.6950000000000005,3336.034755160774,6005.6152999999995,-3026.895,-57.17280000000001
2262,31209,9.732916666666666,7.833334156028326,5.068,-5.906000000000001,-0.8920000000000006,3337.212757676692,6007.1872,-3026.3573,-59.0545
2263,31210,9.733194444444445,7.921751132167686,4.934,-6.0920000000000005,-1.1390000000000007,3338.390596126329,6008.7582999999995,-3025.8192000000004,-60.9362
2264,31211,9.733472222222222,7.937627479291278,4.875,-6.169,-1.0880000000000005,3339.568270910172,6010.3286,-3025.2807000000003,-62.818000000000005
2265,31212,9.733749999999999,7.984356517591133,4.84,-6.292999999999999,-0.8500000000000008,3340.7456905303466,6011.897999999999,-3024.7418,-64.6997
2266,31213,9.734027777777778,8.020225308555865,4.853,-6.343000000000001,-0.7340000000000007,3341.9228106370474,6013.4664999999995,-3024.2024,-66.5814
2267,31214,9.734305555555554,8.053623656466696,4.912999999999999,-6.3340000000000005,-0.7770000000000006,3343.099765247773,6015.0342,-3023.6626,-68.4631
2268,31215,9.734583333333331,8.1312223558331,4.987,-6.351999999999999,-0.9480000000000006,3344.276553630324,6016.6011,-3023.1224,-70.34479999999999
2269,31216,9.73486111111111,8.115701017164199,5.085,-6.203,-1.2370000000000005,3345.4530414858978,6018.167100000001,-3022.5816999999997,-72.22650000000002
2270,31217,9.735138888888887,8.14392939556821,4.919,-6.343,-1.3760000000000006,3346.629272103245,6019.7322,-3022.0406,-74.10810000000001
2271,31218,9.735416666666666,8.164089355218989,4.715,-6.519,-1.3870000000000005,3347.805335618365,6021.2964999999995,-3021.4991,-75.9897
2272,31219,9.735694444444444,8.068021628627429,4.6659999999999995,-6.484,-1.1310000000000007,3348.9812327409354,6022.86,-3020.9572,-77.87140000000001
2273,31220,9.735972222222221,8.027698113407105,4.737,-6.428,-0.8280000000000006,3350.1568713146976,6024.4226,-3020.4148999999998,-79.753
2274,31221,9.73625,7.93710224200243,4.948,-6.162,-0.7380000000000007,3351.3322075017168,6025.9843,-3019.8721,-81.6346
2275,31222,9.736527777777777,7.877613217212431,5.105,-5.928999999999999,-0.9180000000000007,3352.507374823711,6027.5452000000005,-3019.3289,-83.5162
2276,31223,9.736805555555554,7.877057572469558,5.176,-5.856,-0.9820000000000008,3353.6823731840545,6029.105300000001,-3018.7853,-85.39779999999999
2277,31224,9.737083333333333,7.814712470718292,5.117,-5.821,-1.0010000000000008,3354.857111422243,6030.664500000001,-3018.2413,-87.2793
2278,31225,9.73736111111111,7.706086814979441,5.082,-5.705,-1.0050000000000006,3356.031636429924,6032.2229,-3017.6968,-89.1609
2279,31226,9.737638888888888,7.764326822075433,4.951,-5.899,-0.9870000000000007,3357.2060346324697,6033.780499999999,-3017.1519999999996,-91.0424
2280,31227,9.737916666666667,7.734058184420389,5.046,-5.7780000000000005,-0.9840000000000007,3358.3801294819364,6035.3372,-3016.6067,-92.924
2281,31228,9.738194444444444,7.700161426879309,5.1129999999999995,-5.689,-0.8860000000000007,3359.55396251513,6036.893,-3016.0609999999997,-94.80550000000001
2282,31229,9.738472222222223,7.813261098926619,5.132,-5.819999999999999,-0.9150000000000006,3360.7276244205495,6038.447999999999,-3015.5148999999997,-96.687
2283,31230,9.73875,7.804714088293049,5.143,-5.792,-0.9570000000000005,3361.901069816709,6040.0022,-3014.9683,-98.5685
2284,31231,9.739027777777777,7.854504758417299,5.092,-5.891,-1.0300000000000007,3363.0743879401953,6041.555600000001,-3014.4214,-100.45
2285,31232,9.739305555555555,7.950588468786445,5.104,-6.004,-1.0550000000000008,3364.2474889318996,6043.108200000001,-3013.8740000000003,-102.3315
2286,31233,9.739583333333332,7.941490099471258,5.045,-6.054,-0.9820000000000008,3365.4203277503984,6044.6599,-3013.3262000000004,-104.21300000000001
2287,31234,9.73986111111111,7.960527432274824,5.018,-6.093,-1.0320000000000005,3366.5929932729496,6046.2108,-3012.778,-106.09450000000001
2288,31235,9.74013888888889,8.026311045555113,5.041,-6.192,-0.8180000000000007,3367.7653943112805,6047.7608,-3012.2293999999997,-107.9759
2289,31236,9.740416666666665,8.004451324107105,5.046,-6.17,-0.7350000000000007,3368.9374889286155,6049.309899999999,-3011.6803000000004,-109.85740000000001
2290,31237,9.740694444444443,8.028870779879323,5.095,-6.171,-0.6500000000000006,3370.1095417669576,6050.8583,-3011.1309,-111.7388
2291,31238,9.740972222222222,8.049020561534178,5.1659999999999995,-6.15,-0.5260000000000007,3371.281285730592,6052.4058,-3010.581,-113.6202
2292,31239,9.741249999999997,8.004979700161645,5.278,-5.996,-0.5200000000000007,3372.4527653480354,6053.9524,-3010.0307000000003,-115.50160000000001
2293,31240,9.741527777777776,8.02205391405468,5.391,-5.912000000000001,-0.5820000000000006,3373.6240695457177,6055.4982,-3009.4800000000005,-117.38300000000001
2294,31241,9.741805555555555,8.025401796794974,5.287999999999999,-5.991,-0.7430000000000005,3374.795062200718,6057.0431,-3008.9288,-119.2643
2295,31242,9.742083333333332,8.00259670357066,5.087999999999999,-6.139,-0.6830000000000005,3375.9659231694327,6058.5872,-3008.3773,-121.14559999999999
2296,31243,9.74236111111111,7.958765796277713,5.072,-6.105,-0.5880000000000006,3377.136473749252,6060.1304,-3007.8253,-123.02689999999998
2297,31244,9.742638888888887,7.931899457254864,5.118,-6.057,-0.1840000000000006,3378.306847367716,6061.6728,-3007.2729,-124.9082
2298,31245,9.742916666666666,7.844588771886006,5.223,-5.85,-0.1880000000000006,3379.4770437481407,6063.2144,-3006.7201,-126.7895
2299,31246,9.743194444444445,7.783743186924913,5.409000000000001,-5.596,-0.11900000000000059,3380.6470607066244,6064.7552000000005,-3006.1668999999997,-128.67069999999998
2300,31247,9.743472222222222,7.7836625055304145,5.447,-5.557,-0.1880000000000006,3381.8167656670253,6066.2951,-3005.6132000000002,-130.5519
2301,31248,9.743749999999999,7.772562640468072,5.36,-5.611,-0.4470000000000006,3382.9862922273387,6067.834199999999,-3005.0591,-132.4331
2302,31249,9.744027777777777,7.75458896396192,5.195,-5.74,-0.44500000000000056,3384.1556381956048,6069.3724999999995,-3004.5046,-134.31419999999997
2303,31250,9.744305555555554,7.796660695451611,5.031,-5.941000000000001,-0.4260000000000006,3385.3247175939323,6070.909900000001,-3003.9497,-136.1954
2304,31251,9.744583333333333,7.795966841899727,5.085,-5.906999999999999,-0.16500000000000062,3386.4936175197727,6072.4465,-3003.3944,-138.07659999999998
2305,31252,9.74486111111111,7.6934117919165095,5.29,-5.586,-0.033000000000000605,3387.6622479578496,6073.9822,-3002.8387,-139.9578
2306,31253,9.745138888888889,7.719187845881197,5.367999999999999,-5.546,-0.11100000000000061,3388.830696272022,6075.5171,-3002.2825999999995,-141.83890000000002
2307,31254,9.745416666666666,7.779520615050775,5.336,-5.651,-0.33800000000000063,3389.998919813731,6077.0512,-3001.7259999999997,-143.72
2308,31255,9.745694444444442,7.852898382126181,5.112,-5.938,-0.5250000000000006,3391.16691704493,6078.5844,-3001.1691,-145.6011
2309,31256,9.745972222222221,7.924321295858719,4.854,-6.244000000000001,-0.4960000000000006,3392.3346888292967,6080.1168,-3000.6117,-147.4822
2310,31257,9.74625,7.89583301495162,4.654999999999999,-6.373,-0.24500000000000063,3393.5023232447193,6081.6484,-3000.0539999999996,-149.3633
2311,31258,9.746527777777777,7.8898885289970995,4.726,-6.316000000000001,-0.15300000000000064,3394.669775690586,6083.1792000000005,-2999.4959,-151.24439999999998
2312,31259,9.746805555555554,7.855845530558758,4.871,-6.162000000000001,-0.13200000000000062,3395.8369095997346,6084.7091,-2998.9373,-153.1254
2313,31260,9.747083333333332,7.785286764146841,5.013,-5.955,-0.13600000000000065,3397.0038586933724,6086.2382,-2998.3783,-155.0063
2314,31261,9.747361111111111,7.771479009815313,5.079,-5.877000000000001,-0.2460000000000006,3398.1705350032526,6087.7663999999995,-2997.8188999999998,-156.8872
2315,31262,9.747638888888888,7.87178308898308,4.9559999999999995,-6.107,-0.3280000000000006,3399.337027818166,6089.2938,-2997.2591,-158.7681
2316,31263,9.747916666666665,7.870207494088068,4.920999999999999,-6.1339999999999995,-0.3130000000000006,3400.503336872506,6090.8204,-2996.6989000000003,-160.649
2317,31264,9.748194444444444,7.8077958477408975,4.965999999999999,-6.006,-0.47800000000000065,3401.669372230437,6092.346100000001,-2996.1383,-162.5299
2318,31265,9.748472222222222,7.7495719881810246,5.161,-5.773000000000001,-0.3040000000000006,3402.83517640044,6093.871,-2995.5772,-164.4107
2319,31266,9.74875,7.766858309509708,5.204,-5.754,-0.3660000000000006,3404.000839925723,6095.3951,-2995.0158,-166.29149999999998
2320,31267,9.749027777777776,7.820824828622618,5.306,-5.718999999999999,-0.5520000000000006,3405.1661844333794,6096.9183,-2994.4539,-168.1723
2321,31268,9.749305555555555,7.83645232232035,5.173,-5.8660000000000005,-0.49000000000000066,3406.331251037308,6098.4406,-2993.8916,-170.053
2322,31269,9.749583333333334,7.908809328843375,5.069,-6.05,-0.5020000000000006,3407.496134215253,6099.9621,-2993.3289,-171.9338
2323,31270,9.74986111111111,7.921410796064045,5.064,-6.077,-0.4180000000000006,3408.660875147257,6101.4828,-2992.7659,-173.81459999999998
2324,31271,9.750138888888888,7.891638613114516,5.098,-6.016,-0.3100000000000006,3409.8253828040156,6103.0027,-2992.2024,-175.6953
2325,31272,9.750416666666666,7.89032705279065,5.217999999999999,-5.901,-0.45600000000000057,3410.9897034681153,6104.5218,-2991.6385,-177.576
2326,31273,9.750694444444445,7.879427580731991,5.212999999999999,-5.877000000000001,-0.6090000000000007,3412.1537031713438,6106.04,-2991.0741000000003,-179.4567
2327,31274,9.750972222222222,7.928529056514833,5.128,-6.0329999999999995,-0.4100000000000006,3413.3175564730104,6107.5574,-2990.5094,-181.3373
2328,31275,9.751249999999999,7.942897330319711,4.9079999999999995,-6.226999999999999,-0.47500000000000064,3414.4812243559163,6109.074,-2989.9443,-183.21800000000002
2329,31276,9.751527777777778,7.911615827376858,4.955,-6.146,-0.5180000000000006,3415.6445674334814,6110.5896999999995,-2989.3787,-185.09859999999998
2330,31277,9.751805555555556,7.956081007631836,4.955,-6.208,-0.45600000000000057,3416.8077657262447,6112.1046,-2988.8128,-186.9792
2331,31278,9.752083333333333,7.889490858097244,5.098999999999999,-6.004,-0.4430000000000006,3417.9707746909494,6113.6187,-2988.2465,-188.8598
2332,31279,9.75236111111111,7.908612773426197,5.154,-5.974,-0.5420000000000006,3419.133591488842,6115.132,-2987.6798,-190.7403
2333,31280,9.752638888888889,7.895848846070953,5.202,-5.904,-0.6530000000000006,3420.296084798631,6116.6444,-2987.1126,-192.6208
2334,31281,9.752916666666668,8.00195232427687,5.17,-6.046,-0.8650000000000005,3421.45843168532,6118.156,-2986.5451000000003,-194.5013
2335,31282,9.753194444444444,8.073739777822913,4.9959999999999996,-6.297,-0.7570000000000006,3422.6204514919395,6119.6667,-2985.9771,-196.3817
2336,31283,9.753472222222221,8.06273588802213,5.01,-6.271,-0.7630000000000006,3423.7824142879062,6121.1767,-2985.4088,-198.26209999999998
2337,31284,9.75375,7.995967671270313,5.0569999999999995,-6.149,-0.7430000000000005,3424.9440520636904,6122.6858,-2984.8399999999997,-200.14249999999998
2338,31285,9.754027777777779,7.967194048094975,5.168,-6.034,-0.5990000000000006,3426.105495370853,6124.1941,-2984.2708000000002,-202.0228
2339,31286,9.754305555555556,7.94920128063191,5.192,-5.989,-0.6040000000000006,3427.2667005517405,6125.7015,-2983.7012999999997,-203.9031
2340,31287,9.754583333333333,7.850129043525335,5.2589999999999995,-5.801,-0.5620000000000006,3428.427666658059,6127.208100000001,-2983.1313,-205.7833
2341,31288,9.754861111111111,7.864506913977506,5.242,-5.824,-0.6730000000000007,3429.5884431474988,6128.713900000001,-2982.5609,-207.6636
2342,31289,9.755138888888888,7.823385839903335,5.267,-5.746,-0.6690000000000006,3430.7489367850853,6130.218800000001,-2981.9901,-209.54390000000004
2343,31290,9.755416666666667,7.837232292078626,5.108,-5.911,-0.6250000000000007,3431.9093239711656,6131.723,-2981.4188999999997,-211.4241
2344,31291,9.755694444444444,7.7968019726038955,5.058,-5.914,-0.4810000000000006,3433.069427450736,6133.2263,-2980.8473000000004,-213.3043
2345,31292,9.755972222222223,7.69708756608628,5.142,-5.708,-0.4730000000000006,3434.2293368954315,6134.728800000001,-2980.2753000000002,-215.18449999999999
2346,31293,9.75625,7.737764147349026,5.212999999999999,-5.699,-0.4680000000000006,3435.388958995411,6136.2304,-2979.7028999999998,-217.0646
2347,31294,9.756527777777777,7.815305560245229,5.334999999999999,-5.674,-0.6500000000000006,3436.5483863743125,6137.7312,-2979.1301,-218.9447
2348,31295,9.756805555555555,7.884437329321606,5.328,-5.768,-0.7120000000000006,3437.7075287418265,6139.2311,-2978.5569,-220.8248
2349,31296,9.757083333333334,7.89308646854955,5.279,-5.822,-0.7330000000000005,3438.8665655333402,6140.7303,-2977.9833,-222.7049
2350,31297,9.757361111111111,7.921723865422222,5.212,-5.901999999999999,-0.8690000000000004,3440.025313241577,6142.2286,-2977.4093,-224.58489999999998
2351,31298,9.757638888888888,7.9125809316556115,5.201,-5.909999999999999,-0.7940000000000006,3441.18386163947,6143.7261,-2976.8349,-226.46480000000003
2352,31299,9.757916666666665,7.826123625397186,5.211,-5.7909999999999995,-0.7470000000000006,3442.342213623072,6145.2228000000005,-2976.2601,-228.34470000000002
2353,31300,9.758194444444445,7.779429092163511,5.332,-5.598,-0.8670000000000005,3443.5002788713564,6146.7186,-2975.6849,-230.22459999999995
2354,31301,9.758472222222222,7.779542788621964,5.351000000000001,-5.545999999999999,-1.0630000000000006,3444.658236889398,6148.213699999999,-2975.1093,-232.1045
2355,31302,9.75875,7.7689081600956,5.339,-5.537999999999999,-1.0870000000000006,3445.8159039716593,6149.707899999999,-2974.5333,-233.9843
2356,31303,9.759027777777778,7.765318795773937,5.048,-5.816,-0.9960000000000007,3446.973373228581,6151.2013,-2973.9569,-235.8641
2357,31304,9.759305555555557,7.667314784199224,4.984,-5.784,-0.7020000000000006,3448.1306444191277,6152.6939,-2973.3801,-237.74390000000002
2358,31305,9.759583333333333,7.614553040067421,5.109,-5.604,-0.6890000000000006,3449.2877135200783,6154.1857,-2972.8028999999997,-239.62359999999998
2359,31306,9.75986111111111,7.6816774860703445,5.221,-5.5920000000000005,-0.6920000000000006,3450.4444937719068,6155.676600000001,-2972.2253,-241.5033
2360,31307,9.76013888888889,7.7541747465478235,5.301,-5.62,-0.6650000000000007,3451.6010746197303,6157.1667,-2971.6473,-243.38299999999998
2361,31308,9.760416666666668,7.809723042464438,5.351,-5.622,-0.8670000000000005,3452.7574560014773,6158.656,-2971.0689,-245.2627
2362,31309,9.760694444444443,7.856812903461556,5.273,-5.732,-1.0340000000000007,3453.9136772823426,6160.1445,-2970.4902,-247.14229999999998
2363,31310,9.760972222222222,7.8869163809438225,5.112,-5.915,-1.0410000000000006,3455.069698420854,6161.6322,-2969.9111000000003,-249.02190000000002
2364,31311,9.76125,7.889091519306897,4.961,-6.088,-0.7500000000000006,3456.2252918817367,6163.1188999999995,-2969.3315,-250.90139999999997
2365,31312,9.761527777777777,7.947387809840413,4.931,-6.206,-0.5760000000000007,3457.3808214418377,6164.6049,-2968.7516000000005,-252.781
2366,31313,9.761805555555554,7.939653204013384,5.14,-6.026999999999999,-0.5420000000000006,3458.5360127107124,6166.089999999999,-2968.1711999999998,-254.66049999999996
2367,31314,9.762083333333333,8.001438683136927,5.172,-6.054,-0.7890000000000006,3459.6910420086583,6167.574299999999,-2967.5905000000002,-256.5399
2368,31315,9.76236111111111,8.022689137689431,5.09,-6.135,-0.9040000000000006,3460.84587313487,6169.0578,-2967.0094,-258.4194
2369,31316,9.762638888888889,7.980890050614655,4.993,-6.141,-1.0260000000000007,3462.000498179806,6170.5405,-2966.4279,-260.29879999999997
2370,31317,9.762916666666666,7.958087835654994,4.8549999999999995,-6.215999999999999,-1.0590000000000006,3463.154920534992,6172.0224,-2965.846,-262.1782
2371,31318,9.763194444444444,7.921144488014343,4.744999999999999,-6.288,-0.8310000000000007,3464.30904606604,6173.5034,-2965.2637,-264.0575
2372,31319,9.763472222222223,7.956030982845655,4.773,-6.3420000000000005,-0.5440000000000007,3465.4629249801937,6174.9836,-2964.6809000000003,-265.9368
2373,31320,9.76375,7.972048795635913,4.899,-6.281000000000001,-0.3200000000000006,3466.616506364594,6176.4629,-2964.0977,-267.816
2374,31321,9.764027777777779,7.949119322289734,5.084,-6.099,-0.3790000000000006,3467.7700170337293,6177.9415,-2963.5142,-269.6952
2375,31322,9.764305555555556,7.906217173844897,5.15,-5.971,-0.5770000000000006,3468.9231862207926,6179.4192,-2962.9302,-271.5743
2376,31323,9.764583333333333,7.885338483540195,5.101,-5.970999999999999,-0.7110000000000006,3470.076284092897,6180.896200000001,-2962.3459000000003,-273.4534
2377,31324,9.764861111111113,7.861449802676349,5.042,-5.977,-0.8100000000000007,3471.229086769142,6182.3723,-2961.7612,-275.3325
2378,31325,9.765138888888888,7.85356823361203,4.975,-6.029999999999999,-0.7530000000000007,3472.381680262542,6183.8476,-2961.1760999999997,-277.2115
2379,31326,9.765416666666667,7.911923533503088,5.026999999999999,-6.093999999999999,-0.4370000000000006,3473.5339778995003,6185.322,-2960.5906,-279.09049999999996
2380,31327,9.765694444444446,7.894039586928861,5.063999999999999,-6.046,-0.3430000000000006,3474.6860695997434,6186.7956,-2960.0047,-280.9695
2381,31328,9.76597222222222,7.948427894873299,5.132999999999999,-6.058999999999999,-0.34400000000000064,3475.837954978471,6188.2684,-2959.4184,-282.8485
2382,31329,9.76625,7.908485695757437,5.169,-5.9559999999999995,-0.5930000000000006,3476.9896726258303,6189.740400000001,-2958.8318,-284.7274
2383,31330,9.766527777777778,7.914964624052339,5.1259999999999994,-5.984999999999999,-0.7420000000000007,3478.1411832991375,6191.2116,-2958.2448,-286.60630000000003
2384,31331,9.766805555555557,7.892713855195816,4.994,-6.036,-0.9600000000000005,3479.2924866783987,6192.682,-2957.6574,-288.48519999999996
2385,31332,9.767083333333334,7.8684141350084,4.904999999999999,-6.069999999999999,-1.0040000000000004,3480.443578192376,6194.151599999999,-2957.0696,-290.364
2386,31333,9.76736111111111,7.860924500337094,4.938999999999999,-6.078,-0.6770000000000007,3481.5943716441448,6195.6203,-2956.4813999999997,-292.2428
2387,31334,9.76763888888889,7.897027478741605,4.994999999999999,-6.093,-0.5370000000000006,3482.7449523812093,6197.0882,-2955.8928,-294.1215
2388,31335,9.767916666666668,7.913915402630988,5.084,-6.04,-0.5490000000000006,3483.8953246160113,6198.5553,-2955.3038,-296.0002
2389,31336,9.768194444444445,7.895469903685277,5.044,-6.022,-0.7950000000000006,3485.0454834531,6200.0216,-2954.7144,-297.8788
2390,31337,9.768472222222224,7.950641106225333,5.0329999999999995,-6.093999999999999,-0.8630000000000007,3486.195433159054,6201.4871,-2954.1246,-299.7574
2391,31338,9.76875,7.876678805181788,4.9879999999999995,-6.03,-0.8950000000000007,3487.3451688489404,6202.951800000001,-2953.5344,-301.6359
2392,31339,9.76902777777778,7.900232971248379,4.9159999999999995,-6.135,-0.7800000000000006,3488.494608717513,6204.4156,-2952.9438,-303.5145
2393,31340,9.769305555555558,7.877143263899674,4.96,-6.081,-0.6850000000000006,3489.643966999252,6205.8787,-2952.3529,-305.393
2394,31341,9.769583333333333,7.897630277494636,5.068,-6.034,-0.5280000000000007,3490.7930199818875,6207.3409,-2951.7616000000003,-307.27139999999997
2395,31342,9.769861111111112,7.949644709042033,5.154999999999999,-6.035,-0.44900000000000057,3491.9418619801972,6208.8023,-2951.1699,-309.1498
2396,31343,9.77013888888889,7.960155400493133,5.077,-6.0969999999999995,-0.6440000000000006,3493.0904928834643,6210.2629,-2950.5778,-311.0282
2397,31344,9.770416666666666,7.895083850093044,4.978,-6.090999999999999,-0.6720000000000006,3494.2389120506423,6211.7227,-2949.9853,-312.9066
2398,31345,9.770694444444445,7.9160985971626205,4.827,-6.248,-0.5720000000000006,3495.387024628379,6213.1816,-2949.3923999999997,-314.7849
2399,31346,9.770972222222223,7.913828782580528,4.8340000000000005,-6.261,-0.2470000000000006,3496.5349248455886,6214.639700000001,-2948.7990999999997,-316.6632
2400,31347,9.77125,7.862843315239088,4.952,-6.105,-0.1760000000000006,3497.6826508043423,6216.097,-2948.2055,-318.54139999999995
2401,31348,9.771527777777779,7.885493897023826,5.046,-6.053,-0.28300000000000064,3498.8301638319726,6217.5535,-2947.6115,-320.4196
2402,31349,9.771805555555556,7.8849367784402675,5.144,-5.965999999999999,-0.34400000000000064,3499.977459023423,6219.0091999999995,-2947.0171,-322.2977
2403,31350,9.772083333333333,7.9395914882316205,5.138,-6.038,-0.4250000000000006,3501.1244454480097,6220.464,-2946.4222999999997,-324.1757
2404,31351,9.772361111111113,7.987324082569832,5.106999999999999,-6.1240000000000006,-0.46100000000000063,3502.271217923522,6221.918,-2945.8270999999995,-326.0537
2405,31352,9.772638888888888,7.9605001727278415,5.127,-6.0649999999999995,-0.5470000000000006,3503.4177762972076,6223.3712,-2945.2315000000003,-327.9317
2406,31353,9.772916666666667,7.973058258911696,5.154999999999999,-6.023000000000001,-0.8480000000000005,3504.564158201911,6224.823600000001,-2944.6356,-329.8096
2407,31354,9.773194444444446,8.000476173328684,5.178999999999999,-6.047,-0.7870000000000006,3505.71032029279,6226.2752,-2944.0393,-331.68739999999997
2408,31355,9.773472222222223,7.997628898617389,5.2,-6.012,-0.8820000000000006,3506.856267260853,6227.726000000001,-2943.4426,-333.5652
2409,31356,9.773750000000001,8.028330710677032,5.177999999999999,-6.039,-1.0830000000000006,3508.001998737354,6229.1759999999995,-2942.8455000000004,-335.44300000000004
2410,31357,9.774027777777778,8.023063629312682,5.1739999999999995,-6.057,-0.9550000000000006,3509.1475094058464,6230.6251999999995,-2942.248,-337.32070000000004
2411,31358,9.774305555555555,7.962485667177053,5.215,-5.957,-0.8480000000000005,3510.292713688525,6232.0735,-2941.6501,-339.1984
2412,31359,9.774583333333334,7.937559196629653,5.294,-5.853,-0.8490000000000005,3511.4377390480076,6233.521,-2941.0519,-341.07599999999996
2413,31360,9.774861111111113,7.8909540614554325,5.234,-5.819999999999999,-1.0000000000000004,3512.582509881447,6234.9677,-2940.4532,-342.9537
2414,31361,9.77513888888889,7.830380642088864,5.144,-5.794,-1.1330000000000007,3513.7270586166355,6236.4136,-2939.8541,-344.8313
2415,31362,9.775416666666668,7.82030760264582,4.9990000000000006,-5.8870000000000005,-1.2290000000000005,3514.8714275526204,6237.8587,-2939.2547,-346.7088
2416,31363,9.775694444444445,7.7536642305428725,4.962999999999999,-5.874,-0.9920000000000007,3516.01557876492,6239.303,-2938.6549000000005,-348.5863
2417,31364,9.775972222222224,7.764429470347451,4.941,-5.91,-0.9720000000000008,3517.159421398035,6240.7464,-2938.0546999999997,-350.4638
2418,31365,9.776250000000001,7.782585752820203,5.0,-5.9,-0.8710000000000007,3518.3030831220894,6242.189,-2937.4542,-352.34119999999996
2419,31366,9.776527777777778,7.8089775258992775,5.101,-5.851999999999999,-0.8450000000000004,3519.446611449343,6243.6309,-2936.8532999999998,-354.21850000000006
2420,31367,9.776805555555558,7.834775299904905,5.1579999999999995,-5.814,-0.9880000000000007,3520.589830238544,6245.0719,-2936.252,-356.09579999999994
2421,31368,9.777083333333334,7.912989194988199,5.133,-5.925,-1.0780000000000007,3521.732824588017,6246.5121,-2935.6503000000002,-357.973
2422,31369,9.777361111111112,7.9777203510777435,4.949,-6.139,-1.2100000000000004,3522.8755990463746,6247.9515,-2935.0482,-359.8502
2423,31370,9.77763888888889,7.9477826467512305,4.957,-6.114,-1.1020000000000008,3524.018190854194,6249.3901,-2934.4458,-361.7273
2424,31371,9.777916666666666,7.932534147420986,4.895,-6.172,-0.9330000000000007,3525.160562322263,6250.827899999999,-2933.843,-363.6044
2425,31372,9.778194444444447,7.9651488372785595,4.986,-6.1739999999999995,-0.6820000000000006,3526.3027131493427,6252.2649,-2933.2398000000003,-365.4815
2426,31373,9.778472222222224,8.07024838527291,5.1240000000000006,-6.1979999999999995,-0.6770000000000007,3527.4445473721535,6253.700999999999,-2932.6362,-367.3585
2427,31374,9.77875,8.062376510682196,5.273000000000001,-6.055,-0.7310000000000006,3528.5862507460524,6255.1364,-2932.0322,-369.2355
2428,31375,9.77902777777778,8.07043524229022,5.265,-6.0520000000000005,-0.8860000000000007,3529.727727052244,6256.571,-2931.4278,-371.1124
2429,31376,9.779305555555556,8.009121986834762,5.161,-6.0329999999999995,-1.0550000000000006,3530.8689334288806,6258.0046999999995,-2930.8231,-372.9893
2430,31377,9.779583333333335,7.96198524238773,4.997999999999999,-6.106,-1.0630000000000006,3532.0099176141666,6259.437599999999,-2930.218,-374.86620000000005
2431,31378,9.779861111111114,7.890251263426279,4.935,-6.076,-0.9920000000000007,3533.150764315148,6260.8698,-2929.6125,-376.74300000000005
2432,31379,9.780138888888889,7.806174158959048,5.041,-5.907,-0.7950000000000006,3534.2912976777916,6262.3011,-2929.0065999999997,-378.6198
2433,31380,9.780416666666667,7.855415966070797,5.11,-5.928,-0.6740000000000006,3535.431602357764,6263.7316,-2928.4003000000002,-380.4965
2434,31381,9.780694444444446,7.922185620142966,5.3229999999999995,-5.814,-0.7900000000000007,3536.571725944963,6265.1613,-2927.7937,-382.3732
2435,31382,9.780972222222221,7.95304407129748,5.369,-5.795,-0.9180000000000007,3537.7116202607494,6266.590200000001,-2927.1866999999997,-384.2498
2436,31383,9.78125,7.923880993553601,5.237,-5.86,-1.0110000000000006,3538.851284841602,6268.0183,-2926.5793000000003,-386.1263
2437,31384,9.781527777777779,7.911709992157196,5.138999999999999,-5.947000000000001,-0.9050000000000006,3539.990761650735,6269.4456,-2925.9716,-388.0027
2438,31385,9.781805555555556,7.863397866062736,5.148999999999999,-5.896,-0.7470000000000006,3541.130019337731,6270.8721,-2925.3635,-389.8792
2439,31386,9.782083333333334,7.848139333625519,5.211,-5.841,-0.5670000000000006,3542.269046325973,6272.2978,-2924.755,-391.75559999999996
2440,31387,9.782361111111111,7.892960534552292,5.3229999999999995,-5.796,-0.6090000000000007,3543.407842368784,6273.7227,-2924.1461,-393.6319
2441,31388,9.782638888888888,7.990570505289343,5.403,-5.837999999999999,-0.7580000000000007,3544.5463644052156,6275.146699999999,-2923.5369,-395.50820000000004
2442,31389,9.782916666666667,8.090568954035309,5.329,-6.032,-0.8210000000000006,3545.684745223819,6276.570000000001,-2922.9273,-397.3844
2443,31390,9.783194444444444,8.09716203370045,5.266,-6.086,-0.8910000000000007,3546.822899725556,6277.9925,-2922.3172999999997,-399.26059999999995
2444,31391,9.783472222222223,8.022643828564249,5.117,-6.126,-0.8070000000000006,3547.960821922563,6279.414199999999,-2921.7069,-401.1367
2445,31392,9.783750000000001,7.928071644479507,5.036,-6.068,-0.8200000000000006,3549.09846877499,6280.835,-2921.0962,-403.0128
2446,31393,9.784027777777778,7.848124999004539,5.096,-5.911,-0.8270000000000006,3550.235882422211,6282.254999999999,-2920.4851,-404.8888
2447,31394,9.784305555555557,7.876014601306932,5.085999999999999,-5.962999999999999,-0.7790000000000006,3551.373068498353,6283.6741999999995,-2919.8736,-406.76480000000004
2448,31395,9.784583333333334,7.887801975201964,5.194,-5.878,-0.8300000000000006,3552.5100210702053,6285.0926,-2919.2617,-408.6407
2449,31396,9.78486111111111,7.957467184977894,5.24,-5.928,-0.8500000000000005,3553.646739478353,6286.5102,-2918.6494,-410.5165
2450,31397,9.785138888888888,7.97814420777163,5.292,-5.911,-0.8400000000000005,3554.783271487476,6287.927000000001,-2918.0368,-412.3923
2451,31398,9.785416666666666,7.946155925980814,5.208,-5.9510000000000005,-0.7770000000000007,3555.919568704613,6289.343,-2917.4238,-414.26800000000003
2452,31399,9.785694444444445,7.879370913975303,5.202,-5.879,-0.6790000000000006,3557.055636896132,6290.758199999999,-2916.8104,-416.14369999999997
2453,31400,9.785972222222222,7.80286024480767,5.23,-5.752,-0.6680000000000006,3558.1915116438095,6292.1726,-2916.1967,-418.01930000000004
2454,31401,9.786249999999999,7.872475087289892,5.292,-5.786,-0.7020000000000006,3559.3271567926085,6293.5862,-2915.5825999999997,-419.89489999999995
2455,31402,9.786527777777778,7.97435495823957,5.412000000000001,-5.832,-0.5370000000000006,3560.4625658135324,6294.999000000001,-2914.9681,-421.7704
2456,31403,9.786805555555556,8.025905182594672,5.489,-5.833,-0.5120000000000007,3561.5977444203845,6296.411,-2914.3532,-423.6459
2457,31404,9.787083333333333,8.036291059935547,5.4670000000000005,-5.851,-0.6780000000000006,3562.7326863485164,6297.8222000000005,-2913.7378999999996,-425.5213
2458,31405,9.78736111111111,8.049668875177414,5.328,-5.991999999999999,-0.7110000000000005,3563.8673425683905,6299.2325,-2913.1223,-427.39660000000003
2459,31406,9.787638888888889,7.990047872197012,5.289,-5.959999999999999,-0.5880000000000006,3565.001773777289,6300.642,-2912.5063,-429.27200000000005
2460,31407,9.787916666666668,7.898444087287065,5.243,-5.893,-0.4110000000000006,3566.1360579436214,6302.0508,-2911.8898999999997,-431.1473
2461,31408,9.788194444444445,7.885456549877122,5.316,-5.813,-0.36000000000000065,3567.270152068743,6303.458799999999,-2911.2732,-433.02259999999995
2462,31409,9.788472222222222,7.902097253261314,5.404,-5.742,-0.5190000000000007,3568.40400796692,6304.866,-2910.6561,-434.8978
2463,31410,9.788749999999999,7.961022861416741,5.325,-5.894,-0.5320000000000007,3569.5375343434707,6306.2723,-2910.0386,-436.77290000000005
2464,31411,9.789027777777779,7.927234763774819,5.287000000000001,-5.8790000000000004,-0.5710000000000005,3570.6708635934897,6307.6778,-2909.4208000000003,-438.64789999999994
2465,31412,9.789305555555554,7.891590270661547,5.14,-5.946,-0.7090000000000006,3571.8039597665024,6309.0824999999995,-2908.8026,-440.52289999999994
2466,31413,9.789583333333333,7.880307988905002,5.129,-5.958,-0.5430000000000006,3572.9369550414713,6310.486500000001,-2908.1841,-442.39789999999994
2467,31414,9.789861111111112,7.863258484877628,5.152,-5.929,-0.36700000000000055,3574.069619603554,6311.8895999999995,-2907.5652,-444.2728
2468,31415,9.790138888888889,7.8456689326022415,5.232,-5.836,-0.3490000000000006,3575.202140864419,6313.2919999999995,-2906.9458999999997,-446.1477
2469,31416,9.790416666666667,7.917127319931138,5.186,-5.953,-0.5900000000000005,3576.334456847898,6314.6936000000005,-2906.3262999999997,-448.0224
2470,31417,9.790694444444444,7.973043898035431,5.144,-6.038,-0.8070000000000006,3577.466447708365,6316.094299999999,-2905.7063000000003,-449.8971
2471,31418,9.790972222222221,8.017019458626754,5.061,-6.168,-0.7840000000000006,3578.598197133998,6317.4942,-2905.0859,-451.77169999999995
2472,31419,9.79125,8.049173684298282,5.044,-6.2299999999999995,-0.7310000000000005,3579.729746554297,6318.8933,-2904.4651999999996,-453.6462
2473,31420,9.791527777777777,8.025743953055068,5.143,-6.111,-0.7860000000000006,3580.861157651541,6320.2917,-2903.8441000000003,-455.52080000000007
2474,31421,9.791805555555555,8.027861296758932,5.13,-6.116,-0.8510000000000005,3581.9923264093995,6321.6893,-2903.2226,-457.3953
2475,31422,9.792083333333334,7.9966633041538016,5.112,-6.095999999999999,-0.8080000000000005,3583.123252600264,6323.0860999999995,-2902.6007,-459.2697
2476,31423,9.792361111111111,8.02718063830633,4.982,-6.236,-0.8530000000000006,3584.2538451798964,6324.481999999999,-2901.9784,-461.14399999999995
2477,31424,9.79263888888889,8.04331679097622,5.035,-6.2219999999999995,-0.7940000000000005,3585.384333318835,6325.8772,-2901.3558,-463.0183
2478,31425,9.792916666666667,8.074318918645709,5.137,-6.184,-0.7510000000000006,3586.5145779609143,6327.2716,-2900.7328,-464.89250000000004
2479,31426,9.793194444444444,8.009222871165466,5.261,-5.997,-0.7110000000000005,3587.644585271913,6328.6652,-2900.1094000000003,-466.76669999999996
2480,31427,9.793472222222222,7.996306397331207,5.27,-5.959999999999999,-0.8040000000000006,3588.7743899843467,6330.058,-2899.4857,-468.6408
2481,31428,9.79375,7.952503819552682,5.178,-5.957,-0.9720000000000006,3589.903956821404,6331.45,-2898.8615999999997,-470.51489999999995
2482,31429,9.794027777777778,7.914417476984646,5.0280000000000005,-6.032,-0.9860000000000004,3591.033278623678,6332.841200000001,-2898.2371,-472.3888999999999
2483,31430,9.794305555555557,7.94111988324065,4.9719999999999995,-6.124,-0.9150000000000006,3592.162396858036,6334.2316,-2897.6123,-474.26279999999997
2484,31431,9.794583333333334,7.958140297833407,5.028999999999999,-6.12,-0.7660000000000007,3593.291185618171,6335.6211,-2896.9871,-476.1366999999999
2485,31432,9.794861111111112,8.023030911070952,5.115,-6.142,-0.6940000000000006,3594.4198606853197,6337.0099,-2896.3616,-478.0105
2486,31433,9.79513888888889,8.017970379092207,5.221,-6.0280000000000005,-0.8320000000000007,3595.548296494549,6338.397900000001,-2895.7357,-479.88430000000005
2487,31434,9.795416666666666,7.991823133678573,5.183,-5.972,-1.1580000000000006,3596.67652713018,6339.785099999999,-2895.1094999999996,-481.758
2488,31435,9.795694444444443,7.976257581096539,5.048,-6.034000000000001,-1.3150000000000008,3597.8044272468055,6341.1714,-2894.4829,-483.6317
2489,31436,9.795972222222222,8.002593204705585,4.861,-6.2090000000000005,-1.3640000000000008,3598.932121565895,6342.5569,-2893.8559999999998,-485.5053
2490,31437,9.79625,8.07205952653968,4.836,-6.343,-1.2400000000000007,3600.0596591431095,6343.9417,-2893.2287,-487.37879999999996
2491,31438,9.796527777777778,8.07669920202554,4.9030000000000005,-6.306,-1.1950000000000007,3601.1869489782193,6345.325699999999,-2892.601,-489.2522000000001
2492,31439,9.796805555555554,8.119079997142533,4.970000000000001,-6.288,-1.2960000000000007,3602.314038922578,6346.7089,-2891.973,-491.1256
2493,31440,9.797083333333333,8.10216082289163,5.0,-6.2509999999999994,-1.2530000000000006,3603.4408804366954,6348.0913,-2891.3446,-492.99889999999994
2494,31441,9.797361111111112,8.125609146396348,4.959999999999999,-6.31,-1.2680000000000007,3604.5675640583577,6349.473,-2890.7158,-494.87210000000005
2495,31442,9.797638888888889,8.11976871591796,4.9399999999999995,-6.288,-1.4100000000000006,3605.693956108298,6350.8538,-2890.0867000000003,-496.74530000000004
2496,31443,9.797916666666666,8.170564301197317,4.868,-6.4239999999999995,-1.3390000000000006,3606.820098930407,6352.2338,-2889.4572,-498.61839999999995
2497,31444,9.798194444444444,8.244099283730153,4.833,-6.572,-1.1900000000000006,3607.945999058275,6353.612999999999,-2888.8273,-500.4915
2498,31445,9.798472222222223,8.278617940212003,4.895,-6.587000000000001,-1.0890000000000006,3609.0717814210234,6354.991499999999,-2888.1971000000003,-502.3645
2499,31446,9.79875,8.30775703785324,5.023,-6.523000000000001,-1.1130000000000007,3610.1973132501394,6356.3692,-2887.5665,-504.2374000000001
2500,31447,9.799027777777777,8.306287076666687,5.039,-6.478,-1.2800000000000007,3611.322510889398,6357.746,-2886.9355,-506.1103
2501,31448,9.799305555555554,8.325798099882078,4.9670000000000005,-6.537000000000001,-1.3840000000000006,3612.4475969504174,6359.1221000000005,-2886.3042,-507.9832
2502,31449,9.799583333333334,8.287673557760344,4.860999999999999,-6.574,-1.3560000000000008,3613.5723407625264,6360.4973,-2885.6725,-509.85600000000005
2503,31450,9.799861111111111,8.280348543388737,4.885999999999999,-6.525999999999999,-1.4500000000000006,3614.696832954903,6361.871700000001,-2885.0404,-511.7287
2504,31451,9.800138888888888,8.272278706620082,4.923,-6.505,-1.3710000000000007,3615.821121865927,6363.2453000000005,-2884.4080000000004,-513.6014
2505,31452,9.800416666666667,8.340154435020972,4.996,-6.544,-1.3320000000000005,3616.94524929226,6364.6182,-2883.7752,-515.4739999999999
2506,31453,9.800694444444446,8.33014249578001,5.051,-6.463000000000001,-1.4520000000000006,3618.0691653949834,6365.9902999999995,-2883.1421,-517.3465
2507,31454,9.800972222222223,8.316738904161895,5.039,-6.414999999999999,-1.6200000000000006,3619.1928286121656,6367.3616,-2882.5086,-519.2189000000001
2508,31455,9.80125,8.318356748781575,4.943,-6.468999999999999,-1.7070000000000007,3620.3162797751684,6368.732099999999,-2881.8748,-521.0912
2509,31456,9.801527777777778,8.282527693886692,4.826,-6.542,-1.5850000000000004,3621.4394923533764,6370.1017999999995,-2881.2406,-522.9635999999999
2510,31457,9.801805555555557,8.25582733588827,4.836,-6.542,-1.4050000000000007,3622.562484706816,6371.4707,-2880.6061,-524.8358000000001
2511,31458,9.802083333333332,8.23833969923552,4.970999999999999,-6.465999999999999,-1.1620000000000006,3623.685223068026,6372.8388,-2879.9712,-526.7079
2512,31459,9.80236111111111,8.256947014484227,5.1499999999999995,-6.357,-1.1150000000000007,3624.8078462940452,6374.2062,-2879.3360000000002,-528.5799999999999
2513,31460,9.80263888888889,8.28389974589263,5.100999999999999,-6.412999999999999,-1.2150000000000007,3625.930222391332,6375.5728,-2878.7004,-530.4521
2514,31461,9.802916666666668,8.304397268917233,5.022,-6.470999999999999,-1.3670000000000007,3627.0523768476387,6376.9385999999995,-2878.0645,-532.324
2515,31462,9.803194444444445,8.216580675682554,4.867,-6.475,-1.3780000000000006,3628.1741926222617,6378.3035,-2877.4282,-534.1958999999999
2516,31463,9.803472222222222,8.17465846381364,4.795999999999999,-6.495,-1.2800000000000007,3629.2958922498256,6379.6677,-2876.7915999999996,-536.0678
2517,31464,9.803750000000003,8.169643382669774,4.788,-6.540000000000001,-1.0230000000000006,3630.417335847536,6381.0311,-2876.1546000000003,-537.9395999999999
2518,31465,9.80402777777778,8.208378524410287,4.889999999999999,-6.523000000000001,-0.9570000000000005,3631.5385308569194,6382.3937000000005,-2875.5172,-539.8114
2519,31466,9.804305555555556,8.236123056390063,5.045,-6.427,-1.0370000000000006,3632.6595025918623,6383.755500000001,-2874.8795,-541.683
2520,31467,9.804583333333333,8.287570753845786,4.942,-6.543000000000001,-1.2040000000000006,3633.780224954612,6385.1165,-2874.2414,-543.5546
2521,31468,9.804861111111112,8.326158117643455,4.834,-6.643000000000001,-1.3520000000000008,3634.9007310549737,6386.4767,-2873.603,-545.4261
2522,31469,9.80513888888889,8.331824170012231,4.718999999999999,-6.757000000000001,-1.2220000000000006,3636.0209874275797,6387.8361,-2872.9642,-547.2976
2523,31470,9.805416666666668,8.366935759284877,4.662999999999999,-6.858,-1.1090000000000007,3637.141026954426,6389.1947,-2872.3251,-549.1690000000001
2524,31471,9.805694444444445,8.371613822913716,4.766,-6.7989999999999995,-1.0690000000000004,3638.260815999359,6390.5525,-2871.6856,-551.0404000000001
2525,31472,9.805972222222223,8.399343843420152,4.866,-6.755,-1.1140000000000005,3639.3804376445173,6391.909600000001,-2871.0457,-552.9117
2526,31473,9.80625,8.428065377060149,4.8660000000000005,-6.779000000000001,-1.1830000000000007,3640.4997016564075,6393.2658,-2870.4054000000006,-554.7828000000001
2527,31474,9.806527777777777,8.455371192325028,4.821,-6.805,-1.3940000000000006,3641.6187552966026,6394.6212000000005,-2869.7648,-556.6539
2528,31475,9.806805555555556,8.42794903876382,4.654,-6.872,-1.4650000000000005,3642.7376813993615,6395.9758999999995,-2869.1239,-558.5249
2529,31476,9.807083333333335,8.438940691816716,4.542,-6.970000000000001,-1.4160000000000008,3643.856355723337,6397.3297999999995,-2868.4826000000003,-560.3959000000001
2530,31477,9.807361111111112,8.405445913216026,4.63,-6.909999999999999,-1.2110000000000007,3644.9749016947085,6398.683,-2867.8410000000003,-562.2668
2531,31478,9.807638888888889,8.410045065277593,4.779999999999999,-6.817,-1.1870000000000007,3646.0931044587974,6400.0353000000005,-2867.1989999999996,-564.1377
2532,31479,9.807916666666667,8.441856549361638,4.857,-6.772999999999999,-1.3420000000000005,3647.2110386335203,6401.3868,-2866.5566,-566.0083999999999
2533,31480,9.808194444444446,8.446021903831413,4.891,-6.706,-1.5630000000000006,3648.328851731804,6402.7376,-2865.9139,-567.8791
2534,31481,9.808472222222223,8.405628174027209,4.755,-6.748,-1.5840000000000007,3649.4464035836763,6404.087600000001,-2865.2708,-569.7497
2535,31482,9.80875,8.384528967091711,4.603,-6.828999999999999,-1.5740000000000005,3650.5637346601884,6405.4368,-2864.6274,-571.6202000000001
2536,31483,9.809027777777779,8.325798460207887,4.544,-6.83,-1.4220000000000008,3651.680852536636,6406.7852,-2863.9836999999998,-573.4907000000001
2537,31484,9.809305555555557,8.283734302837097,4.5969999999999995,-6.794,-1.1530000000000007,3652.797799324219,6408.1329,-2863.3396000000002,-575.3611000000001
2538,31485,9.809583333333334,8.297563075988034,4.717,-6.742,-1.0700000000000007,3653.914392686941,6409.4797,-2862.6951,-577.2314
2539,31486,9.809861111111111,8.29320691891864,4.805,-6.69,-0.9660000000000007,3655.0307639571356,6410.825699999999,-2862.0503,-579.1016
2540,31487,9.81013888888889,8.318232624782743,4.731999999999999,-6.747,-1.1310000000000007,3656.1468803651783,6412.170899999999,-2861.4050999999995,-580.9718
2541,31488,9.810416666666669,8.313964517605305,4.590999999999999,-6.825,-1.2100000000000006,3657.2628651504215,6413.5154,-2860.7596000000003,-582.8419
2542,31489,9.810694444444445,8.3082428948605,4.5,-6.872,-1.2460000000000007,3658.378635106988,6414.8591,-2860.1138,-584.712
2543,31490,9.810972222222222,8.308221590689548,4.363999999999999,-6.981,-1.1170000000000004,3659.4941328392024,6416.201999999999,-2859.4676,-586.5818999999999
2544,31491,9.811250000000001,8.300048734796682,4.394,-6.9670000000000005,-1.0220000000000007,3660.6094152060564,6417.5441,-2858.8211,-588.4518
2545,31492,9.811527777777778,8.313900709053483,4.542,-6.909000000000001,-0.8700000000000007,3661.7244329762857,6418.8854,-2858.1742,-590.3216
2546,31493,9.811805555555557,8.405655715052813,4.696,-6.914,-0.8940000000000007,3662.839325773489,6420.226000000001,-2857.527,-592.1913999999999
2547,31494,9.812083333333334,8.380308168558003,4.804,-6.781999999999999,-1.0750000000000006,3663.953862435015,6421.5657,-2856.8794,-594.0611
2548,31495,9.81236111111111,8.382226136295776,4.744999999999999,-6.7989999999999995,-1.2330000000000005,3665.068265110685,6422.9047,-2856.2315000000003,-595.9307
2549,31496,9.81263888888889,8.398936897012621,4.619,-6.862,-1.4560000000000006,3666.1824105457517,6424.2429,-2855.5832,-597.8003
2550,31497,9.812916666666666,8.381557373185487,4.5920000000000005,-6.866,-1.4220000000000006,3667.296330422966,6425.5803,-2854.9346,-599.6698
2551,31498,9.813194444444445,8.363365112202144,4.628,-6.856,-1.2340000000000004,3668.4099839959576,6426.9169,-2854.2856,-601.5391999999999
2552,31499,9.813472222222222,8.32518312110911,4.725,-6.768000000000001,-1.0850000000000006,3669.523462005699,6428.2528,-2853.6362,-603.4085
2553,31500,9.81375,8.329049585637007,4.959,-6.619,-0.9850000000000005,3670.636630915257,6429.5878,-2852.9865,-605.2778000000001
2554,31501,9.81402777777778,8.36679060333172,5.018,-6.589999999999999,-1.1810000000000005,3671.7496640740114,6430.9221,-2852.3365000000003,-607.147
2555,31502,9.814305555555556,8.372378097052234,4.970999999999999,-6.593000000000001,-1.3850000000000005,3672.862469969289,6432.2555999999995,-2851.6862,-609.0161
2556,31503,9.814583333333335,8.335762712553663,4.818,-6.646000000000001,-1.4500000000000006,3673.974967737503,6433.588299999999,-2851.0353999999998,-610.8851000000001
2557,31504,9.81486111111111,8.37080241076087,4.656000000000001,-6.821,-1.3660000000000005,3675.0873778549894,6434.9203,-2850.3844,-612.7541
2558,31505,9.81513888888889,8.358358750376775,4.6899999999999995,-6.845000000000001,-1.0060000000000007,3676.1994283085915,6436.2514,-2849.7329999999997,-614.623
2559,31506,9.815416666666668,8.340901929647657,4.84,-6.7540000000000004,-0.7270000000000005,3677.3113013429074,6437.5818,-2849.0811999999996,-616.4918
2560,31507,9.815694444444444,8.290671022299703,5.059,-6.532000000000001,-0.6890000000000006,3678.42294553146,6438.9114,-2848.4291000000003,-618.3605
2561,31508,9.815972222222223,8.330597157467164,5.082,-6.539,-0.9020000000000007,3679.534360659584,6440.2402,-2847.7767,-620.2291
2562,31509,9.81625,8.342974529506847,5.022,-6.566,-1.1280000000000006,3680.645515114023,6441.5682,-2847.1239,-622.0977
2563,31510,9.816527777777777,8.321093437764054,4.836,-6.664,-1.2020000000000004,3681.756530943264,6442.8955,-2846.4708,-623.9662000000001
2564,31511,9.816805555555556,8.29580098604107,4.739,-6.728,-1.0470000000000006,3682.8672765250676,6444.222,-2845.8172999999997,-625.8345999999999
2565,31512,9.817083333333333,8.289916646143073,4.781,-6.726000000000001,-0.7910000000000006,3683.97776041407,6445.5477,-2845.1634000000004,-627.703
2566,31513,9.81736111111111,8.290488164155354,4.817,-6.708,-0.7290000000000006,3685.0880138553084,6446.872600000001,-2844.5092,-629.5713000000001
2567,31514,9.817638888888888,8.275560041471513,4.869999999999999,-6.635,-0.8630000000000007,3686.198036370024,6448.1966999999995,-2843.8547,-631.4395
2568,31515,9.817916666666665,8.217676861498024,4.884,-6.519,-1.0860000000000007,3687.3078785021776,6449.5201,-2843.1998,-633.3075999999999
2569,31516,9.818194444444444,8.225179207774138,4.778,-6.583,-1.2200000000000006,3688.417489305585,6450.842699999999,-2842.5446,-635.1755999999999
2570,31517,9.818472222222223,8.258325435583174,4.651,-6.727000000000001,-1.1470000000000007,3689.5268370450576,6452.164500000001,-2841.889,-637.0436
2571,31518,9.81875,8.190570798180064,4.705,-6.612,-1.1090000000000007,3690.6359525152848,6453.4855,-2841.2331,-638.9114999999999
2572,31519,9.819027777777778,8.186038541321436,4.726999999999999,-6.603,-1.0330000000000008,3691.7448358004212,6454.805699999999,-2840.5769,-640.7793
2573,31520,9.819305555555555,8.195913798961042,4.759,-6.599000000000001,-0.9890000000000005,3692.8534461022728,6456.1251,-2839.9203,-642.6469999999999
2574,31521,9.819583333333332,8.22114450669735,4.7490000000000006,-6.645999999999999,-0.9300000000000008,3693.9618232566595,6457.4437,-2839.2634,-644.5146000000001
2575,31522,9.819861111111111,8.257131220950772,4.7219999999999995,-6.694,-1.0360000000000007,3695.0700582418103,6458.7616,-2838.6061999999997,-646.3821
2576,31523,9.820138888888888,8.222624702611691,4.862,-6.548,-1.0470000000000006,3696.1780687739893,6460.0787,-2837.9487,-648.2495999999999
2577,31524,9.820416666666667,8.203994636760802,4.914,-6.486,-1.0440000000000007,3697.2857652099324,6461.3949999999995,-2837.2907000000005,-650.117
2578,31525,9.820694444444445,8.184318297818091,4.8839999999999995,-6.473000000000001,-1.1090000000000007,3698.3932365240134,6462.710499999999,-2836.6324,-651.9844
2579,31526,9.820972222222222,8.210316132768579,4.835,-6.528999999999999,-1.1850000000000007,3699.500463982913,6464.025199999999,-2835.9738,-653.8516000000001
2580,31527,9.821250000000001,8.223658614023323,4.769,-6.604000000000001,-1.1280000000000006,3700.6075477437435,6465.339199999999,-2835.3149000000003,-655.7187
2581,31528,9.821527777777778,8.22722365078281,4.735,-6.65,-1.0220000000000007,3701.714456686647,6466.6525,-2834.6556,-657.5858000000001
2582,31529,9.821805555555555,8.247514655943329,4.795,-6.648000000000001,-0.9130000000000006,3702.8211302510244,6467.965,-2833.996,-659.4527999999999
2583,31530,9.822083333333333,8.25116240295875,4.816,-6.632000000000001,-0.9510000000000005,3703.9275279554654,6469.2767,-2833.3360000000002,-661.3197
2584,31531,9.82236111111111,8.202608914241857,4.8309999999999995,-6.545999999999999,-1.0460000000000007,3705.0336987895653,6470.5876,-2832.6757,-663.1866
2585,31532,9.82263888888889,8.12194576440892,4.801,-6.479000000000001,-0.9690000000000006,3706.1395933159097,6471.8976999999995,-2832.0150000000003,-665.0534
2586,31533,9.822916666666668,8.119962192030206,4.718999999999999,-6.539,-0.9520000000000006,3707.2453424730425,6473.2071,-2831.3540000000003,-666.9200999999999
2587,31534,9.823194444444443,8.149411819266469,4.756,-6.564,-0.8410000000000005,3708.3508546242874,6474.5157,-2830.6927,-668.7867
2588,31535,9.823472222222222,8.212069836527208,4.825,-6.6049999999999995,-0.7290000000000006,3709.456129412737,6475.8235,-2830.0311,-670.6532
2589,31536,9.82375,8.159910416174922,4.879,-6.5040000000000004,-0.6910000000000007,3710.5612272826415,6477.1306,-2829.3691000000003,-672.5197000000001
2590,31537,9.824027777777777,8.143960584383988,4.854,-6.493,-0.7770000000000006,3711.665956150103,6478.4368,-2828.7066999999997,-674.3860999999999
2591,31538,9.824305555555556,8.169352116294169,4.725,-6.62,-0.7670000000000006,3712.7704468402253,6479.7422,-2828.0440000000003,-676.2524
2592,31539,9.824583333333333,8.172717051262694,4.651999999999999,-6.678,-0.7460000000000007,3713.874790255736,6481.046899999999,-2827.3810000000003,-678.1186
2593,31540,9.82486111111111,8.149190757369714,4.745,-6.593999999999999,-0.6430000000000006,3714.978904378603,6482.3508,-2826.7177,-679.9848
2594,31541,9.825138888888889,8.206621533859108,4.88,-6.581,-0.47400000000000064,3716.082821145781,6483.654,-2826.054,-681.8507999999999
2595,31542,9.825416666666666,8.22493094195933,5.008,-6.495,-0.6200000000000007,3717.1864169089254,6484.9563,-2825.3900000000003,-683.7167999999999
2596,31543,9.825694444444444,8.225759843321468,4.9670000000000005,-6.5200000000000005,-0.6940000000000006,3718.289814811994,6486.2579000000005,-2824.7256,-685.5826
2597,31544,9.825972222222223,8.212226372914959,4.885,-6.553999999999999,-0.7890000000000006,3719.392982340594,6487.5587000000005,-2824.0609,-687.4484
2598,31545,9.82625,8.208812947070971,4.768,-6.631,-0.8250000000000007,3720.495869745554,6488.8587,-2823.3958000000002,-689.3140999999999
2599,31546,9.826527777777779,8.203631451985153,4.753,-6.648000000000001,-0.7160000000000005,3721.5985165277693,6490.1579,-2822.7304,-691.1796999999999
2600,31547,9.826805555555556,8.16523631011375,4.877999999999999,-6.518000000000001,-0.6260000000000007,3722.701023441213,6491.4564,-2822.0647,-693.0453
2601,31548,9.827083333333333,8.144442890707749,5.057,-6.349,-0.6700000000000006,3723.80338035371,6492.7542,-2821.3987,-694.9108
2602,31549,9.827361111111111,8.126857326174738,5.104,-6.275,-0.7870000000000006,3724.9053647885507,6494.051100000001,-2820.7323,-696.7762
2603,31550,9.827638888888888,8.129261713095476,5.02,-6.336,-0.8600000000000005,3726.0071987014976,6495.347299999999,-2820.0656,-698.6415
2604,31551,9.827916666666667,8.077302396221153,4.938,-6.299,-1.0870000000000006,3727.1087606455853,6496.6427,-2819.3985000000002,-700.5067999999999
2605,31552,9.828194444444446,8.11869872578112,4.7299999999999995,-6.5120000000000005,-1.0650000000000006,3728.210161598653,6497.9374,-2818.7311,-702.3719
2606,31553,9.82847222222222,8.111629984164713,4.726000000000001,-6.523000000000001,-0.9560000000000007,3729.311238383413,6499.2312,-2818.0634,-704.237
2607,31554,9.82875,8.126557573782396,4.725,-6.567,-0.7680000000000007,3730.41212400804,6500.524299999999,-2817.3953,-706.1020000000001
2608,31555,9.829027777777778,8.151766004983214,4.832,-6.523000000000001,-0.7440000000000005,3731.512857558254,6501.8167,-2816.7269,-707.9669
2609,31556,9.829305555555553,8.213615890702462,4.906000000000001,-6.525,-0.9050000000000006,3732.61335748648,6503.1083,-2816.0582,-709.8317999999999
2610,31557,9.829583333333332,8.257958888248353,4.858,-6.58,-1.1390000000000007,3733.7136035381577,6504.3991000000005,-2815.3892,-711.6965
2611,31558,9.82986111111111,8.277860291162204,4.665,-6.725,-1.2390000000000005,3734.8135657997336,6505.6891,-2814.7198,-713.5611
2612,31559,9.83013888888889,8.246405823145015,4.572,-6.741,-1.2880000000000007,3735.9133354105097,6506.9784,-2814.05,-715.4255999999999
2613,31560,9.830416666666666,8.24633912715212,4.545999999999999,-6.768000000000001,-1.2370000000000005,3737.012768827437,6508.266799999999,-2813.3799,-717.29
2614,31561,9.830694444444443,8.278092231909476,4.520999999999999,-6.861,-1.0070000000000006,3738.1120485463352,6509.5545,-2812.7095,-719.1543
2615,31562,9.830972222222222,8.23544698240478,4.705,-6.689,-0.9710000000000008,3739.211092859744,6510.8414,-2812.0388000000003,-721.0186000000001
2616,31563,9.83125,8.329785651503885,4.758,-6.7620000000000005,-1.0110000000000006,3740.3099434629926,6512.1276,-2811.3677,-722.8828000000001
2617,31564,9.831527777777778,8.322059721006573,4.763,-6.69,-1.3470000000000006,3741.408548234278,6513.4130000000005,-2810.6963,-724.7469
2618,31565,9.831805555555556,8.263244580671687,4.693,-6.648999999999999,-1.4310000000000005,3742.506906585428,6514.6975999999995,-2810.0245999999997,-726.6109
2619,31566,9.832083333333333,8.226981098799243,4.537,-6.720000000000001,-1.3930000000000005,3743.605018420295,6515.9814,-2809.3525999999997,-728.4748000000001
2620,31567,9.832361111111112,8.158398494802764,4.505,-6.696,-1.1950000000000007,3744.702945569861,6517.2645,-2808.6802,-730.3387
2621,31568,9.83263888888889,8.10846748775624,4.662000000000001,-6.5489999999999995,-1.0600000000000005,3745.8006255133287,6518.5468,-2808.0075,-732.2025
2622,31569,9.832916666666666,8.12275729047717,4.723,-6.539,-0.9560000000000006,3746.8980580650773,6519.828299999999,-2807.3345,-734.0662
2623,31570,9.833194444444445,8.12404499002806,4.7669999999999995,-6.487,-1.0930000000000006,3747.995294819784,6521.1091,-2806.6611000000003,-735.9298000000001
2624,31571,9.833472222222223,8.135528194284621,4.717,-6.491,-1.3430000000000006,3749.0922940072332,6522.3891,-2805.9874,-737.7934
2625,31572,9.833749999999998,8.148736895985783,4.595,-6.572,-1.4480000000000008,3750.189136217718,6523.6684,-2805.3134,-739.6569
2626,31573,9.834027777777777,8.123343769655449,4.508,-6.6129999999999995,-1.3910000000000005,3751.285719426413,6524.9469,-2804.6391,-741.5202
2627,31574,9.834305555555556,8.093700328032906,4.544,-6.592999999999999,-1.1800000000000006,3752.382053765188,6526.2246,-2803.9644999999996,-743.3833999999999
2628,31575,9.834583333333333,8.076754917663404,4.635,-6.522999999999999,-1.0960000000000005,3753.478110019154,6527.5015,-2803.2895,-745.2466000000001
2629,31576,9.834861111111111,8.118160136385585,4.678,-6.546000000000001,-1.0820000000000005,3754.5739690127257,6528.777700000001,-2802.6141,-747.1097
2630,31577,9.835138888888888,8.122869566846436,4.673,-6.559,-1.0600000000000007,3755.6695677851944,6530.053099999999,-2801.9384,-748.9726
2631,31578,9.835416666666667,8.12382508428142,4.635,-6.578,-1.1150000000000007,3756.7649269401286,6531.3277,-2801.2624,-750.8355
2632,31579,9.835694444444446,8.142973167093208,4.6579999999999995,-6.578,-1.1580000000000008,3757.860127120276,6532.6016,-2800.5861,-752.6983
2633,31580,9.835972222222223,8.16435312808063,4.675,-6.593999999999999,-1.1490000000000005,3758.9550872438545,6533.8747,-2799.9095,-754.5611
2634,31581,9.836250000000001,8.167366099300313,4.688000000000001,-6.593999999999999,-1.1170000000000007,3760.0497468446365,6535.147,-2799.2324999999996,-756.4237
2635,31582,9.836527777777778,8.196338572801883,4.662999999999999,-6.659000000000001,-1.0460000000000007,3761.1441160402887,6536.418500000001,-2798.5551,-758.2862
2636,31583,9.836805555555555,8.138498694476766,4.66,-6.581,-1.1000000000000005,3762.238335660055,6537.6893,-2797.8774000000003,-760.1487
2637,31584,9.837083333333336,8.141841929195138,4.603,-6.634,-1.0450000000000006,3763.3323034734303,6538.9593,-2797.1994,-762.0110999999999
2638,31585,9.837361111111111,8.176400736265316,4.505,-6.75,-0.9980000000000008,3764.426110740607,6540.2285999999995,-2796.5211000000004,-763.8734000000001
2639,31586,9.83763888888889,8.060092369197763,4.617,-6.544,-0.9080000000000006,3765.5196657321417,6541.4971,-2795.8425,-765.7356
2640,31587,9.837916666666668,8.09999753086382,4.682,-6.544,-0.9300000000000006,3766.613020327715,6542.7649,-2795.1635,-767.5977
2641,31588,9.838194444444444,8.133770773755554,4.737,-6.543000000000001,-0.9530000000000006,3767.7061220033706,6544.0319,-2794.4842,-769.4597
2642,31589,9.838472222222222,8.12231401756913,4.709999999999999,-6.537999999999999,-1.0210000000000006,3768.7989703762673,6545.2981,-2793.8046,-771.3216
2643,31590,9.838750000000001,8.15467687894499,4.603,-6.654999999999999,-1.0110000000000006,3769.8916178352315,6546.5635999999995,-2793.1246,-773.1834
2644,31591,9.83902777777778,8.133791551300046,4.598,-6.644,-0.9350000000000007,3770.9840115045286,6547.8283,-2792.4443,-775.0451
2645,31592,9.839305555555557,8.064380261371609,4.638,-6.543000000000001,-0.8440000000000005,3772.0761620123135,6549.0922,-2791.7637000000004,-776.9068
2646,31593,9.839583333333334,8.0954923877427,4.679,-6.540000000000001,-0.9340000000000007,3773.1680581330606,6550.3553,-2791.0828,-778.7683999999999
2647,31594,9.83986111111111,8.129122523372372,4.715999999999999,-6.5489999999999995,-0.9760000000000005,3774.2597520905606,6551.6177,-2790.4015,-780.6299
2648,31595,9.84013888888889,8.164473528648372,4.784,-6.536,-1.0260000000000005,3775.3511911777023,6552.8793000000005,-2789.7199,-782.4913
2649,31596,9.840416666666666,8.241492401258403,4.6739999999999995,-6.7,-1.0890000000000006,3776.4424665455163,6554.1402,-2789.0379999999996,-784.3525999999999
2650,31597,9.840694444444445,8.256934116244357,4.635999999999999,-6.728,-1.1910000000000005,3777.5333948571665,6555.400200000001,-2788.3558000000003,-786.2138
2651,31598,9.840972222222224,8.260594954360128,4.601999999999999,-6.787999999999999,-0.9910000000000005,3778.6241199823007,6556.6595,-2787.6732,-788.0749
2652,31599,9.84125,8.31174289785241,4.616999999999999,-6.859,-0.8500000000000008,3779.714691513297,6557.9181,-2786.9903000000004,-789.9359999999999
2653,31600,9.84152777777778,8.287324357113096,4.764,-6.731999999999999,-0.8150000000000006,3780.8049957802496,6559.1759,-2786.3071,-791.7969
2654,31601,9.841805555555556,8.283565114128095,4.8549999999999995,-6.648999999999999,-0.9150000000000006,3781.8951348393994,6560.433,-2785.6236,-793.6577
2655,31602,9.842083333333333,8.319911117313694,4.805999999999999,-6.711,-1.0420000000000005,3782.985017115307,6561.6893,-2784.9398,-795.5183999999999
2656,31603,9.842361111111112,8.30577034356236,4.747999999999999,-6.739,-1.0140000000000007,3784.074733580953,6562.9449,-2784.2557,-797.3789999999999
2657,31604,9.842638888888889,8.296642393161223,4.665,-6.7829999999999995,-1.0310000000000006,3785.1641925662852,6564.1997,-2783.5713,-799.2394999999999
2658,31605,9.842916666666667,8.270571322466182,4.618,-6.795,-0.9510000000000007,3786.25335503537,6565.4537,-2782.8864999999996,-801.0998999999999
2659,31606,9.843194444444446,8.286444171054313,4.711,-6.756,-0.9100000000000007,3787.3422594287804,6566.7069,-2782.2014000000004,-802.9602
2660,31607,9.843472222222223,8.29619177695405,4.7749999999999995,-6.7219999999999995,-0.9170000000000007,3788.4310081396225,6567.9594,-2781.516,-804.8205
2661,31608,9.843750000000002,8.305437134793086,4.781999999999999,-6.691,-1.1590000000000007,3789.5194983119845,6569.2111,-2780.8303,-806.6807000000001
2662,31609,9.844027777777779,8.298361103254065,4.837000000000001,-6.612,-1.3220000000000005,3790.607679639271,6570.462000000001,-2780.1441999999997,-808.5407
2663,31610,9.844305555555556,8.27984697926236,4.7490000000000006,-6.639,-1.3880000000000006,3791.6957046109965,6571.7122,-2779.4578,-810.4006999999999
2664,31611,9.844583333333334,8.282626455418596,4.691,-6.702,-1.2960000000000007,3792.783470047062,6572.9616,-2778.7711000000004,-812.2606
2665,31612,9.844861111111111,8.274275678269369,4.715000000000001,-6.702000000000001,-1.1470000000000007,3793.8710673693085,6574.210300000001,-2778.0841,-814.1204
2666,31613,9.845138888888888,8.27688510250082,4.8069999999999995,-6.643000000000001,-1.1270000000000007,3794.958365965388,6575.458200000001,-2777.3967,-815.9801
2667,31614,9.845416666666669,8.290490154387737,4.930999999999999,-6.579000000000001,-1.0650000000000006,3796.045495781932,6576.705400000001,-2776.709,-817.8397
2668,31615,9.845694444444444,8.371630307174344,5.023000000000001,-6.606999999999999,-1.0960000000000005,3797.1323651151133,6577.951800000001,-2776.021,-819.6992
2669,31616,9.845972222222223,8.448999585749782,5.0169999999999995,-6.688,-1.2190000000000005,3798.2190650768,6579.1975,-2775.3327,-821.5586
2670,31617,9.846250000000001,8.433127830170724,4.97,-6.688,-1.2990000000000008,3799.305503957011,6580.4424,-2774.6441,-823.4179
2671,31618,9.846527777777776,8.416329722628504,4.891,-6.728999999999999,-1.2780000000000007,3800.3917344825413,6581.686599999999,-2773.9551,-825.2771
2672,31619,9.846805555555557,8.382556650569084,4.773999999999999,-6.797999999999999,-1.1240000000000008,3801.4777148691655,6582.93,-2773.2658,-827.1362999999999
2673,31620,9.847083333333334,8.352894827543322,4.819999999999999,-6.756,-0.9460000000000008,3802.563421819611,6584.1726,-2772.5762,-828.9952999999999
2674,31621,9.84736111111111,8.351951987409889,4.918,-6.677,-0.9930000000000005,3803.6489696130257,6585.414500000001,-2771.8862999999997,-830.8543
2675,31622,9.84763888888889,8.39385322721335,4.997999999999999,-6.651999999999999,-1.1080000000000008,3804.7342048430555,6586.6556,-2771.1960000000004,-832.7130999999999
2676,31623,9.847916666666668,8.432624976838468,5.058,-6.6579999999999995,-1.0940000000000007,3805.8191772666337,6587.8959,-2770.5053999999996,-834.5717999999999
2677,31624,9.848194444444445,8.372780661166276,5.068,-6.5760000000000005,-1.0840000000000007,3806.90389830001,6589.135399999999,-2769.8145,-836.4305
2678,31625,9.848472222222224,8.269383169257546,5.0009999999999994,-6.461,-1.2760000000000007,3807.9885776061346,6590.3743,-2769.1233999999995,-838.2891
2679,31626,9.84875,8.134276427562565,4.926,-6.319,-1.4040000000000006,3809.07286323971,6591.612300000001,-2768.4319,-840.1476
2680,31627,9.84902777777778,8.101002283668361,4.83,-6.372999999999999,-1.2970000000000008,3810.156938205067,6592.8496,-2767.7400000000002,-842.006
2681,31628,9.849305555555556,8.09186325885454,4.811,-6.399,-1.1770000000000007,3811.2407757130763,6594.0861,-2767.0479000000005,-843.8642
2682,31629,9.849583333333333,8.038449290752538,4.861,-6.305,-1.1110000000000007,3812.32444047449,6595.3219,-2766.3554999999997,-845.7223
2683,31630,9.849861111111112,8.078352988078697,4.8870000000000005,-6.333,-1.1270000000000007,3813.407943818712,6596.556999999999,-2765.6628,-847.5804
2684,31631,9.850138888888889,8.133172874100241,4.935,-6.374,-1.0800000000000005,3814.491040451806,6597.7912,-2764.9697,-849.4383
2685,31632,9.850416666666666,8.097795255500104,4.976,-6.304,-1.0360000000000007,3815.5740668724175,6599.024799999999,-2764.2763,-851.2962
2686,31633,9.850694444444445,8.084569128902295,4.929,-6.304,-1.1510000000000007,3816.6568277035803,6600.2576,-2763.5826,-853.1540000000001
2687,31634,9.850972222222222,8.100332153683576,4.846,-6.369,-1.2520000000000007,3817.7394025140247,6601.4897,-2762.8885999999998,-855.0116
2688,31635,9.85125,8.148881763775936,4.756,-6.503,-1.2230000000000008,3818.821581263609,6602.7209,-2762.1942000000004,-856.8691000000001
2689,31636,9.851527777777777,8.19226299626666,4.728,-6.609999999999999,-1.0330000000000006,3819.9035852561465,6603.951400000001,-2761.4995,-858.7265
2690,31637,9.851805555555554,8.153022384367652,4.802,-6.523000000000001,-0.9290000000000006,3820.9854143762736,6605.181200000001,-2760.8044999999997,-860.5838
2691,31638,9.852083333333331,8.175805464906807,4.9030000000000005,-6.481,-0.8950000000000007,3822.067079995304,6606.4103000000005,-2760.1092,-862.4411
2692,31639,9.852361111111112,8.262170780127942,4.970999999999999,-6.534999999999999,-0.9200000000000006,3823.1483869420417,6607.638500000001,-2759.4136000000003,-864.2983
2693,31640,9.852638888888889,8.310091275070329,5.036,-6.5200000000000005,-1.0890000000000009,3824.229388358558,6608.8659,-2758.7176,-866.1554
2694,31641,9.852916666666665,8.270369338790136,5.004,-6.472999999999999,-1.2080000000000006,3825.310343432083,6610.092699999999,-2758.0214,-868.0124
2695,31642,9.853194444444444,8.265743826178017,4.909999999999999,-6.514,-1.3350000000000006,3826.3909390913977,6611.3186000000005,-2757.3249,-869.8693
2696,31643,9.853472222222223,8.160354526612185,4.7909999999999995,-6.492999999999999,-1.2160000000000006,3827.4713199033513,6612.5437999999995,-2756.628,-871.7261000000001
2697,31644,9.85375,8.134119067237705,4.6579999999999995,-6.577,-1.1000000000000005,3828.5514321010705,6613.7682,-2755.9307999999996,-873.5827999999999
2698,31645,9.854027777777777,8.064372573238415,4.677999999999999,-6.505,-0.9140000000000008,3829.6314587922593,6614.992,-2755.2333,-875.4394
2699,31646,9.854305555555555,8.070632750906213,4.72,-6.492,-0.8430000000000006,3830.7112164189575,6616.214999999999,-2754.5355,-877.2959000000001
2700,31647,9.854583333333334,8.082638987360502,4.756,-6.450999999999999,-1.0460000000000007,3831.790704862593,6617.4372,-2753.8374000000003,-879.1523
2701,31648,9.85486111111111,8.057018679387555,4.744999999999999,-6.414,-1.1230000000000007,3832.869885614741,6618.6586,-2753.1389,-881.0085999999999
2702,31649,9.855138888888888,8.0324882197237,4.675,-6.419,-1.2090000000000007,3833.948979876409,6619.8794,-2752.4401,-882.8648000000001
2703,31650,9.855416666666667,7.941374880963623,4.5089999999999995,-6.427,-1.1950000000000005,3835.0278298854987,6621.099400000001,-2751.7411,-884.7208
2704,31651,9.855694444444444,7.93485557524521,4.331,-6.556,-1.1060000000000005,3836.106383646086,6622.3186000000005,-2751.0417,-886.5768
2705,31652,9.855972222222222,7.954542098700591,4.279999999999999,-6.644,-0.9020000000000005,3837.1847461496,6623.5371,-2750.3419999999996,-888.4325999999999
2706,31653,9.85625,8.043224353454278,4.389,-6.699,-0.7440000000000005,3838.2628501781137,6624.7548,-2749.642,-890.2884
2707,31654,9.856527777777778,8.105319857969826,4.593,-6.62,-0.8810000000000006,3839.340774549945,6625.971800000001,-2748.9417000000003,-892.1440999999999
2708,31655,9.856805555555555,8.14929794522203,4.723,-6.562,-1.0220000000000007,3840.4184274780246,6627.188,-2748.2411,-893.9997
2709,31656,9.857083333333332,8.16643441166339,4.7989999999999995,-6.503,-1.1710000000000007,3841.4958623831612,6628.4035,-2747.5401,-895.8552
2710,31657,9.85736111111111,8.168971110243932,4.787999999999999,-6.536,-1.0430000000000006,3842.57306332801,6629.6182,-2746.8388999999997,-897.7106
2711,31658,9.85763888888889,8.145064395080004,4.728,-6.5409999999999995,-1.0970000000000006,3843.6500837720087,6630.8322,-2746.1374,-899.5658999999999
2712,31659,9.857916666666666,8.12617062336252,4.667,-6.5680000000000005,-1.0560000000000005,3844.7267021918406,6632.0453,-2745.4354999999996,-901.4210999999999
2713,31660,9.858194444444445,8.136306901782897,4.709,-6.555,-1.0280000000000007,3845.803230989284,6633.257799999999,-2744.7333,-903.2762
2714,31661,9.858472222222222,8.083553488410898,4.805,-6.4239999999999995,-0.9940000000000004,3846.8794869086314,6634.469500000001,-2744.0308,-905.1312
2715,31662,9.858749999999999,8.045745708136693,4.894,-6.272,-1.2020000000000006,3847.9554694140998,6635.6804,-2743.328,-906.9860999999999
2716,31663,9.859027777777778,7.980517527078052,4.8839999999999995,-6.151999999999999,-1.4100000000000006,3849.0312576390947,6636.890599999999,-2742.6249,-908.8408000000002
2717,31664,9.859305555555554,7.954844373084869,4.782,-6.189,-1.4520000000000006,3850.106734060982,6638.1,-2741.9214,-910.6954
2718,31665,9.859583333333333,7.9496878555072845,4.677,-6.2780000000000005,-1.3820000000000006,3851.1820407748796,6639.3087,-2741.2176,-912.55
2719,31666,9.859861111111112,7.938293393419017,4.641,-6.3100000000000005,-1.2890000000000006,3852.2571110207764,6640.5166,-2740.5135999999998,-914.4045
2720,31667,9.860138888888887,7.980294543436352,4.684,-6.299,-1.4380000000000006,3853.331947758152,6641.7238,-2739.8092,-916.2588
2721,31668,9.860416666666666,8.026842280747765,4.683999999999999,-6.354,-1.4550000000000005,3854.406509672045,6642.9302,-2739.1045,-918.1129999999999
2722,31669,9.860694444444444,8.009337613061394,4.654,-6.338,-1.5230000000000006,3855.4809260389497,6644.135899999999,-2738.3996,-919.9671000000001
2723,31670,9.860972222222221,8.003804657786194,4.528,-6.428999999999999,-1.4920000000000007,3856.555029060955,6645.3408,-2737.6943,-921.8210999999999
2724,31671,9.86125,7.966598144754133,4.479,-6.411,-1.5180000000000007,3857.6289482585694,6646.545,-2736.9887,-923.675
2725,31672,9.861527777777777,7.9635757044182105,4.334999999999999,-6.517,-1.4680000000000006,3858.7026831072244,6647.7485,-2736.2828,-925.5288
2726,31673,9.861805555555554,7.964317484882178,4.156,-6.648999999999999,-1.3960000000000006,3859.7761417709553,6648.9512,-2735.5766,-927.3824999999999
2727,31674,9.862083333333334,7.949279338405464,4.056,-6.7090000000000005,-1.3150000000000008,3860.849466266702,6650.153200000001,-2734.8702000000003,-929.2362
2728,31675,9.86236111111111,7.928362062872759,3.996,-6.747,-1.1700000000000006,3861.922463687566,6651.354399999999,-2734.1634000000004,-931.0896999999999
2729,31676,9.862638888888888,7.907748478549378,3.906,-6.776999999999999,-1.1610000000000007,3862.9952757905908,6652.5549,-2733.4563000000003,-932.9431000000001
2730,31677,9.862916666666667,7.933108722310567,3.8699999999999997,-6.8549999999999995,-0.9830000000000008,3864.067810492733,6653.7546,-2732.7489,-934.7964
2731,31678,9.863194444444442,7.938093662838705,3.901,-6.851000000000001,-0.9270000000000007,3865.1401594864956,6654.953599999999,-2732.0412,-936.6496000000001
2732,31679,9.863472222222223,7.962478131838101,3.9879999999999995,-6.834999999999999,-0.8830000000000006,3866.2123224871,6656.1519,-2731.3332,-938.5027
2733,31680,9.86375,7.984804130346592,4.100999999999999,-6.8,-0.8360000000000006,3867.284207403825,6657.349400000001,-2730.6249,-940.3557000000001
2734,31681,9.864027777777777,8.047236917103907,4.182,-6.827,-0.8130000000000006,3868.3558141830918,6658.546100000001,-2729.9163,-942.2085999999999
2735,31682,9.864305555555555,8.081113165894905,4.296999999999999,-6.7909999999999995,-0.8500000000000008,3869.42719652902,6659.7421,-2729.2073,-944.0613999999999
2736,31683,9.864583333333332,8.085399866425902,4.417,-6.711,-0.9090000000000007,3870.4984293698335,6660.9374,-2728.4981,-945.9141
2737,31684,9.86486111111111,8.085216818366716,4.505,-6.6450000000000005,-0.9590000000000007,3871.5693325841726,6662.1319,-2727.7884999999997,-947.7665999999999
2738,31685,9.86513888888889,8.107203401913635,4.509,-6.6290000000000004,-1.2050000000000007,3872.6399940863375,6663.325599999999,-2727.0787,-949.619
2739,31686,9.865416666666667,8.104321131347152,4.508,-6.606,-1.3110000000000006,3873.710430239518,6664.5186,-2726.3684999999996,-951.4712999999999
2740,31687,9.865694444444445,8.050179190552221,4.415000000000001,-6.598000000000001,-1.3340000000000005,3874.7806913922236,6665.7109,-2725.6580000000004,-953.3236
2741,31688,9.865972222222222,7.978717879459081,4.369,-6.543000000000001,-1.3270000000000004,3875.850659293349,6666.902400000001,-2724.9472,-955.1757
2742,31689,9.866249999999999,7.989937859583139,4.317,-6.5969999999999995,-1.2970000000000008,3876.9203468858605,6668.0931,-2724.2361,-957.0277
2743,31690,9.86652777777778,7.965906728050486,4.3309999999999995,-6.578,-1.1950000000000007,3877.9898455829834,6669.283100000001,-2723.5247,-958.8796
2744,31691,9.866805555555555,7.991674292662332,4.341,-6.595999999999999,-1.2310000000000005,3879.059155340348,6670.472400000001,-2722.813,-960.7314
2745,31692,9.867083333333333,8.008198548987156,4.378,-6.593999999999999,-1.2180000000000004,3880.128221413592,6671.6609,-2722.1011000000003,-962.5831000000001
2746,31693,9.867361111111112,8.050847533024086,4.461,-6.5760000000000005,-1.2930000000000006,3881.197060403037,6672.8487,-2721.3888,-964.4347
2747,31694,9.867638888888889,8.052372755902448,4.4910000000000005,-6.5489999999999995,-1.3350000000000004,3882.265709559126,6674.0358,-2720.6762000000003,-966.2861999999999
