,index,time,mod_B,Bx,By,Bz,r_sat,posX,posY,posZ
995,74920,20.811527777777776,31.869418899628528,12.267999999999999,17.006,-23.999000000000002,722.1194352271033,3342.2295,476.0656,2346.9487999999997
996,74921,20.81180555555556,31.873619358334565,12.331,17.159,-23.863,723.2098470603191,3344.7017,478.11439999999993,2344.9201
997,74922,20.812083333333334,31.909366117176315,12.386000000000001,17.342999999999996,-23.749,724.3009596679328,3347.1719,480.1629000000001,2342.8899
998,74923,20.81236111111111,31.890661078127557,12.398,17.593999999999998,-23.532,725.3927461481123,3349.6400000000003,482.2111,2340.8583
999,74924,20.81263888888889,31.924420307971136,12.384,17.733999999999998,-23.479999999999997,726.4852036499258,3352.1060000000007,484.2589999999999,2338.8253
1000,74925,20.812916666666666,31.991467815653596,12.378,17.851999999999997,-23.485,727.578366232762,3354.5699999999997,486.3067,2336.7907999999998
1001,74926,20.813194444444445,32.00363780884916,12.345,17.991999999999997,-23.412,728.672126261615,3357.0319000000004,488.354,2334.7548
1002,74927,20.813472222222224,32.02656561356525,12.325,18.124000000000002,-23.352,729.7666068438882,3359.4917,490.401,2332.7175
1003,74928,20.81375,32.064815374487964,12.344,18.299999999999997,-23.256999999999998,730.8616917144176,3361.9494,492.4477,2330.6787
1004,74929,20.814027777777778,32.03210998357741,12.295,18.551,-23.038,731.9575162803633,3364.4051,494.49410000000006,2328.6385
1005,74930,20.814305555555556,32.03021988685061,12.259,18.728,-22.911,733.0540781574118,3366.8588000000004,496.5402,2326.5969
1006,74931,20.814583333333335,32.00212888231031,12.206,18.868999999999996,-22.784,734.1512374996455,3369.3104,498.58600000000007,2324.5538
1007,74932,20.81486111111111,31.953625991427014,12.142,18.994999999999997,-22.645000000000003,735.2490475428274,3371.7598999999996,500.63149999999996,2322.5093
1008,74933,20.81513888888889,31.946259029814428,12.091000000000001,19.096999999999998,-22.576,736.3475871556443,3374.2074000000002,502.6767,2320.4634
1009,74934,20.815416666666668,31.885331047364087,12.036000000000001,19.232,-22.404000000000003,737.446715751572,3376.6528,504.7216,2318.416
1010,74935,20.815694444444446,31.768480637260573,11.972,19.322999999999997,-22.193,738.5465572388465,3379.0962,506.7661,2316.3672
1011,74936,20.81597222222222,31.695948147988886,11.912,19.392,-22.061,739.6471333211139,3381.5376000000006,508.81039999999996,2314.317
1012,74937,20.816250000000004,31.664069890018876,11.913,19.412,-21.997,740.7482913079964,3383.9769,510.8544,2312.2653
1013,74938,20.81652777777778,31.60065627483075,11.879000000000001,19.394,-21.94,741.8502225069439,3386.4142,512.8981000000001,2310.2123
1014,74939,20.816805555555554,31.51718624814087,11.79,19.351999999999997,-21.905,742.9527040152814,3388.8493000000003,514.9415,2308.1579
1015,74940,20.817083333333333,31.46774453309293,11.696,19.457,-21.791,744.055829580903,3391.2824,516.9844999999999,2306.102
1016,74941,20.81736111111111,31.525532826583596,11.678,19.599999999999998,-21.756,745.1596390627046,3393.7133999999996,519.0272,2304.0448
1017,74942,20.817638888888887,31.566177468930253,11.610000000000001,19.753999999999998,-21.712,746.26415576874,3396.1423999999997,521.0696,2301.9862
1018,74943,20.81791666666667,31.572014569868678,11.486,19.912,-21.642000000000003,747.3692819652687,3398.5693,523.1116,2299.9262
1019,74944,20.818194444444444,31.572476209508814,11.397,20.005999999999997,-21.603,748.4751232661256,3400.9941999999996,525.1533999999999,2297.8648000000003
1020,74945,20.81847222222222,31.621831714813734,11.329,20.227999999999998,-21.503999999999998,749.5814869106722,3403.4169,527.1948,2295.8019999999997
1021,74946,20.81875,31.68528065206303,11.280000000000001,20.473,-21.391,750.6886033509953,3405.8376,529.2359,2293.7379
1022,74947,20.819027777777777,31.670610429860677,11.181000000000001,20.701999999999998,-21.2,751.7963324111544,3408.2562000000007,531.2767,2291.6724000000004
1023,74948,20.819305555555555,31.668646339873764,11.062000000000001,20.933999999999997,-21.031,752.9047535272941,3410.6728000000003,533.3172,2289.6055
1024,74949,20.819583333333334,31.747875283237462,11.077000000000002,21.166,-20.91,754.0137957694926,3413.0873999999994,535.3572999999999,2287.5371
1025,74950,20.819861111111113,31.770270725947555,11.083000000000002,21.278,-20.827,755.123511334245,3415.4999,537.3972000000001,2285.4674
1026,74951,20.820138888888888,31.719858385560297,11.014000000000001,21.374,-20.688,756.2338161887177,3417.9103000000005,539.4367,2283.3963
1027,74952,20.820416666666667,31.682394685376924,11.039000000000001,21.404,-20.586,757.3447904961434,3420.3187,541.4757999999999,2281.3238
1028,74953,20.820694444444445,31.659144697859414,11.059000000000001,21.479,-20.461,758.4564574673999,3422.7251000000006,543.5147,2279.2499
1029,74954,20.820972222222224,31.742867120031864,11.032,21.683,-20.39,759.5687613379648,3425.1294000000003,545.5532000000001,2277.1747
1030,74955,20.82125,31.877953651387344,11.102,21.813999999999997,-20.423,760.6817396798428,3427.5316999999995,547.5914,2275.0981
1031,74956,20.821527777777778,32.03560228870373,11.238000000000001,21.970999999999997,-20.427,761.7953080450839,3429.9318999999996,549.6293,2273.0201
1032,74957,20.821805555555557,32.296230693379684,11.45,22.163999999999994,-20.511,762.9095879083578,3432.3301,551.6668,2270.9407999999994
1033,74958,20.82208333333333,32.554810427953655,11.751000000000001,22.208999999999996,-20.7,764.0243699794573,3434.7261,553.704,2268.8601
1034,74959,20.82236111111111,32.682970137366645,11.972000000000001,22.197,-20.788,765.1398715426146,3437.1201,555.7409,2266.7781
1035,74960,20.82263888888889,32.77474408748297,12.196000000000002,22.154999999999998,-20.847,766.2560226413506,3439.5121,557.7774,2264.6947
1036,74961,20.822916666666664,32.8371256659288,12.387,22.098,-20.893,767.3728339566268,3441.9021000000002,559.8136000000001,2262.6099000000004
1037,74962,20.823194444444447,32.884658641986846,12.511000000000001,22.113,-20.878,768.4901916841031,3444.2899000000007,561.8495,2260.5238
1038,74963,20.82347222222222,32.901104145605814,12.675,22.025,-20.898000000000003,769.608245517867,3446.6757,563.885,2258.4364
1039,74964,20.823749999999997,32.837463132830464,12.812000000000001,21.829,-20.92,770.7268691583637,3449.0593999999996,565.9202,2256.3476
1040,74965,20.82402777777778,32.71077001539402,12.855,21.561,-20.973000000000003,771.8461972894412,3451.4411,567.9551,2254.2574999999997
1041,74966,20.824305555555558,32.55543079119059,12.897,21.237,-21.036,772.9660769780314,3453.8207,569.9896000000001,2252.166
1042,74967,20.824583333333333,32.34360409725545,12.874,20.824999999999996,-21.134999999999998,774.0866023140138,3456.1983,572.0238,2250.0731
1043,74968,20.82486111111111,32.104895670286794,12.741,20.557,-21.113999999999997,775.2078108973176,3458.5739000000003,574.0576,2247.9789
1044,74969,20.82513888888889,31.985536106183993,12.620000000000001,20.354,-21.201999999999998,776.3296308082919,3460.9474,576.0911,2245.8833999999997
1045,74970,20.82541666666667,31.940103725567326,12.550999999999998,20.230999999999998,-21.291999999999998,777.4520601102791,3463.3188,578.1243000000001,2243.7866
1046,74971,20.825694444444444,31.91557434858411,12.519000000000002,20.229999999999997,-21.275,778.5750821033092,3465.6881000000003,580.1571,2241.6884999999997
1047,74972,20.82597222222222,31.90035549958652,12.542,20.159,-21.306,779.6987374088342,3468.0553999999997,582.1896,2239.589
1048,74973,20.826249999999998,31.88982989920141,12.659,20.019,-21.353,780.8230097927797,3470.4206999999997,584.2217,2237.4881
1049,74974,20.826527777777777,31.843716413132434,12.799,19.843,-21.365,781.9479646623369,3472.7839999999997,586.2535,2235.3859
1050,74975,20.826805555555556,31.720807839649986,12.875,19.627,-21.336,783.0735016876621,3475.1452,588.2849,2233.2824
1051,74976,20.82708333333333,31.56545265000963,12.868,19.464,-21.259,784.1996328870729,3477.5042999999996,590.316,2231.1776
1052,74977,20.82736111111111,31.410410073731924,12.886000000000001,19.360999999999997,-21.112000000000002,785.3263416727984,3479.8612999999996,592.3466999999999,2229.0715
1053,74978,20.82763888888889,31.25870630720344,12.896,19.252,-20.98,786.4537226094493,3482.2163,594.3771,2226.9641
1054,74979,20.827916666666667,31.098011994338158,12.930000000000001,19.189,-20.776999999999997,787.5817057890365,3484.5693,596.4071,2224.8553
1055,74980,20.828194444444442,30.862782538196388,12.934999999999999,19.038999999999998,-20.560000000000002,788.7103423564383,3486.9203,598.4367,2222.7452000000003
1056,74981,20.828472222222224,30.660573331234364,12.95,18.791,-20.476,789.8395602595506,3489.2692,600.466,2220.6338
1057,74982,20.82875,30.494822281823517,13.001000000000001,18.563,-20.404,790.9694940918209,3491.6161,602.495,2218.5212
1058,74983,20.829027777777775,30.359935935373777,13.023,18.45,-20.291,792.0999210569918,3493.9608,604.5237,2216.4073
1059,74984,20.829305555555557,30.25521292273449,13.033000000000001,18.456,-20.122000000000003,793.2309767816764,3496.3034999999995,606.5519,2214.2921
1060,74985,20.829583333333332,30.177320507294876,13.081999999999999,18.514999999999997,-19.918,794.3625656617038,3498.6441,608.5799,2212.1755000000003
1061,74986,20.829861111111107,30.034843398959147,13.180000000000001,18.496999999999996,-19.653,795.4949292617532,3500.9828,610.6075,2210.0577000000003
1062,74987,20.83013888888889,29.822738908423553,13.262,18.494,-19.274,796.6278447837201,3503.3194000000003,612.6347,2207.9386
1063,74988,20.830416666666665,29.624326996574958,13.365,18.488999999999997,-18.898,797.7613411561501,3505.654,614.6614999999999,2205.8181
1064,74989,20.830694444444443,29.402963898219515,13.407000000000002,18.386,-18.621000000000002,798.8954518964326,3507.9865,616.688,2203.6964
1065,74990,20.830972222222222,29.214076641235813,13.443000000000001,18.332,-18.349,800.0301221648517,3510.3169000000003,618.7142,2201.5734
1066,74991,20.83125,28.93169509378944,13.440999999999999,18.31,-17.919999999999998,801.1654181428435,3512.6453,620.74,2199.4491
1067,74992,20.831527777777776,28.59508205968292,13.331,18.285999999999998,-17.481,802.3012536961077,3514.9716,622.7654,2197.3235
1068,74993,20.831805555555555,28.25600314977332,13.190999999999999,18.147999999999996,-17.177,803.4377942475107,3517.296,624.7904000000001,2195.1966
1069,74994,20.832083333333333,27.89895053581765,13.129,17.88,-16.919999999999998,804.5748843108079,3519.6182999999996,626.8151,2193.0683999999997
1070,74995,20.832361111111112,27.51208232758836,13.025,17.624999999999996,-16.631999999999998,805.7126430737418,3521.9386,628.8394000000001,2190.939
1071,74996,20.832638888888887,27.101004741522036,12.844,17.299,-16.439,806.8509312065349,3524.2568,630.8633,2188.8082999999997
1072,74997,20.83291666666667,26.77014129585423,12.703,16.784,-16.54,807.9897613738497,3526.5729,632.8869000000001,2186.6763
1073,74998,20.833194444444445,26.4845879144834,12.543000000000001,16.308,-16.678,809.1291685671946,3528.8869,634.9100999999999,2184.5431
1074,74999,20.83347222222222,26.25476271079211,12.433,15.969999999999999,-16.724,810.269197118816,3531.1989000000003,636.933,2182.4085999999998
1075,75000,20.833750000000002,26.06044926704066,12.336000000000002,15.645999999999997,-16.798000000000002,811.4098145399745,3533.5089,638.9554,2180.2727999999997
1076,75001,20.834027777777777,25.924113273167126,12.242,15.274000000000001,-16.997,812.5510488015017,3535.8169000000003,640.9775,2178.1357
1077,75002,20.834305555555552,25.72627903525887,12.112,14.914999999999997,-17.108,813.6929335758546,3538.1229,642.9992,2175.9973999999997
1078,75003,20.834583333333335,25.50997542139153,11.961,14.689999999999998,-17.085,814.8353137062252,3540.4267,645.0206000000001,2173.8579
1079,75004,20.83486111111111,25.386210922467335,11.792,14.570999999999998,-17.119999999999997,815.9782881551498,3542.7285,647.0416,2171.7171
1080,75005,20.835138888888885,25.385542499619742,11.706,14.526,-17.216,817.1217701290248,3545.0281999999997,649.0622000000001,2169.575
1081,75006,20.835416666666667,25.519771276404498,11.671000000000001,14.626,-17.353,818.2658412004242,3547.3259,651.0824,2167.4316
1082,75007,20.835694444444442,25.601704747926455,11.591,14.822,-17.361,819.4106349674497,3549.6216999999997,653.1022,2165.287
1083,75008,20.83597222222222,25.619786630649365,11.529,15.001,-17.275,820.5559956222421,3551.9154000000003,655.1217,2163.1411999999996
1084,75009,20.83625,25.67540303481135,11.459,15.181999999999999,-17.246,821.7019388593299,3554.2070999999996,657.1407999999999,2160.9941
1085,75010,20.836527777777775,25.81357212785553,11.404,15.300999999999998,-17.383,822.8484443388621,3556.4967000000006,659.1596,2158.8458
1086,75011,20.836805555555554,26.030325660659724,11.331,15.538,-17.543,823.9954782761536,3558.7841999999996,661.1779,2156.6963
1087,75012,20.837083333333332,26.351382563349496,11.364999999999998,15.846999999999998,-17.723,825.1431026389109,3561.0697,663.1958999999999,2154.5454999999997
1088,75013,20.83736111111111,26.617646289632745,11.439,16.041999999999998,-17.897,826.2912995491354,3563.3532,665.2135,2152.3934
1089,75014,20.837638888888886,26.870868035848787,11.443,16.172,-18.154,827.4400839136922,3565.6346000000003,667.2307,2150.2402
1090,75015,20.837916666666665,27.08575330316659,11.472,16.268,-18.368,828.5894868773597,3567.9139999999998,669.2475,2148.0858
1091,75016,20.838194444444444,27.28647315062905,11.547,16.398,-18.502,829.7394714132904,3570.1913999999997,671.2639999999999,2145.9301
1092,75017,20.838472222222222,27.37763329800441,11.540000000000001,16.337,-18.694,830.8899848746994,3572.4667,673.2801,2143.7732
1093,75018,20.838749999999997,27.519953143128717,11.462,16.243999999999996,-19.029000000000003,832.0410588442288,3574.7400000000002,675.2958,2141.615
1094,75019,20.83902777777778,27.6676854651776,11.389,16.313,-19.226999999999997,833.1926575161126,3577.0112,677.3111000000001,2139.4556000000002
1095,75020,20.839305555555555,27.778077741269282,11.339,16.391,-19.349,834.3449128610839,3579.2804000000006,679.326,2137.2951000000003
1096,75021,20.83958333333333,27.85693933295616,11.342,16.243,-19.584,835.4977214228762,3581.5476000000003,681.3405,2135.1333000000004
1097,75022,20.83986111111111,27.981690763783376,11.415000000000001,16.011999999999997,-19.907,836.6510469101689,3583.8127,683.3546,2132.9703
1098,75023,20.840138888888887,28.197904478879273,11.511,15.685999999999996,-20.41,837.8049717478028,3586.0758,685.3683000000001,2130.8061000000002
1099,75024,20.840416666666666,28.366395223926492,11.661,15.248999999999999,-20.883999999999997,838.9594424178573,3588.3369,687.3815999999999,2128.6405999999997
1100,75025,20.840694444444445,28.479161750304378,11.839,14.682999999999998,-21.338,840.1145237955465,3590.596,689.3946000000001,2126.4739
1101,75026,20.840972222222224,28.59468581747315,11.952000000000002,13.871999999999996,-21.963,841.2700612756569,3592.8529000000003,691.4071000000001,2124.3061000000002
1102,75027,20.841249999999995,28.764417011300615,12.091000000000001,13.202999999999998,-22.514000000000003,842.4261543952377,3595.1078,693.4193,2122.1369999999997
1103,75028,20.841527777777777,28.95166086772916,12.351,12.671,-22.915,843.5828846129018,3597.3606999999997,695.4311,2119.9668
1104,75029,20.841805555555553,29.240566205188298,12.572,12.142,-23.442,844.7401830538013,3599.6116,697.4424,2117.7954
1105,75030,20.84208333333333,29.553620793398565,12.681000000000001,11.870999999999999,-23.91,845.8980299584273,3601.8605000000002,699.4534000000001,2115.6227
1106,75031,20.84236111111111,29.774563674384883,12.796000000000001,11.604999999999999,-24.250999999999998,847.0564213007088,3604.1073000000006,701.464,2113.4489
1107,75032,20.84263888888889,29.94466965922316,12.847999999999999,11.355999999999998,-24.549,848.2153405106568,3606.3521,703.4742,2111.2738
1108,75033,20.842916666666664,30.070983439189348,12.888,11.173999999999998,-24.765,849.3748845348313,3608.5949,705.484,2109.0976
1109,75034,20.843194444444443,30.202146099242682,12.939000000000002,11.142,-24.912,850.5349326761389,3610.8356,707.4935,2106.9202
1110,75035,20.84347222222222,30.37831570380425,12.91,11.394,-25.027,851.6955345506025,3613.0743,709.5024999999999,2104.7416000000003
1111,75036,20.843749999999996,30.5349992795153,12.884,11.784999999999998,-25.05,852.8567035736354,3615.311,711.5110999999999,2102.5618
1112,75037,20.844027777777775,30.723298211617838,12.902000000000001,12.259999999999998,-25.043,854.0184388107139,3617.5457,713.5193,2100.3808
1113,75038,20.844305555555554,30.85744966778687,12.846,12.579999999999998,-25.078,855.180651475141,3619.7782999999995,715.5271,2098.1985999999997
1114,75039,20.844583333333333,30.801940020070163,12.777,12.493999999999998,-25.088,856.3434248754944,3622.0089,717.5345,2096.0152
1115,75040,20.84486111111111,30.63815978481736,12.757,12.144999999999998,-25.069,857.5067206927463,3624.2374000000004,719.5415,2093.8307
1116,75041,20.845138888888886,30.474607396978882,12.608,11.743999999999998,-25.136000000000003,858.670657361023,3626.464,721.5481,2091.645
1117,75042,20.845416666666665,30.254382707303744,12.362,11.222999999999999,-25.229999999999997,859.8351118598837,3628.6885,723.5543,2089.4582
1118,75043,20.845694444444444,30.09164596694571,12.136000000000001,10.854999999999999,-25.306,860.9999830285857,3630.9109,725.5601,2087.2701
1119,75044,20.84597222222222,29.920350683105305,11.865,10.545999999999998,-25.362000000000002,862.1655203951598,3633.1313999999998,727.5654000000001,2085.0809
1120,75045,20.84625,29.731805226053797,11.588000000000001,10.206999999999997,-25.407,863.3315188509794,3635.3498,729.5703000000001,2082.8905
1121,75046,20.846527777777776,29.4764290408455,11.370000000000001,10.004999999999999,-25.288,864.4981270223486,3637.5661999999998,731.5749,2080.699
1122,75047,20.846805555555555,29.280225579732136,11.2,9.848999999999998,-25.197000000000003,865.6652234537958,3639.7805,733.579,2078.5064
1123,75048,20.847083333333334,29.093824654039558,11.065999999999999,9.678999999999998,-25.106,866.8329446478747,3641.9928999999997,735.5826999999999,2076.3125999999997
1124,75049,20.84736111111111,28.944594486708567,10.995000000000001,9.454999999999998,-25.05,868.0011834348021,3644.2032,737.5861000000001,2074.1177000000002
1125,75050,20.847638888888888,28.773291608712412,10.885,9.157999999999998,-25.011000000000003,869.1698908937382,3646.4114999999997,739.5889999999999,2071.9215
1126,75051,20.847916666666666,28.55803585683021,10.756,9.139999999999997,-24.826,870.3391109467659,3648.6177,741.5916,2069.7242
1127,75052,20.848194444444445,28.318231883364472,10.67,9.228999999999997,-24.554000000000002,871.5088437129758,3650.8219,743.5937000000001,2067.5257
1128,75053,20.84847222222222,28.03120832215408,10.596,9.267999999999997,-24.240000000000002,872.6792388100482,3653.0242000000007,745.5953999999999,2065.3260999999998
1129,75054,20.84875,27.769200366593203,10.536,9.267999999999999,-23.963,873.8501214494747,3655.2244,747.5967,2063.1254
1130,75055,20.849027777777774,27.592269805146515,10.482000000000001,9.029999999999998,-23.873,875.0215755087108,3657.4226000000003,749.5975999999999,2060.9236
1131,75056,20.849305555555553,27.50447200002211,10.394,8.761999999999999,-23.910000000000004,876.1935500497551,3659.6188,751.5980999999999,2058.7205999999996
1132,75057,20.849583333333335,27.37031172639435,10.242,8.706,-23.842,877.3660431186411,3661.8130000000006,753.5982,2056.5164
1133,75058,20.84986111111111,27.245295245234544,10.134,8.810999999999998,-23.706,878.5390146853786,3664.0051,755.5979,2054.3111
1134,75059,20.85013888888889,27.10775023863102,10.142999999999999,8.992999999999999,-23.475,879.7124824058847,3666.1952000000006,757.5971,2052.1045999999997
1135,75060,20.850416666666668,27.074495655505753,10.337,9.224999999999998,-23.261,880.886557658853,3668.3833,759.5959,2049.8971
1136,75061,20.850694444444446,27.18788206168329,10.621,9.330999999999998,-23.223000000000003,882.0611240681613,3670.5694000000003,761.5942,2047.6883999999998
1137,75062,20.85097222222222,27.229989441790096,10.745000000000001,9.363999999999997,-23.202,883.2362452685123,3672.7535000000003,763.5921,2045.4786
1138,75063,20.85125,27.105280334281733,10.770000000000001,9.370999999999999,-23.041000000000004,884.4118331501675,3674.9354999999996,765.5896,2043.2677000000003
1139,75064,20.85152777777778,26.930484845245548,10.857000000000001,9.377999999999998,-22.791000000000004,885.5879227311852,3677.1155,767.5867000000001,2041.0555999999997
1140,75065,20.851805555555558,26.7535923195372,10.897,9.426999999999998,-22.541999999999998,886.7645599130083,3679.2934999999998,769.5834,2038.8424
1141,75066,20.852083333333336,26.628934789059812,10.778,9.599999999999998,-22.378,887.9415907019163,3681.4693999999995,771.5796,2036.628
1142,75067,20.85236111111111,26.50194266464253,10.73,9.675999999999998,-22.217000000000002,889.1192120668366,3683.6432999999997,773.5754,2034.4125999999997
1143,75068,20.85263888888889,26.505591523299383,10.806000000000001,9.614999999999998,-22.211000000000002,890.2973266002551,3685.8152,775.5708000000001,2032.1960000000004
1144,75069,20.85291666666667,26.680685410985976,10.783,9.690999999999999,-22.398,891.4760266783793,3687.9851000000003,777.5658000000001,2029.9784
1145,75070,20.853194444444444,26.770366247027702,10.581999999999999,9.938999999999998,-22.492,892.6551967738044,3690.153,779.5603,2027.7595999999999
1146,75071,20.853472222222223,26.81751148037416,10.443,10.307999999999998,-22.447,893.8349188021086,3692.3188999999998,781.5545,2025.5397
1147,75072,20.85375,27.031716723138395,10.493,10.655999999999997,-22.517999999999997,895.0150673276045,3694.4826999999996,783.5482,2023.3186999999998
1148,75073,20.85402777777778,27.319507700542477,10.516000000000002,10.938999999999998,-22.717999999999996,896.1957448898007,3696.6445,785.5415,2021.0965999999996
1149,75074,20.85430555555556,27.509297246567385,10.440999999999999,11.254999999999999,-22.826999999999998,897.3769488645328,3698.8043000000007,787.5344,2018.8734
1150,75075,20.854583333333334,27.652695148936207,10.357,11.681999999999999,-22.824,898.5586584502623,3700.9620999999997,789.5268,2016.6491
1151,75076,20.854861111111113,27.797246518315443,10.517,11.84,-22.845,899.7410231027668,3703.118,791.5188,2014.4237999999998
1152,75077,20.85513888888889,27.955962905970527,10.754000000000001,11.610999999999999,-23.044999999999998,900.9238604743605,3705.2719000000006,793.5104,2012.1972999999998
1153,75078,20.855416666666667,28.118428352239032,10.749,11.465999999999998,-23.316,902.1071570167558,3707.4237000000003,795.5015,2009.9698
1154,75079,20.855694444444445,28.094842978739,10.595,11.463999999999999,-23.359,903.2909215625314,3709.5735,797.4921999999999,2007.7411
1155,75080,20.855972222222224,28.066896034296345,10.576,11.053999999999998,-23.531,904.4752451312157,3711.7213,799.4825,2005.5114
1156,75081,20.85625,28.023681503328568,10.572,10.454999999999998,-23.753999999999998,905.6599740609245,3713.8670000000006,801.4723,2003.2806
1157,75082,20.856527777777778,27.96671264199638,10.518,10.123999999999999,-23.854000000000003,906.8452970760958,3716.0108,803.4617000000001,2001.0487
1158,75083,20.856805555555557,28.03860843551263,10.561000000000002,10.000999999999998,-23.971,908.0311071838889,3718.1526,805.4505999999999,1998.8157000000003
1159,75084,20.857083333333332,28.148760203603995,10.764,9.746999999999998,-24.114,909.2173340489738,3720.2922999999996,807.4390999999999,1996.5816000000002
1160,75085,20.85736111111111,28.34849133551907,10.939,9.398,-24.406,910.4040617516399,3722.4300000000003,809.4272000000001,1994.3464
1161,75086,20.857638888888893,28.419030560524053,10.873000000000001,9.111999999999998,-24.625,911.5912881544606,3724.5657,811.4149,1992.1101000000003
1162,75087,20.857916666666668,28.317047321357503,10.695000000000002,9.04,-24.612000000000002,912.779038643436,3726.6994,813.4021,1989.8727999999999
1163,75088,20.858194444444447,28.280422945917906,10.713,8.902999999999999,-24.612000000000002,913.9672828033745,3728.8311000000003,815.3889,1987.6343999999997
1164,75089,20.858472222222225,28.379892335948,10.841,8.511999999999999,-24.808,915.1560460779829,3730.9608,817.3752000000001,1985.395
1165,75090,20.858750000000004,28.442500399929678,10.858,8.367999999999999,-24.921,916.3452527661906,3733.0884999999994,819.3611000000001,1983.1544000000001
1166,75091,20.85902777777778,28.58362823365851,10.803,8.495,-25.063,917.534973432456,3735.2142,821.3465,1980.9128
1167,75092,20.859305555555558,28.73585685167575,10.748000000000001,8.473999999999998,-25.267,918.7251792678023,3737.3379,823.3315,1978.6701
1168,75093,20.859583333333337,28.796650499667493,10.608,8.245999999999999,-25.470000000000002,919.9159137479976,3739.4595999999997,825.3161,1976.4263999999998
1169,75094,20.859861111111115,28.94167785391856,10.411,8.09,-25.764,921.1071550261262,3741.5793,827.3002,1974.1816999999999
1170,75095,20.86013888888889,29.008481070197384,10.237,7.876999999999998,-25.974,922.2988746258172,3743.697,829.2839,1971.9359
1171,75096,20.860416666666666,29.023547698377605,10.031,7.991999999999997,-26.036,923.491051012403,3745.8127,831.2671,1969.6889999999999
1172,75097,20.860694444444444,29.095234317667902,9.956,8.231999999999998,-26.07,924.6836594489823,3747.9263,833.2499,1967.4411
1173,75098,20.860972222222223,29.00272644080208,9.797,8.335999999999999,-25.994,925.8768066777105,3750.0379999999996,835.2322,1965.1921000000002
1174,75099,20.861250000000002,28.70096867703249,9.568999999999999,8.708999999999998,-25.619,927.0704229921681,3752.1477,837.2140999999999,1962.9419999999998
1175,75100,20.861527777777777,28.36167387514355,9.355,9.281999999999998,-25.114,928.2644454258173,3754.2553,839.1955,1960.6909
1176,75101,20.861805555555556,27.958941396268923,9.218,9.711999999999998,-24.544,929.4590641983307,3756.361,841.1764999999999,1958.4388
1177,75102,20.862083333333334,27.675242239228908,9.222,10.181999999999999,-24.025,930.6541909722989,3758.4646999999995,843.1571,1956.1857
1178,75103,20.86236111111111,27.577821977088764,9.336000000000002,10.594999999999999,-23.688,931.8496711375141,3760.5663,845.1371999999999,1953.9315
1179,75104,20.86263888888889,27.319496499752702,9.231,11.081999999999997,-23.202,933.0456959776311,3762.666,847.1169,1951.6761999999999
1180,75105,20.862916666666667,26.933823939426055,9.1,11.765999999999998,-22.454,934.242202203052,3764.7636999999995,849.0961,1949.4199
1181,75106,20.863194444444446,26.60266650168738,9.23,11.885999999999997,-21.936999999999998,935.4392070402184,3766.8594,851.0749,1947.1626
1182,75107,20.863472222222224,26.38618329732438,9.427000000000001,11.733999999999998,-21.672,936.6366428906847,3768.9531,853.0532,1944.9042000000002
1183,75108,20.86375,26.155767643103115,9.529,11.765999999999998,-21.328,937.8345726949659,3771.0448000000006,855.0310999999999,1942.6448
1184,75109,20.864027777777782,26.087823692289852,9.465,11.875999999999998,-21.211999999999996,939.0328870651214,3773.1344000000004,857.0085000000001,1940.3843999999997
1185,75110,20.864305555555557,26.10124575571059,9.602,11.815,-21.201,940.2318650269632,3775.2222,858.9855,1938.123
1186,75111,20.864583333333336,26.124438233194603,9.828999999999999,11.705999999999998,-21.186,941.4311777101948,3777.3079000000007,860.9619999999999,1935.8605
1187,75112,20.864861111111114,26.093191698218902,9.856,11.625999999999998,-21.179,942.6309553404313,3779.3916000000004,862.9379999999999,1933.5970000000002
1188,75113,20.86513888888889,25.94299007439196,9.758,11.780999999999997,-20.953,943.8313026009491,3781.4734,864.9136000000001,1931.3325
1189,75114,20.86541666666667,25.90493922015645,9.858,11.995999999999999,-20.735999999999997,945.0321101013781,3783.5532,866.8887000000001,1929.0670000000002
1190,75115,20.865694444444447,26.038456732302702,10.02,12.249999999999996,-20.677,946.2332639162998,3785.6309,868.8634,1926.8004
1191,75116,20.865972222222226,26.09197788593268,9.908999999999999,12.745,-20.498,947.4348733052724,3787.7066000000004,870.8376000000001,1924.5328000000002
1192,75117,20.86625,26.101042450446307,9.530000000000001,13.413999999999998,-20.261000000000003,948.6370229335105,3789.7803999999996,872.8113000000001,1922.2642
1193,75118,20.866527777777783,26.272387405791655,9.16,14.136,-20.162,949.8396437759009,3791.8522,874.7846,1919.9946
1194,75119,20.866805555555555,26.248262894904112,8.731,14.839999999999998,-19.812,951.0428002590379,3793.9221,876.7574000000001,1917.7240000000002
1195,75120,20.867083333333333,26.060141902913728,8.164000000000001,15.607999999999999,-19.206,952.2462485656251,3795.9898000000003,878.7297999999998,1915.4523999999997
1196,75121,20.867361111111112,26.004494630736428,7.712000000000001,16.285999999999994,-18.749,953.4502278914031,3798.0555999999997,880.7017,1913.1798000000003
1197,75122,20.867638888888887,25.970210742310122,7.323,16.851,-18.354000000000003,954.6546692979758,3800.1193999999996,882.6732,1910.9062
1198,75123,20.867916666666666,25.791591924501283,6.8180000000000005,17.436999999999998,-17.738999999999997,955.8595501984435,3802.1812,884.6442,1908.6316
1199,75124,20.868194444444445,25.65161706403711,6.184000000000001,17.948999999999998,-17.251,957.0648680721279,3804.2410000000004,886.6147000000001,1906.3559999999998
1200,75125,20.868472222222223,25.490114064083745,5.641000000000001,18.196999999999996,-16.935000000000002,958.2707523695393,3806.2989000000002,888.5847,1904.0794999999998
1201,75126,20.86875,25.27390585168822,5.3260000000000005,18.371,-16.52,959.4770896284638,3808.3547999999996,890.5543,1901.8019999999997
1202,75127,20.86902777777778,24.959903545486707,5.075000000000001,18.621999999999996,-15.825999999999999,960.6838340507868,3810.4087,892.5235,1899.5234
1203,75128,20.869305555555552,24.59720321499987,4.971,18.797,-15.065999999999999,961.8909859827633,3812.4606,894.4921,1897.2437999999997
1204,75129,20.86958333333333,24.410658184489822,5.226000000000001,18.801,-14.666,963.0985840073365,3814.5104999999994,896.4603,1894.9631999999997
1205,75130,20.869861111111113,24.282127686839964,5.365,18.758,-14.456,964.3067364138973,3816.5585,898.4279999999999,1892.6817000000003
1206,75131,20.87013888888889,24.08132542033349,5.128000000000001,18.824999999999996,-14.115,965.5153304243782,3818.6045,900.3952999999999,1890.3992000000003
1207,75132,20.870416666666667,23.773459192974002,5.071000000000001,18.8,-13.639000000000001,966.7243435437891,3820.6485000000002,902.3620999999999,1888.1156999999998
1208,75133,20.870694444444446,23.673422080468214,5.3260000000000005,18.698999999999998,-13.506,967.9337733068047,3822.6905000000006,904.3284,1885.8312
1209,75134,20.870972222222225,23.72890079628637,5.534000000000001,18.656,-13.578999999999999,969.1436382243312,3824.730499999999,906.2942999999999,1883.5457000000001
1210,75135,20.87125,23.707457244504308,5.684,18.732999999999997,-13.372,970.3539153066256,3826.7684999999997,908.2597,1881.2592
1211,75136,20.87152777777778,23.928666929020512,5.947,18.916,-13.394,971.5646024999363,3828.8044999999997,910.2245999999999,1878.9716999999996
1212,75137,20.871805555555557,24.337064695644784,6.174,18.968999999999998,-13.940999999999999,972.7757834699544,3830.8385000000003,912.189,1876.6834
1213,75138,20.872083333333336,24.699437665663563,6.339,18.904,-14.578,973.987478612283,3832.8705999999997,914.153,1874.3941
1214,75139,20.87236111111111,24.927814043754417,6.515000000000001,18.772,-15.051999999999998,975.1995768868661,3834.9006999999997,916.1165000000001,1872.1038
1215,75140,20.87263888888889,25.281576948442122,6.632000000000001,18.775,-15.578000000000003,976.4120330811847,3836.9288,918.0795,1869.8124
1216,75141,20.87291666666667,25.598112313215594,6.9079999999999995,18.648999999999997,-16.116999999999997,977.6249517421163,3838.9548999999997,920.0420999999999,1867.5201000000002
1217,75142,20.873194444444444,26.006031338902904,7.101000000000001,18.442999999999998,-16.904,978.8382458266144,3840.9790000000003,922.0041000000001,1865.2268
1218,75143,20.873472222222226,26.2888335610388,7.039,18.16,-17.657,980.0520858869047,3843.0011999999997,923.9657,1862.9326
1219,75144,20.87375,26.277198747202867,6.875000000000002,17.981999999999996,-17.885,981.2663604791403,3845.0214,925.9268,1860.6375
1220,75145,20.874027777777776,26.21298170754331,6.667,17.815,-18.036,982.4811129568163,3847.0397,927.8874,1858.3414
1221,75146,20.87430555555556,25.947939301609292,6.468000000000001,17.351,-18.177,983.6963168443675,3849.0560000000005,929.8476,1856.0444
1222,75147,20.874583333333334,25.542346172581716,6.388,16.849999999999998,-18.101999999999997,984.9119055041094,3851.0702999999994,931.8073,1853.7464
1223,75148,20.87486111111111,25.322836669694016,6.296,16.404,-18.235,986.1278778100507,3853.0826,933.7665,1851.4474000000002
1224,75149,20.87513888888889,25.24565536879564,6.025,16.049,-18.533,987.3442946914653,3855.0928999999996,935.7252999999998,1849.1475000000003
1225,75150,20.875416666666666,25.119440240578612,5.793,15.697999999999999,-18.735000000000003,988.5612207283981,3857.1013,937.6836,1846.8466999999996
1226,75151,20.87569444444444,24.847513960153037,5.585,15.334,-18.737000000000002,989.7785015451163,3859.1076999999996,939.6413,1844.5448999999996
1227,75152,20.875972222222224,24.603694763185466,5.49,15.339999999999998,-18.436,990.9963299828918,3861.1122000000005,941.5986999999999,1842.2422000000001
1228,75153,20.87625,24.64557552584236,5.434,15.390999999999996,-18.466,992.2145090252131,3863.1146999999996,943.5555,1839.9384999999997
1229,75154,20.876527777777778,24.885176832805506,5.473,15.383999999999997,-18.779,993.4330577912366,3865.1152,945.5118,1837.6338
1230,75155,20.876805555555556,25.268671393644738,5.751,15.402999999999997,-19.188,994.6520797355577,3867.1137000000003,947.4676999999999,1835.3283
1231,75156,20.877083333333335,25.717626115176337,6.176,15.630999999999997,-19.466,995.8715339275508,3869.1102999999994,949.423,1833.0218
1232,75157,20.87736111111111,26.110666536877222,6.521000000000001,15.728999999999996,-19.795,997.0914613495206,3871.1050000000005,951.3779000000001,1830.7143
1233,75158,20.87763888888889,26.299133008523306,6.6659999999999995,15.999999999999996,-19.779000000000003,998.3117670799644,3873.0976,953.3324,1828.4059999999997
1234,75159,20.877916666666668,26.29117682797786,6.8870000000000005,16.128999999999998,-19.587,999.532539697321,3875.0883000000003,955.2863000000001,1826.0967999999998
1235,75160,20.878194444444443,26.246999333257126,7.147,16.070999999999998,-19.482,1000.7536692633652,3877.077,957.2397000000001,1823.7866000000001
1236,75161,20.87847222222222,26.484507792292458,7.252000000000001,16.2,-19.657,1001.9753049028739,3879.0638,959.1927,1821.4755
1237,75162,20.878750000000004,26.56880687949687,7.005000000000001,16.192999999999998,-19.865000000000002,1003.1973127396166,3881.0485999999996,961.1451,1819.1635
1238,75163,20.87902777777778,26.376755391821792,6.85,16.249999999999996,-19.615000000000002,1004.4197340827246,3883.0314000000008,963.0971,1816.8506000000002
1239,75164,20.879305555555554,26.19685257812472,6.884,16.109999999999996,-19.476999999999997,1005.6426331364142,3885.0123,965.0486000000001,1814.5367999999999
1240,75165,20.879583333333336,26.032026928381896,6.759,15.797,-19.556,1006.8658780497411,3886.9912000000004,966.9996000000001,1812.2219999999998
1241,75166,20.87986111111111,25.79654017499246,6.252000000000001,15.365999999999996,-19.755000000000003,1008.089508066019,3888.9681000000005,968.9501,1809.9063
1242,75167,20.880138888888887,25.75926182948572,5.931,15.346999999999998,-19.82,1009.313521178791,3890.943,970.9001000000001,1807.5897
1243,75168,20.88041666666667,25.853278322100664,5.880000000000001,15.311999999999998,-19.984,1010.5379808272512,3892.9159999999997,972.8495,1805.2722
1244,75169,20.880694444444444,25.88177855171472,5.8260000000000005,15.197,-20.124000000000002,1011.7628883823523,3894.8871,974.7984999999999,1802.9537
1245,75170,20.880972222222223,26.0427730858294,5.766,15.092999999999998,-20.425,1012.9882353593041,3896.8561999999997,976.7470999999999,1800.6344000000001
1246,75171,20.88125,26.05288417814811,5.693,14.806000000000001,-20.667,1014.2138931942831,3898.8233,978.6951000000001,1798.3141
1247,75172,20.88152777777778,26.11898880125339,5.826,14.569999999999999,-20.880000000000003,1015.4400335753392,3900.7885,980.6427000000001,1795.9929
1248,75173,20.881805555555555,26.17866094742051,5.892,14.279999999999998,-21.134999999999998,1016.6665435101892,3902.7517,982.5898000000001,1793.6707999999999
1249,75174,20.882083333333334,26.158171878019303,5.966,14.035999999999998,-21.252,1017.8935093352563,3904.7130000000006,984.5364,1791.3478
1250,75175,20.882361111111113,26.208150068251665,6.013,14.043999999999997,-21.294999999999998,1019.1208404253533,3906.6722999999997,986.4825000000001,1789.0239000000001
1251,75176,20.882638888888888,26.38238742039848,6.079000000000001,14.305999999999997,-21.317,1020.3486231676807,3908.6297,988.4280999999999,1786.6991000000003
1252,75177,20.882916666666667,26.336041767889117,5.996,14.181999999999999,-21.366000000000003,1021.5768070734806,3910.5851000000002,990.3732,1784.3735000000001
1253,75178,20.883194444444445,26.099828543498134,5.9110000000000005,13.876999999999999,-21.3,1022.805397611857,3912.5386,992.3178,1782.0469
1254,75179,20.883472222222224,26.043686259821207,5.839,13.827999999999998,-21.282999999999998,1024.034385138144,3914.4901,994.2619000000001,1779.7195
1255,75180,20.88375,25.967048137976715,5.732000000000001,14.041,-21.078,1025.2636868099355,3916.4396,996.2055,1777.3911
1256,75181,20.884027777777778,25.853846232233995,5.692,14.448999999999998,-20.669999999999998,1026.4934693475839,3918.3872,998.1485999999999,1775.0619
1257,75182,20.884305555555557,25.61465151041489,5.6,14.783999999999997,-20.154,1027.7236019878205,3920.3328,1000.0911999999998,1772.7318
1258,75183,20.88458333333333,25.47197978171308,5.660000000000001,15.076999999999998,-19.735,1028.954171099326,3922.2765,1002.0332999999998,1770.4008000000001
1259,75184,20.884861111111114,25.43184195059414,5.724,15.324999999999998,-19.472,1030.1851254660617,3924.2182000000003,1003.9748999999999,1768.069
1260,75185,20.88513888888889,25.309596243322414,5.6850000000000005,15.626,-19.081,1031.41651210311,3926.1580000000004,1005.9159999999999,1765.7363
1261,75186,20.885416666666664,25.101212719707384,5.6080000000000005,15.899999999999997,-18.595999999999997,1032.648240049979,3928.0958,1007.8566000000001,1763.4027
1262,75187,20.885694444444447,24.852178214394005,5.5040000000000004,16.211,-18.015,1033.8803955136261,3930.0316999999995,1009.7966999999999,1761.0682000000002
1263,75188,20.88597222222222,24.693229557917284,5.305000000000001,16.755999999999997,-17.345,1035.1129506413604,3931.9656000000004,1011.7364,1758.7329000000002
1264,75189,20.886249999999997,24.65783338008431,5.115,17.180999999999997,-16.931,1036.3459062846498,3933.8976000000002,1013.6754999999999,1756.3967
1265,75190,20.88652777777778,24.542894755916628,5.003,17.356999999999996,-16.615000000000002,1037.579323419814,3935.8277000000003,1015.6141,1754.0597000000002
1266,75191,20.886805555555554,24.43486584780035,4.8500000000000005,17.439999999999998,-16.413,1038.813093754563,3937.7558,1017.5523000000001,1751.7218
1267,75192,20.88708333333333,24.483939879030906,4.7,17.464,-16.503999999999998,1040.0472585268337,3939.682,1019.4899000000001,1749.3830000000003
1268,75193,20.88736111111111,24.53943220614527,4.6160000000000005,17.478999999999996,-16.594,1041.281749640176,3941.6061999999997,1021.427,1747.0433
1269,75194,20.887638888888887,24.671444607075603,4.545,17.654999999999998,-16.623,1042.516653287656,3943.5284999999994,1023.3636,1744.7027000000003
1270,75195,20.887916666666666,24.842543146787527,4.57,17.831,-16.683,1043.7519182279752,3945.4487999999997,1025.2997,1742.3613
1271,75196,20.888194444444444,25.027269087936862,4.633,17.897,-16.87,1044.987631212764,3947.3671999999997,1027.2353,1740.0191
1272,75197,20.88847222222222,25.233212894912928,4.602,17.95,-17.127000000000002,1046.2237507845973,3949.2837,1029.1704000000002,1737.6760000000002
1273,75198,20.888749999999998,25.26051440489682,4.612,17.711999999999996,-17.41,1047.4602517384196,3951.1983,1031.1048999999998,1735.3319999999999
1274,75199,20.889027777777777,25.105046763549353,4.6930000000000005,17.409999999999997,-17.468,1048.6970893801795,3953.1108999999997,1033.0390000000002,1732.9870999999998
1275,75200,20.889305555555556,24.99982171936432,4.8260000000000005,17.076999999999998,-17.609,1049.9342538847704,3955.0215,1034.9725,1730.6414
1276,75201,20.88958333333333,24.91764677893962,4.986,16.678,-17.829,1051.1718555654695,3956.9302,1036.9055,1728.2949
1277,75202,20.88986111111111,24.73213468344372,5.151000000000001,16.273999999999997,-17.897,1052.409764552744,3958.8369,1038.838,1725.9475000000002
1278,75203,20.890138888888888,24.478745596945934,5.189,15.947999999999999,-17.831,1053.6481958096542,3960.7418,1040.77,1723.5992999999999
1279,75204,20.890416666666667,24.13680449023855,5.097,15.698999999999998,-17.610999999999997,1054.8869681686679,3962.6447,1042.7015,1721.2503000000002
1280,75205,20.890694444444442,23.878843460268335,4.890000000000001,15.563999999999998,-17.436999999999998,1056.1261304051563,3964.5457,1044.6325000000002,1718.9004
1281,75206,20.890972222222224,23.74535916763526,4.695,15.595999999999998,-17.279,1057.3655912960824,3966.4447,1046.5629999999999,1716.5495999999998
1282,75207,20.891249999999996,23.736897733275928,4.556,15.696999999999997,-17.213,1058.6053873057156,3968.3417,1048.493,1714.1979999999999
1283,75208,20.891527777777775,23.693110074449912,4.3340000000000005,15.696999999999997,-17.21,1059.8456054678368,3970.2368,1050.4225,1711.8455999999999
1284,75209,20.891805555555557,23.688528975012357,3.9450000000000003,15.613999999999999,-17.372,1061.0862439135992,3972.13,1052.3515,1709.4923999999999
1285,75210,20.892083333333332,23.508508013057735,3.467,15.413999999999996,-17.407999999999998,1062.327261538868,3974.0213000000003,1054.28,1707.1383
1286,75211,20.89236111111111,23.543526286433814,3.3020000000000005,15.454999999999998,-17.451,1063.568670903353,3975.9107000000004,1056.2078999999999,1704.7833999999998
1287,75212,20.89263888888889,23.879604100570848,3.1920000000000006,15.721999999999998,-17.688000000000002,1064.8105181896829,3977.7981999999997,1058.1354000000001,1702.4277000000002
1288,75213,20.892916666666668,24.24970707039571,3.0760000000000005,15.880999999999997,-18.066,1066.0526638514457,3979.6837,1060.0623,1700.0711999999999
1289,75214,20.893194444444443,24.560423958067172,2.9560000000000004,15.919999999999998,-18.467000000000002,1067.2951803631663,3981.5673,1061.9887,1697.7138
1290,75215,20.893472222222222,24.57791915520921,2.9860000000000007,15.516999999999996,-18.825,1068.5381043937657,3983.4489999999996,1063.9145999999998,1695.3556
1291,75216,20.89375,24.50072835652034,3.277,14.934999999999999,-19.144,1069.7814337458185,3985.3288000000002,1065.84,1692.9966
1292,75217,20.89402777777778,24.400422906171112,3.617,14.518,-19.275,1071.0251418558455,3987.2067,1067.7648,1690.6368000000002
1293,75218,20.894305555555555,24.381252244296228,3.9130000000000003,14.433999999999997,-19.255999999999997,1072.2691237389452,3989.0826,1069.6891,1688.2760999999998
1294,75219,20.894583333333333,24.299523801918422,4.2250000000000005,14.745999999999999,-18.846,1073.5134151611371,3990.9565000000002,1071.6129,1685.9146
1295,75220,20.894861111111112,24.450491058463427,4.521000000000001,15.144,-18.656,1074.7581032587325,3992.8284999999996,1073.5362,1683.5523
1296,75221,20.895138888888887,24.479176068650677,4.68,15.324999999999998,-18.506,1076.003185397825,3994.6985999999997,1075.459,1681.1892
1297,75222,20.89541666666667,24.44682502902984,4.8180000000000005,15.332999999999995,-18.421,1077.2485469427,3996.5667000000003,1077.3812,1678.8253
1298,75223,20.895694444444445,24.505128463242137,4.9590000000000005,15.545999999999998,-18.282,1078.494322835467,3998.4329000000007,1079.303,1676.4605999999999
1299,75224,20.89597222222222,24.490042568358266,5.229000000000001,15.411999999999997,-18.3,1079.7404870025832,4000.2971999999995,1081.2243,1674.0951
1300,75225,20.896250000000002,24.443792177156144,5.34,15.323999999999998,-18.279999999999998,1080.9870132670344,4002.1596,1083.145,1671.7288
1301,75226,20.896527777777777,24.250191463161684,5.196,15.388999999999996,-18.006999999999998,1082.2338342265484,4004.0200000000004,1085.0652,1669.3617000000002
1302,75227,20.896805555555552,24.28055151762414,5.221,15.453999999999999,-17.985,1083.480999726316,4005.8785,1086.9849,1666.9936999999998
1303,75228,20.897083333333335,24.60975044570749,5.336,15.459999999999997,-18.389000000000003,1084.7285825967833,4007.7351000000003,1088.9041,1664.625
1304,75229,20.89736111111111,24.92460392864849,5.371,15.295999999999998,-18.932,1085.9765189212362,4009.5897999999993,1090.8227,1662.2555
1305,75230,20.89763888888889,25.184116462564255,5.585000000000001,15.283999999999997,-19.221,1087.2249207587304,4011.4426999999996,1092.7408,1659.8852
1306,75231,20.897916666666667,25.37383871234307,5.679,15.238999999999999,-19.476999999999997,1088.4735694351755,4013.2936,1094.6583999999998,1657.514
1307,75232,20.898194444444442,25.254283319864772,5.644,15.091,-19.447,1089.7226268111935,4015.1426,1096.5755,1655.1420999999998
1308,75233,20.89847222222222,24.894615401728945,5.546,14.951999999999998,-19.116000000000003,1090.972029263348,4016.9896999999996,1098.492,1652.7694
1309,75234,20.89875,24.594570965967264,5.269,15.095999999999998,-18.688,1092.221709591338,4018.8348000000005,1100.408,1650.3959
1310,75235,20.89902777777778,24.516795447203126,5.023000000000001,15.251,-18.527,1093.4717554296772,4020.678,1102.3235,1648.0216
1311,75236,20.899305555555554,24.198126477064292,4.7780000000000005,15.020999999999997,-18.36,1094.7221401026684,4022.5193,1104.2384000000002,1645.6465
1312,75237,20.899583333333332,23.540806485759997,4.46,14.700999999999997,-17.837,1095.9729227903154,4024.3586999999998,1106.1528,1643.2706999999998
1313,75238,20.89986111111111,22.803395098098875,4.15,14.237999999999996,-17.322,1097.2240647273393,4026.1962,1108.0666999999999,1640.8941
1314,75239,20.900138888888886,22.11528297354569,3.9410000000000003,13.691999999999998,-16.913999999999998,1098.4755638422885,4028.0317999999997,1109.9801000000002,1638.5167000000001
1315,75240,20.900416666666665,21.638841674174703,3.739,13.597999999999999,-16.412,1099.7273936564072,4029.865500000001,1111.8929,1636.1385
1316,75241,20.900694444444444,21.449353813110548,3.3950000000000005,13.844999999999999,-16.027,1100.9795230883628,4031.6972,1113.8052000000002,1633.7595999999999
1317,75242,20.900972222222222,21.28961833852359,3.0660000000000003,14.222999999999995,-15.542000000000002,1102.23209335381,4033.5271000000002,1115.717,1631.3799
1318,75243,20.901249999999997,21.268220071270655,2.8940000000000006,14.417999999999997,-15.364999999999998,1103.4848977867446,4035.3550000000005,1117.6281999999999,1628.9994000000002
1319,75244,20.901527777777776,21.395502588160902,2.9090000000000003,14.664999999999997,-15.304999999999998,1104.7380494106878,4037.1809999999996,1119.5389,1626.6181
1320,75245,20.90180555555555,21.481438545870244,2.9010000000000007,15.024999999999997,-15.075999999999999,1105.9915821890165,4039.0051,1121.4491,1624.2360999999999
1321,75246,20.90208333333333,21.703778242508836,2.7550000000000003,15.577999999999998,-14.859,1107.2455479534226,4040.8273999999997,1123.3588,1621.8533
1322,75247,20.902361111111112,21.944563677594502,2.5190000000000006,15.975,-14.832999999999998,1108.499764694566,4042.6477,1125.268,1619.4697
1323,75248,20.902638888888887,22.23928337424567,2.5020000000000002,16.4,-14.810999999999998,1109.754331120225,4044.4661,1127.1766000000002,1617.0854
1324,75249,20.902916666666666,22.677333639561773,2.543,16.804,-15.014000000000001,1111.0092346679874,4046.2825999999995,1129.0846999999999,1614.7003
1325,75250,20.903194444444445,22.9357496934371,2.4090000000000003,16.782,-15.447,1112.2644190193168,4048.0971,1130.9923000000001,1612.3145
1326,75251,20.903472222222224,22.943557200225072,2.4460000000000006,16.549999999999997,-15.700999999999999,1113.5200006552113,4049.9098,1132.8992999999998,1609.9279
1327,75252,20.90375,23.133649820121335,2.6350000000000007,16.255,-16.247999999999998,1114.7758881702393,4051.7205999999996,1134.8057000000001,1607.5405
1328,75253,20.904027777777777,23.43943463482001,2.6540000000000004,16.073999999999998,-16.852,1116.0321651117295,4053.5294999999996,1136.7117,1605.1524
1329,75254,20.904305555555556,23.546884252486567,2.6300000000000003,15.802999999999997,-17.256999999999998,1117.288779293615,4055.3365,1138.6171,1602.7636
1330,75255,20.90458333333333,23.703048474827032,2.7850000000000006,15.538999999999998,-17.681,1118.5456928371775,4057.1416000000004,1140.5219,1600.374
1331,75256,20.90486111111111,24.074004673090847,3.0810000000000004,15.401999999999997,-18.244,1119.8029649681234,4058.9447999999998,1142.4261999999999,1597.9837
1332,75257,20.905138888888885,24.4965153032018,3.3150000000000004,15.318999999999997,-18.826,1121.060558067637,4060.7461000000003,1144.33,1595.5926
1333,75258,20.905416666666664,24.65667408634019,3.3400000000000007,15.210999999999995,-19.116,1122.3184696857559,4062.5455,1146.2332999999999,1593.2007
1334,75259,20.905694444444443,24.69166875689045,3.3200000000000003,15.404999999999998,-19.009,1123.576708206189,4064.343,1148.136,1590.8081
1335,75260,20.90597222222222,24.654456412583908,3.3560000000000003,15.701999999999998,-18.708999999999996,1124.8352964781693,4066.1385999999998,1150.0382,1588.4148
1336,75261,20.906249999999996,24.683692450684926,3.338,15.969999999999999,-18.523000000000003,1126.0942877333805,4067.9324,1151.9398999999999,1586.0207
1337,75262,20.906527777777775,24.626449480182885,3.213,16.326999999999998,-18.154,1127.3535349940116,4069.7241999999997,1153.8411,1583.6259
1338,75263,20.906805555555554,24.45945663746437,3.0390000000000006,16.766999999999996,-17.547,1128.613065466125,4071.5140999999994,1155.7417,1581.2303
1339,75264,20.90708333333333,24.511819087942044,2.9050000000000002,17.314999999999998,-17.105,1129.872993108515,4073.3021999999996,1157.6418,1578.8339
1340,75265,20.90736111111111,24.596661846681553,2.7730000000000006,17.733999999999998,-16.817,1131.133170334108,4075.0882999999994,1159.5414,1576.4368
1341,75266,20.907638888888886,24.592856686444538,2.7380000000000004,18.065999999999995,-16.46,1132.3936597912787,4076.8725000000004,1161.4404,1574.0390000000002
1342,75267,20.907916666666665,24.8355987244117,2.688,18.532,-16.314,1133.654584269018,4078.6549,1163.3388,1571.6406000000002
1343,75268,20.908194444444444,25.21236462531827,2.495,19.331999999999997,-15.991000000000003,1134.9158079299227,4080.4354,1165.2367,1569.2414
1344,75269,20.908472222222223,25.392522856148027,2.2990000000000004,19.9,-15.604,1136.1773632012814,4082.214,1167.1340999999998,1566.8415
1345,75270,20.908749999999998,25.499023785235387,2.0420000000000007,20.284999999999997,-15.315000000000001,1137.439187515321,4083.9907,1169.0309,1564.4408
1346,75271,20.909027777777776,25.615481920120104,1.8310000000000006,20.662999999999997,-15.028,1138.7013398972285,4085.7655,1170.9271999999999,1562.0394000000001
1347,75272,20.909305555555555,25.73142679681793,1.7210000000000005,20.921999999999997,-14.88,1139.9637918560395,4087.5384,1172.8229,1559.6372999999999
1348,75273,20.909583333333334,25.625306749383505,1.7730000000000004,20.955999999999996,-14.641,1141.2266577096154,4089.3095000000003,1174.7180999999998,1557.2345
1349,75274,20.90986111111111,25.32359534110431,1.7240000000000002,20.967,-14.096,1142.4898195087742,4091.0787000000005,1176.6127,1554.8310000000001
1350,75275,20.910138888888888,25.010634778029925,1.5940000000000003,21.15,-13.254000000000001,1143.7533005659639,4092.846,1178.5067999999999,1552.4268
1351,75276,20.910416666666666,24.89009981900434,1.3820000000000003,21.323999999999998,-12.763,1145.0170990193549,4094.6113999999993,1180.4004,1550.0219000000002
1352,75277,20.910694444444445,24.88025478165366,1.3700000000000003,21.446999999999996,-12.536999999999999,1146.2811525333677,4096.3749,1182.2934,1547.6162
1353,75278,20.91097222222222,24.812955547455445,1.5730000000000002,21.302999999999997,-12.625,1147.5454939208707,4098.1365,1184.1858,1545.2098
1354,75279,20.911250000000003,24.82825668467281,1.7840000000000003,21.165,-12.857,1148.810237192452,4099.8963,1186.0777,1542.8027000000002
1355,75280,20.911527777777774,24.87538811757517,2.0810000000000004,21.041999999999998,-13.103,1150.0752899815648,4101.6542,1187.9691,1540.3949
1356,75281,20.911805555555553,24.627261033253372,2.1990000000000003,20.641,-13.252,1151.340534007962,4103.4101,1189.8599,1537.9864000000002
1357,75282,20.91208333333333,24.294469905721343,2.144,20.306,-13.163999999999998,1152.6061737198247,4105.164200000001,1191.7502,1535.5772000000002
1358,75283,20.912361111111107,24.280309244323885,2.044,20.154999999999998,-13.384,1153.872090777589,4106.9164,1193.6399,1533.1672999999998
1359,75284,20.912638888888885,24.48139742743457,2.0340000000000003,20.008,-13.959999999999999,1155.1383096137329,4108.6667,1195.5291,1530.7567
1360,75285,20.912916666666668,24.556906258728926,2.197,19.589999999999996,-14.644,1156.404891844706,4110.4152,1197.4177,1528.3454000000002
1361,75286,20.913194444444443,24.261087650804114,2.351,19.047,-14.841999999999999,1157.6717383714797,4112.1618,1199.3058,1525.9333000000001
1362,75287,20.913472222222218,23.555142665668573,2.1910000000000003,18.575999999999997,-14.317000000000002,1158.9389138053511,4113.9065,1201.1933999999999,1523.5206
1363,75288,20.91375,22.86074797551471,1.8990000000000005,18.130999999999997,-13.794,1160.2064471943802,4115.6494,1203.0804,1521.1072
1364,75289,20.914027777777775,22.28914377000606,1.8150000000000002,17.511999999999997,-13.669,1161.474155349149,4117.3903,1204.9668,1518.6931
1365,75290,20.914305555555554,21.771150934206485,1.7420000000000002,17.006999999999998,-13.48,1162.7422438689428,4119.1294,1206.8527,1516.2783000000002
1366,75291,20.914583333333333,21.56940031618867,1.7700000000000002,16.897,-13.289000000000001,1164.010710856864,4120.8667000000005,1208.7381,1513.8627999999999
1367,75292,20.91486111111111,21.39281304550666,1.9160000000000004,16.775,-13.137,1165.2794369661385,4122.602099999999,1210.6228999999998,1511.4466
1368,75293,20.91513888888889,20.844458520191885,2.0350000000000006,16.365000000000002,-12.749,1166.548446981822,4124.3356,1212.5072,1509.0297
1369,75294,20.915416666666665,20.54846799642251,2.0760000000000005,15.985,-12.744000000000002,1167.817745315589,4126.0671999999995,1214.3909,1506.6122
1370,75295,20.915694444444444,20.535419036386866,2.1370000000000005,15.645,-13.129000000000001,1169.0872906493419,4127.796899999999,1216.2741,1504.1939
1371,75296,20.915972222222223,20.68367556794488,2.2870000000000004,15.344999999999995,-13.679000000000002,1170.3572112336808,4129.5248,1218.1567,1501.775
1372,75297,20.916249999999998,21.065421168350753,2.3720000000000003,15.151999999999997,-14.440999999999999,1171.6274074410735,4131.2508,1220.0388,1499.3554
1373,75298,20.91652777777778,21.450661784662962,2.5390000000000006,14.969,-15.153,1172.8978511987668,4132.9749,1221.9203,1496.9351
1374,75299,20.916805555555555,21.659270948025927,2.4880000000000004,14.906999999999996,-15.515,1174.168690240209,4134.6972000000005,1223.8013,1494.5142
1375,75300,20.91708333333333,22.035042387070646,2.4090000000000003,15.193999999999997,-15.776000000000002,1175.439772975255,4136.4176,1225.6816999999999,1492.0926
1376,75301,20.917361111111113,22.410373892463284,2.5050000000000003,15.357,-16.128,1176.7111298086988,4138.1361,1227.5614999999998,1489.6704000000002
1377,75302,20.917638888888888,22.591397433536507,2.486,15.208999999999998,-16.519,1177.982752847049,4139.8527,1229.4407999999999,1487.2475
1378,75303,20.917916666666667,22.930347642371235,2.467,15.214999999999998,-16.977,1179.254704168112,4141.5675,1231.3195,1484.8239
1379,75304,20.918194444444445,22.92561486634546,2.5170000000000003,15.231999999999996,-16.948,1180.5270083867779,4143.2805,1233.1977,1482.3996
1380,75305,20.918472222222224,22.76238935173546,2.4620000000000006,15.329999999999998,-16.645,1181.799578831407,4144.9916,1235.0753,1479.9747000000002
1381,75306,20.91875,22.64714383757917,2.168,15.52,-16.35,1183.0724081332828,4146.7008000000005,1236.9524000000001,1477.5491
1382,75307,20.919027777777778,22.58746710014206,1.9590000000000003,15.864999999999998,-15.958000000000002,1184.3455575611627,4148.4082,1238.8289,1475.1227999999999
1383,75308,20.919305555555557,22.464640326522034,1.7600000000000002,16.119,-15.548000000000002,1185.6190848213573,4150.1138,1240.7049000000002,1472.6959000000002
1384,75309,20.919583333333335,22.291553490055374,1.6700000000000004,16.261,-15.156,1186.892837484341,4151.8175,1242.5803,1470.2683000000002
1385,75310,20.91986111111111,21.781653380769786,1.6780000000000004,15.877999999999997,-14.815999999999999,1188.16681427699,4153.5193,1244.4551000000001,1467.84
1386,75311,20.920138888888893,21.197579720336,1.6490000000000005,15.531,-14.332000000000003,1189.4411625841817,4155.2193,1246.3294,1465.4110999999998
1387,75312,20.920416666666668,20.967217197329738,1.6440000000000006,15.704999999999998,-13.794,1190.7157309475137,4156.9174,1248.2031000000002,1462.9814999999999
1388,75313,20.920694444444443,20.725809682615537,1.5590000000000004,15.895,-13.209,1191.9905766430895,4158.6136,1250.0763000000002,1460.5512999999999
1389,75314,20.920972222222225,20.223316518316178,1.4150000000000003,15.908999999999997,-12.405000000000001,1193.2656384467846,4160.3079,1251.9489,1458.1204
1390,75315,20.92125,19.7518194858094,1.1270000000000004,16.011999999999997,-11.51,1194.5411550429733,4162.0005,1253.821,1455.6888999999999
1391,75316,20.92152777777778,19.517070118232397,1.0160000000000002,16.148999999999997,-10.913,1195.8169157588047,4163.691199999999,1255.6924999999999,1453.2568
1392,75317,20.921805555555558,19.161439559699055,1.1110000000000002,15.948999999999998,-10.562000000000001,1197.0928866403679,4165.38,1257.5634,1450.824
1393,75318,20.922083333333337,18.81847756860262,1.2750000000000004,15.703,-10.292,1198.3691248426926,4167.0669,1259.4338,1448.3906
1394,75319,20.92236111111111,18.598172410212783,1.3730000000000004,15.621999999999996,-9.998000000000001,1199.6456600857011,4168.7519999999995,1261.3036,1445.9565
1395,75320,20.92263888888889,18.537931815604455,1.2060000000000004,15.691999999999998,-9.796,1200.9225500026046,4170.4353,1263.1729,1443.5218
1396,75321,20.922916666666666,18.608722739618642,0.9630000000000003,15.748,-9.867,1202.1996422108236,4172.1167000000005,1265.0416,1441.0864
1397,75322,20.923194444444444,18.442312870136433,0.8500000000000003,15.339999999999998,-10.202000000000002,1203.4770850833718,4173.7963,1266.9098,1438.6504
1398,75323,20.923472222222223,18.230866682634698,0.8160000000000004,14.737999999999996,-10.7,1204.7548178347047,4175.4741,1268.7774,1436.2136999999998
1399,75324,20.923750000000002,18.32282082540786,0.8610000000000003,14.188999999999998,-11.561,1206.0327786402618,4177.15,1270.6444,1433.7764000000002
1400,75325,20.924027777777777,18.459263826057636,0.8790000000000004,13.453999999999999,-12.608,1207.3109653829954,4178.8240000000005,1272.5108,1431.3385
1401,75326,20.924305555555556,18.46647408142659,0.9680000000000003,12.699999999999998,-13.371,1208.5894640474812,4180.4962,1274.3767,1428.8999
1402,75327,20.924583333333334,18.42080424411486,0.9630000000000004,12.023999999999997,-13.922,1209.8682757552465,4182.1666,1276.2419999999997,1426.4607
1403,75328,20.92486111111111,18.40896080717214,0.7650000000000003,11.501999999999999,-14.353,1211.1473353637787,4183.8351,1278.1068,1424.0209
1404,75329,20.92513888888889,18.41153448249222,0.6630000000000004,10.722999999999999,-14.951999999999998,1212.4266734425128,4185.5018,1279.971,1421.5804
1405,75330,20.925416666666667,18.981382958046023,0.7610000000000003,10.273,-15.942999999999998,1213.706256083447,4187.1666,1281.8346999999999,1419.1393
1406,75331,20.925694444444446,19.532603641091985,0.9000000000000004,9.947,-16.785999999999998,1214.9861438198463,4188.8296,1283.6978,1416.6976
1407,75332,20.925972222222224,19.971781442825773,1.0430000000000004,9.953999999999997,-17.282999999999998,1216.2663350946077,4190.4908,1285.5602999999999,1414.2553
1408,75333,20.92625,20.32406027347882,1.1080000000000003,10.290999999999999,-17.491,1217.5467370934214,4192.150100000001,1287.4222,1411.8124000000003
1409,75334,20.926527777777782,20.337808485675147,1.2580000000000005,10.580999999999998,-17.323,1218.8274663741959,4193.8076,1289.2836000000002,1409.3689
1410,75335,20.926805555555557,20.16827079845964,1.4990000000000003,10.988999999999997,-16.845,1220.1083996421269,4195.4632,1291.1444999999999,1406.9247
1411,75336,20.927083333333336,20.102299395840266,1.5560000000000005,11.300999999999998,-16.552,1221.3896010197175,4197.117,1293.0047,1404.4798999999998
1412,75337,20.927361111111114,20.161228161994494,1.6550000000000005,11.66,-16.363999999999997,1222.6711240833258,4198.769,1294.8644,1402.0345000000002
1413,75338,20.92763888888889,20.259869323369287,1.8510000000000004,12.197999999999999,-16.07,1223.9528477312347,4200.4191,1296.7235,1399.5885
1414,75339,20.92791666666667,20.43039351064976,1.8470000000000006,13.011,-15.642999999999997,1225.2348898765367,4202.0674,1298.5821,1397.1419
1415,75340,20.928194444444447,19.9812980809556,1.7200000000000002,13.326999999999998,-14.788,1226.5171920327175,4203.713900000001,1300.44,1394.6947
1416,75341,20.928472222222226,19.324526721242098,1.6800000000000004,13.526999999999997,-13.697999999999999,1227.7997170358644,4205.3585,1302.2974,1392.2469
1417,75342,20.92875,18.993663206448616,1.5040000000000002,13.904999999999998,-12.850999999999999,1229.0825545529228,4207.001300000001,1304.1543000000001,1389.7985
1418,75343,20.929027777777783,18.990239413972642,1.2620000000000002,14.45,-12.257,1230.365583258296,4208.6422,1306.0106,1387.3494999999998
1419,75344,20.929305555555555,19.276680575244278,0.8580000000000003,15.187000000000001,-11.841,1231.6488921700798,4210.281300000001,1307.8663000000001,1384.8999000000001
1420,75345,20.929583333333333,19.65599816849808,0.5620000000000004,16.003999999999998,-11.398,1232.9324797900094,4211.9186,1309.7214,1382.4497000000001
1421,75346,20.929861111111112,20.20670853949252,0.33500000000000035,17.051,-10.838,1234.2163725908604,4213.554099999999,1311.576,1379.9989
1422,75347,20.930138888888887,20.843787971479653,0.08400000000000037,18.028999999999996,-10.459999999999999,1235.500448807216,4215.1877,1313.43,1377.5475
1423,75348,20.930416666666666,21.30058001557704,-0.12799999999999961,18.662999999999997,-10.266000000000002,1236.7848591610114,4216.8196,1315.2833999999998,1375.0954
1424,75349,20.93069444444445,21.81038855683227,-0.2059999999999996,19.302,-10.153,1238.0695077782407,4218.4496,1317.1363000000001,1372.6428
1425,75350,20.930972222222223,22.349791833482474,-0.3049999999999996,19.988999999999997,-9.992999999999999,1239.35433410681,4220.0777,1318.9886000000001,1370.1896000000002
1426,75351,20.93125,22.988699354247945,-0.6599999999999996,20.752999999999997,-9.867,1240.6395184892785,4221.7041,1320.8403,1367.7358000000002
1427,75352,20.93152777777778,23.316713511985345,-1.0049999999999997,21.252,-9.54,1241.9248771116634,4223.3286,1322.6914,1365.2814
1428,75353,20.931805555555556,23.371757935593976,-1.1619999999999997,21.523,-9.036,1243.2106189717615,4224.9514,1324.542,1362.8264000000001
1429,75354,20.932083333333335,23.37945884745838,-1.1379999999999997,21.715999999999998,-8.586,1244.4965309114468,4226.5723,1326.392,1360.3708
1430,75355,20.932361111111113,23.484321067469672,-1.1899999999999997,21.906,-8.379999999999999,1245.7827027185826,4228.1914,1328.2413999999999,1357.9146
1431,75356,20.932638888888892,23.470781516600592,-1.2899999999999996,21.958,-8.189,1247.0690992398927,4229.8086,1330.0902999999998,1355.4578999999999
1432,75357,20.932916666666667,23.392112367206167,-1.3499999999999996,21.934999999999995,-8.014000000000001,1248.35575144593,4231.424000000001,1331.9386,1353.0005999999998
1433,75358,20.933194444444446,23.380227565188495,-1.4669999999999999,21.953999999999997,-7.906000000000001,1249.6426579916538,4233.037600000001,1333.7863000000002,1350.5427
1434,75359,20.93347222222222,23.38553805239469,-1.6459999999999997,22.005,-7.743,1250.929725532298,4234.649299999999,1335.6334,1348.0842
1435,75360,20.93375,23.52319776305934,-1.6199999999999997,22.142999999999997,-7.772,1252.2171921735057,4236.2593,1337.48,1345.6252
1436,75361,20.93402777777778,23.533432410084167,-1.3539999999999996,22.064999999999998,-8.07,1253.5047870960002,4237.8674,1339.326,1343.1654999999998
1437,75362,20.934305555555557,23.625284612042243,-0.9889999999999997,22.003999999999998,-8.544,1254.7926288057206,4239.4737,1341.1714,1340.7051999999999
1438,75363,20.934583333333332,23.77857569325799,-0.7749999999999997,21.925999999999995,-9.169,1256.0807732441099,4241.078199999999,1343.0163,1338.2444
1439,75364,20.93486111111111,23.87844203460519,-0.7069999999999996,21.796,-9.727,1257.3691603644154,4242.6809,1344.8606,1335.7830000000001
1440,75365,20.93513888888889,23.948585156538993,-0.5369999999999996,21.598999999999997,-10.331,1258.6578172602744,4244.2818,1346.7042999999999,1333.3211000000001
1441,75366,20.93541666666667,24.002621481829852,-0.40099999999999963,21.468999999999998,-10.726,1259.946713445028,4245.880899999999,1348.5474,1330.8586
1442,75367,20.935694444444444,24.010586019503975,-0.4459999999999996,21.484999999999996,-10.709999999999999,1261.2358760637253,4247.4782,1350.39,1328.3955
1443,75368,20.935972222222222,23.854197974360822,-0.44899999999999957,21.305999999999997,-10.718,1262.5253028924626,4249.073699999999,1352.232,1325.9319
1444,75369,20.93625,23.37458671292393,-0.37599999999999956,20.737999999999996,-10.778,1263.8149635510406,4250.6674,1354.0734,1323.4677
1445,75370,20.936527777777776,22.79734129235249,-0.41299999999999953,20.050999999999995,-10.84,1265.1048558175894,4252.2593,1355.9142,1321.0029
1446,75371,20.93680555555556,22.21652310781325,-0.6129999999999997,19.409,-10.793000000000001,1266.3950359519,4253.8494,1357.7545,1318.5376
1447,75372,20.937083333333334,21.573909868171782,-0.7729999999999996,18.766999999999996,-10.613,1267.6854725733829,4255.4377,1359.5942,1316.0718
1448,75373,20.93736111111111,20.74046819625825,-0.7699999999999997,17.964999999999996,-10.336000000000002,1268.976014953419,4257.0241000000005,1361.4332,1313.6054
1449,75374,20.93763888888889,19.850114483297066,-0.7559999999999996,17.07,-10.103,1270.266902580539,4258.6088,1363.2716999999998,1311.1383999999998
1450,75375,20.937916666666666,19.166328443392594,-0.8269999999999996,16.380999999999997,-9.916,1271.5579507716004,4260.1916,1365.1097,1308.6707999999999
1451,75376,20.938194444444445,18.664807044274525,-0.7619999999999995,15.672999999999996,-10.107,1272.8492184812173,4261.7726,1366.947,1306.2027
1452,75377,20.938472222222224,18.31244838900577,-0.45399999999999957,14.982999999999999,-10.519,1274.1407333459033,4263.3517999999995,1368.7837,1303.7341000000001
1453,75378,20.93875,18.17424273525585,-0.18699999999999958,14.598999999999998,-10.823,1275.432403493725,4264.9291,1370.6199000000001,1301.2649
1454,75379,20.939027777777778,18.32206650462769,-0.020999999999999595,14.527999999999997,-11.164,1276.7244084881047,4266.5046999999995,1372.4555,1298.7952
1455,75380,20.939305555555556,18.63467080471238,0.23400000000000037,14.589999999999998,-11.59,1278.0166270657162,4268.0785,1374.2905,1296.3249
1456,75381,20.939583333333335,18.944679728092527,0.6650000000000004,14.575999999999999,-12.083,1279.3090853265562,4269.6505,1376.1249,1293.8541
1457,75382,20.93986111111111,19.141112324000396,0.8550000000000004,14.499999999999996,-12.466,1280.6017535165065,4271.2207,1377.9587,1291.3827
1458,75383,20.94013888888889,19.58119477968594,0.8040000000000005,14.697999999999997,-12.913,1281.8946596699877,4272.7891,1379.792,1288.9107
1459,75384,20.940416666666668,20.249194354344073,0.6040000000000004,15.115999999999996,-13.460000000000003,1283.1878274143426,4274.3557,1381.6247,1286.4383000000003
1460,75385,20.940694444444443,20.72813283921154,0.5750000000000004,15.384999999999996,-13.879,1284.4812916199821,4275.9206,1383.4568,1283.9652999999998
1461,75386,20.94097222222222,21.057376237318834,0.7370000000000004,15.616999999999996,-14.106,1285.7748965543142,4277.4836,1385.2884,1281.4917
1462,75387,20.941250000000004,21.389444803453873,0.7640000000000005,15.666999999999996,-14.541999999999998,1287.06882129797,4279.0449,1387.1194,1279.0176
1463,75388,20.94152777777778,21.67356567341885,0.5320000000000004,15.819999999999997,-14.805000000000001,1288.3629728923443,4280.604399999999,1388.9497999999999,1276.5430000000001
1464,75389,20.941805555555554,21.83129357138509,0.37300000000000033,15.974999999999998,-14.875,1289.6573221200056,4282.1621,1390.7796,1274.0678
1465,75390,20.942083333333336,21.771607680646827,0.26400000000000035,16.040999999999997,-14.718,1290.9518326000532,4283.717900000001,1392.6089,1271.5921
1466,75391,20.94236111111111,21.94899574012442,-0.009999999999999617,16.517,-14.455000000000002,1292.24653716347,4285.271900000001,1394.4376,1269.1158
1467,75392,20.942638888888887,22.50199253399574,-0.28799999999999965,17.22,-14.482000000000003,1293.5415525589628,4286.8242,1396.2657,1266.639
1468,75393,20.94291666666667,23.044103736097004,-0.2679999999999996,17.692999999999998,-14.762,1294.8368125261563,4288.3747,1398.0931999999998,1264.1618
1469,75394,20.943194444444444,23.280008311854186,-0.0649999999999996,17.969,-14.800999999999998,1296.1322341359028,4289.9234,1399.9200999999998,1261.6839000000002
1470,75395,20.943472222222223,23.266767244290726,-0.1479999999999996,18.334999999999997,-14.322999999999999,1297.4278665713696,4291.470299999999,1401.7463000000002,1259.2056
1471,75396,20.94375,23.182638762660304,-0.6179999999999997,18.54,-13.904000000000002,1298.7238059532958,4293.0155,1403.572,1256.7267000000002
1472,75397,20.94402777777778,23.039039867147242,-0.8689999999999996,18.686,-13.449000000000002,1300.0198634740432,4294.5588,1405.3971,1254.2473
1473,75398,20.944305555555555,22.912674614719247,-0.8559999999999995,18.700999999999997,-13.210999999999999,1301.3162208924946,4296.1004,1407.2215999999999,1251.7674
1474,75399,20.944583333333334,22.804548252486825,-0.9899999999999995,18.839999999999996,-12.811000000000002,1302.6127235235156,4297.6401,1409.0456,1249.287
1475,75400,20.944861111111113,22.79060778039936,-1.1989999999999994,19.058999999999997,-12.439,1303.909492227665,4299.178099999999,1410.8689,1246.8061
1476,75401,20.945138888888888,22.448376622820636,-1.2159999999999995,18.894,-12.061000000000002,1305.2064639399061,4300.7143,1412.6915999999999,1244.3247
1477,75402,20.945416666666667,21.539265934567034,-1.2639999999999996,18.115,-11.584,1306.503666714268,4302.2487,1414.5138000000002,1241.8428
1478,75403,20.945694444444445,20.70246598837926,-1.5249999999999997,17.517,-10.928,1307.8010421660501,4303.781300000001,1416.3354000000002,1239.3602999999998
1479,75404,20.945972222222224,19.85552590590337,-1.6009999999999995,16.811999999999998,-10.442,1309.0986154768389,4305.3121,1418.1564,1236.8772999999999
1480,75405,20.94625,18.903887801190525,-1.3649999999999995,15.449999999999998,-10.806999999999999,1310.3964141305544,4306.8411,1419.9769000000001,1234.3938
1481,75406,20.946527777777778,18.288162400853725,-1.0359999999999998,14.311999999999998,-11.338,1311.6944686550578,4308.368399999999,1421.7967,1231.9098
1482,75407,20.946805555555557,17.888317332829267,-0.7649999999999997,13.495999999999999,-11.716,1312.9927449812012,4309.8939,1423.616,1229.4253
1483,75408,20.94708333333333,17.666017802549614,-0.5399999999999996,12.908999999999997,-12.047999999999998,1314.2911856407998,4311.4176,1425.4347000000002,1226.9402
1484,75409,20.947361111111114,17.37662806760851,-0.14099999999999963,12.078999999999997,-12.491,1315.5898763216642,4312.9396,1427.2527000000002,1224.4546
1485,75410,20.94763888888889,16.89228232063388,0.1250000000000004,11.055999999999997,-12.770999999999999,1316.8887838015664,4314.4598000000005,1429.0701999999999,1221.9685000000002
1486,75411,20.947916666666664,16.61289514202747,0.2530000000000004,10.179999999999996,-13.126,1318.1879985178332,4315.978300000001,1430.8872,1219.4819
1487,75412,20.948194444444447,16.44716537887304,0.6680000000000004,9.624999999999998,-13.319999999999999,1319.4872741293989,4317.4949,1432.7035,1216.9948
1488,75413,20.94847222222222,16.22963982964502,1.2530000000000006,8.859999999999998,-13.540000000000001,1320.7868229043397,4319.0098,1434.5192,1214.5072
1489,75414,20.94875,16.444659710678113,1.5160000000000005,8.318999999999997,-14.104,1322.086699377486,4320.522999999999,1436.3344,1212.0192000000002
1490,75415,20.94902777777778,16.900898023477925,1.4550000000000005,8.422999999999998,-14.580000000000002,1323.3867278097546,4322.0344000000005,1438.1490000000001,1209.5306
1491,75416,20.949305555555554,17.32801272506458,1.4920000000000004,8.580999999999998,-14.98,1324.6868663008322,4323.543900000001,1439.963,1207.0416
1492,75417,20.949583333333333,17.52392381859725,1.4250000000000003,8.575,-15.216,1325.987245093294,4325.051700000001,1441.7764000000002,1204.5520000000001
1493,75418,20.94986111111111,17.558422651252016,1.4410000000000003,8.474999999999998,-15.309999999999999,1327.2878220556443,4326.5577,1443.5892000000001,1202.0620000000001
1494,75419,20.950138888888887,17.840707721388185,1.3980000000000004,8.527999999999997,-15.608,1328.588686632334,4328.062,1445.4014,1199.5716
1495,75420,20.950416666666666,18.254998603122377,1.3810000000000004,8.721999999999998,-15.977,1329.889694860823,4329.5644999999995,1447.2130000000002,1197.0806
1496,75421,20.950694444444444,18.769985668614666,1.5000000000000004,8.948999999999998,-16.431,1331.1908648776064,4331.0652,1449.0239,1194.5892
1497,75422,20.950972222222223,19.478023667713316,1.6540000000000004,9.082999999999998,-17.151000000000003,1332.4923224779996,4332.5642,1450.8343,1192.0973
1498,75423,20.951249999999998,20.325296603001885,1.7410000000000003,9.514999999999997,-17.876,1333.7939747274884,4334.0614000000005,1452.6442000000002,1189.6049
1499,75424,20.951527777777777,20.79545491207153,1.7920000000000005,10.008999999999997,-18.14,1335.095758034962,4335.5568,1454.4533999999999,1187.1119999999999
1500,75425,20.951805555555556,20.775917067604983,1.7390000000000003,10.271999999999998,-17.975,1336.3977934516017,4337.050499999999,1456.262,1184.6186
1501,75426,20.952083333333334,20.38228390048573,1.6740000000000002,10.185999999999996,-17.575,1337.700017995671,4338.5424,1458.0701000000001,1182.1247
1502,75427,20.95236111111111,20.05144705501326,1.5390000000000004,9.981999999999998,-17.322,1339.0024849984375,4340.0326,1459.8775,1179.6304000000002
1503,75428,20.95263888888889,19.828737529151976,1.3960000000000004,9.695999999999998,-17.240000000000002,1340.3051067358879,4341.521,1461.6843,1177.1356
1504,75429,20.952916666666663,19.550000741687967,1.2340000000000004,9.597999999999999,-16.987000000000002,1341.6078876241306,4343.0076,1463.4905999999999,1174.6402
1505,75430,20.953194444444442,19.355018083174194,1.0600000000000003,9.646999999999998,-16.746000000000002,1342.9109368559307,4344.4925,1465.2963,1172.1444
1506,75431,20.95347222222222,18.796113933470394,0.9610000000000003,9.562999999999999,-16.153,1344.2141664948408,4345.9756,1467.1015,1169.6480999999999
1507,75432,20.95375,18.111793561102665,0.8790000000000002,9.535999999999998,-15.373,1345.5176048846524,4347.457,1468.9060000000002,1167.1513
1508,75433,20.954027777777778,17.404100436391417,0.5880000000000003,9.141999999999998,-14.797999999999998,1346.8212143942046,4348.936599999999,1470.7098999999998,1164.6541000000002
1509,75434,20.954305555555557,16.953664028757913,0.38200000000000034,8.547999999999998,-14.636000000000001,1348.1249682762584,4350.4144,1472.5131999999999,1162.1564
1510,75435,20.954583333333332,16.590313589561834,0.4800000000000004,7.783999999999999,-14.643,1349.428981358285,4351.8904999999995,1474.3159,1159.6583
1511,75436,20.954861111111107,16.69109927476318,0.7030000000000003,7.518999999999997,-14.885,1350.7332275044673,4353.3649,1476.118,1157.1597
1512,75437,20.95513888888889,16.980753958526105,0.9060000000000004,7.7399999999999975,-15.087,1352.0376438643566,4354.8375,1477.9196,1154.6606
1513,75438,20.955416666666665,17.16409895683429,1.0660000000000003,8.230999999999998,-15.024000000000001,1353.3422897608027,4356.3084,1479.7206,1152.161
1514,75439,20.955694444444443,17.387626548784628,1.2680000000000002,8.767,-14.962,1354.6470647685153,4357.7775,1481.5209,1149.661
1515,75440,20.955972222222222,17.62168700777539,1.4860000000000002,9.223999999999998,-14.940999999999999,1355.9519979974878,4359.2448,1483.3205999999998,1147.1606
1516,75441,20.95625,18.00303121699232,1.4260000000000004,9.610999999999997,-15.156,1357.2571555692534,4360.7104,1485.1197,1144.6597
1517,75442,20.956527777777776,18.341295346839598,1.1450000000000005,9.752999999999997,-15.491,1358.562475308354,4362.1741999999995,1486.9182999999998,1142.1582999999998
1518,75443,20.956805555555555,18.72391852684688,0.6150000000000004,10.021999999999997,-15.803999999999998,1359.8679846635307,4363.6363,1488.7162,1139.6563999999998
1519,75444,20.957083333333333,18.69420832771476,0.039000000000000326,10.148,-15.7,1361.1737685414496,4365.0967,1490.5135999999998,1137.1541000000002
1520,75445,20.957361111111112,18.88642605153235,-0.6599999999999997,10.416999999999998,-15.739999999999998,1362.4796781004056,4366.5553,1492.3104,1134.6513
1521,75446,20.957638888888887,18.87639661058222,-1.3329999999999997,10.275999999999998,-15.778,1363.7857960015451,4368.0122,1494.1065,1132.1480999999999
1522,75447,20.95791666666667,19.251280398976064,-1.8469999999999995,10.072,-16.302,1365.0920362388053,4369.4673,1495.902,1129.6444
1523,75448,20.958194444444445,19.484264574266074,-2.0209999999999995,10.068999999999999,-16.558,1366.3985127007722,4370.920700000001,1497.6969000000001,1127.1403
1524,75449,20.95847222222222,19.120517513916823,-2.1949999999999994,9.386,-16.512999999999998,1367.7051629353944,4372.3723,1499.4913000000001,1124.6358
1525,75450,20.958750000000002,18.569315550121924,-2.122,8.485999999999997,-16.38,1369.0120220601405,4373.8222000000005,1501.2850999999998,1122.1308000000001
1526,75451,20.959027777777777,17.77932602772107,-2.1679999999999997,7.466999999999997,-15.988999999999999,1370.318997022734,4375.2703,1503.0783,1119.6253000000002
1527,75452,20.959305555555552,17.21956773557339,-2.1719999999999997,7.0749999999999975,-15.548000000000002,1371.6262015124644,4376.7167,1504.8709000000001,1117.1194
1528,75453,20.959583333333335,16.64674415614056,-1.7429999999999997,6.580999999999998,-15.190999999999999,1372.933633377685,4378.1614,1506.6629,1114.6131
1529,75454,20.95986111111111,16.44979203515959,-1.3329999999999995,6.299999999999998,-15.136999999999997,1374.2411757731456,4379.604300000001,1508.4543,1112.1063
1530,75455,20.96013888888889,16.17534701327919,-0.7429999999999997,6.248999999999998,-14.901000000000002,1375.5489422387109,4381.0455,1510.2450999999999,1109.5991
1531,75456,20.960416666666667,15.929940301206406,-0.19299999999999964,6.217999999999998,-14.665000000000001,1376.8568386678703,4382.4848999999995,1512.0353,1107.0915
1532,75457,20.960694444444442,14.998717611849353,0.41600000000000037,6.056999999999998,-13.714999999999998,1378.164955768999,4383.9226,1513.8249,1104.5835000000002
1533,75458,20.96097222222222,14.139980410170303,0.7050000000000004,5.3859999999999975,-13.054999999999998,1379.4731766398484,4385.3585,1515.6138999999998,1102.075
1534,75459,20.96125,13.634926695805886,0.9560000000000004,5.192999999999998,-12.571000000000002,1380.7816834677483,4386.7928,1517.4023,1099.566
1535,75460,20.96152777777778,13.274896082455786,1.0080000000000005,5.390999999999997,-12.089,1382.090405636757,4388.2254,1519.1901,1097.0566
1536,75461,20.961805555555554,13.4199431816979,1.1990000000000003,6.192999999999998,-11.844999999999999,1383.3993099111158,4389.656300000001,1520.9772,1094.5467999999998
1537,75462,20.962083333333332,13.519477578664048,1.4430000000000003,6.474999999999997,-11.78,1384.708334197314,4391.0854,1522.7637,1092.0366
1538,75463,20.96236111111111,13.608627079907803,1.5590000000000004,6.8569999999999975,-11.651,1386.0175778817409,4392.5127999999995,1524.5497,1089.5259
1539,75464,20.962638888888886,13.794326406171486,1.7240000000000006,7.382999999999998,-11.524,1387.3269062344777,4393.9384,1526.3349999999998,1087.0148
1540,75465,20.962916666666665,13.943105249548967,1.6660000000000004,7.791999999999999,-11.442,1388.6364412561998,4395.3623,1528.1197,1084.5032999999999
1541,75466,20.963194444444447,14.017093992693347,1.6020000000000003,8.325999999999997,-11.161999999999999,1389.946190571002,4396.7845,1529.9039,1081.9913
1542,75467,20.963472222222222,14.582971507892347,1.2670000000000003,9.111999999999998,-11.315000000000001,1391.2561433312285,4398.205,1531.6875,1079.4788999999998
1543,75468,20.963749999999997,15.354300374813564,0.9260000000000005,9.849999999999998,-11.742,1392.5662980386492,4399.623799999999,1533.4705,1076.9661
1544,75469,20.96402777777778,16.255143247600124,0.7160000000000004,10.250999999999998,-12.594999999999999,1393.876560914728,4401.040800000001,1535.2529,1074.4528999999998
1545,75470,20.964305555555555,17.15411819360004,0.5430000000000004,10.428999999999998,-13.609,1395.1869077338793,4402.456,1537.0347000000002,1071.9392
1546,75471,20.96458333333333,17.69267760967796,0.3300000000000004,10.054999999999998,-14.553999999999998,1396.4974512352478,4403.8695,1538.8159,1069.4251
1547,75472,20.964861111111112,18.44713270402747,0.05900000000000035,10.029999999999998,-15.482,1397.8081896348901,4405.281300000001,1540.5965,1066.9106
1548,75473,20.965138888888887,18.907657020371403,0.04300000000000036,10.140999999999998,-15.958000000000002,1399.1190894451815,4406.691400000001,1542.3764,1064.3957
1549,75474,20.965416666666666,18.887610145277776,0.05500000000000036,9.753999999999998,-16.174,1400.4302129533635,4408.0998,1544.1558,1061.8804
1550,75475,20.965694444444445,18.744956895122485,0.07800000000000037,9.066999999999998,-16.406,1401.741434084342,4409.5064,1545.9346,1059.3647
1551,75476,20.965972222222224,19.062011147830123,0.1280000000000004,8.725999999999997,-16.947,1403.052811239889,4410.911300000001,1547.7127,1056.8486
1552,75477,20.96625,19.0861928367079,0.3120000000000004,8.016999999999998,-17.318,1404.3643530770628,4412.3145,1549.4902,1054.3319999999999
1553,75478,20.966527777777777,19.009396018811326,0.46600000000000036,7.429999999999998,-17.491,1405.67607992733,4413.715999999999,1551.2671,1051.815
1554,75479,20.966805555555556,18.86527505762903,0.4210000000000004,6.9609999999999985,-17.529000000000003,1406.9879900347007,4415.1158,1553.0434,1049.2976
1555,75480,20.96708333333333,18.549394194959575,0.40800000000000036,6.564999999999998,-17.344,1408.3001035054644,4416.5139,1554.8191,1046.7799
1556,75481,20.96736111111111,18.34391632122214,0.35200000000000037,6.390999999999997,-17.191,1409.6123967363833,4417.9103000000005,1556.5942,1044.2618
1557,75482,20.96763888888889,18.079493825879087,0.28100000000000036,6.299999999999999,-16.944,1410.9248465450526,4419.304999999999,1558.3686999999998,1041.7432
1558,75483,20.967916666666667,18.19599079467782,0.19000000000000034,6.365999999999998,-17.044999999999998,1412.2373809486078,4420.6979,1560.1426,1039.2241999999999
1559,75484,20.968194444444443,18.53375949450084,0.05400000000000037,6.9899999999999975,-17.165,1413.5500902503977,4422.0891,1561.9159,1036.7048
1560,75485,20.968472222222218,18.81443884361157,-0.03099999999999964,8.078,-16.991999999999997,1414.8629724763298,4423.4786,1563.6886,1034.185
1561,75486,20.968749999999996,18.731137872537268,-0.2509999999999996,8.893999999999998,-16.483,1416.1760262020166,4424.8664,1565.4607,1031.6648
1562,75487,20.969027777777775,18.675280908195194,-0.4179999999999996,9.431999999999999,-16.113,1417.489250323632,4426.2525000000005,1567.2322,1029.1442000000002
1563,75488,20.969305555555554,18.703616388281706,-0.5449999999999997,9.670999999999998,-16.0,1418.8025718309705,4427.6368,1569.0031000000001,1026.6233
1564,75489,20.96958333333333,18.729386562298295,-0.6059999999999997,9.979,-15.838,1420.1160389252832,4429.0194,1570.7734,1024.1019000000001
1565,75490,20.969861111111108,18.896813540912127,-0.6649999999999996,10.380999999999998,-15.776,1421.4297628107884,4430.4004,1572.5431,1021.5800999999999
1566,75491,20.970138888888886,19.2724788493852,-0.40899999999999964,10.961999999999998,-15.846,1422.7435579067755,4431.7796,1574.3121999999998,1019.0579
1567,75492,20.970416666666665,19.54253629905801,-0.06499999999999964,11.389999999999997,-15.879999999999999,1424.0575360534433,4433.1571,1576.0807,1016.5354000000001
1568,75493,20.970694444444444,19.591297302629044,0.03100000000000036,11.711999999999998,-15.705000000000002,1425.3717664733858,4434.532999999999,1577.8486,1014.0125
1569,75494,20.970972222222223,19.578086551039657,0.16600000000000037,11.813999999999997,-15.610999999999999,1426.6861553577776,4435.9072,1579.6159000000002,1011.4892
1570,75495,20.97125,19.59555370485866,0.4200000000000004,11.833999999999998,-15.613,1428.000680088211,4437.2797,1581.3826000000001,1008.9654
1571,75496,20.971527777777776,19.61953834828944,0.7470000000000003,11.709999999999997,-15.723999999999998,1429.3153806453247,4438.6505,1583.1487000000002,1006.4413000000001
1572,75497,20.971805555555555,19.765778583197775,0.8790000000000002,11.950999999999997,-15.719,1430.6301431472043,4440.0195,1584.9142,1003.9168
1573,75498,20.972083333333334,19.90589874886336,1.0400000000000005,12.521999999999998,-15.438999999999998,1431.9451492800188,4441.3868999999995,1586.6790999999998,1001.3919
1574,75499,20.97236111111111,19.858012136163072,1.1860000000000004,12.895,-15.054999999999998,1433.260293822313,4442.7526,1588.4433000000001,998.8666999999999
1575,75500,20.972638888888888,19.540203913982065,1.3220000000000005,12.785999999999998,-14.717000000000002,1434.575474270153,4444.1165,1590.2069,996.341
1576,75501,20.972916666666666,19.142186369377978,1.0330000000000004,12.453,-14.501,1435.890947403315,4445.4788,1591.97,993.8149999999999
1577,75502,20.973194444444445,18.960874689739395,0.5370000000000004,12.299999999999997,-14.420000000000002,1437.2065125502475,4446.8394,1593.7324,991.2885
1578,75503,20.97347222222222,18.76097121686401,0.20100000000000035,12.073999999999998,-14.358,1438.5221499075724,4448.198200000001,1595.4941999999999,988.7617
1579,75504,20.973749999999995,18.420254151341123,-0.03499999999999963,11.692999999999996,-14.232999999999999,1439.837988605444,4449.555399999999,1597.2552999999998,986.2344999999999
1580,75505,20.974027777777774,18.057443396007088,-0.33499999999999963,11.173999999999998,-14.181000000000001,1441.153988452076,4450.910900000001,1599.0158,983.707
1581,75506,20.974305555555553,17.869189265324827,-0.7609999999999996,10.647999999999998,-14.330000000000002,1442.470160035221,4452.264700000001,1600.7758,981.1791
1582,75507,20.97458333333333,17.63833657123029,-0.9109999999999996,9.913999999999998,-14.559999999999999,1443.7864563511152,4453.6168,1602.5350999999998,978.6509
1583,75508,20.974861111111107,17.33498756849857,-0.8399999999999996,8.964999999999998,-14.812999999999999,1445.102868210023,4454.9672,1604.2938,976.1222
1584,75509,20.975138888888885,17.04133856244867,-0.8099999999999996,8.215999999999998,-14.908000000000001,1446.4194674733706,4456.3159,1606.052,973.5932
1585,75510,20.975416666666668,16.982871312001397,-0.8259999999999996,7.690999999999998,-15.119,1447.7362784678564,4457.6630000000005,1607.8094999999998,971.0639000000001
1586,75511,20.975694444444443,16.77748577707637,-0.6279999999999997,7.436999999999998,-15.026,1449.0531083858382,4459.0082999999995,1609.5664000000002,968.5341000000001
1587,75512,20.975972222222218,16.504326978098803,-0.2569999999999997,7.213999999999999,-14.841999999999999,1450.3701997606572,4460.352,1611.3227,966.0040999999999
1588,75513,20.97625,16.473248950950747,0.007000000000000305,6.898999999999998,-14.959,1451.6874187100188,4461.694,1613.0783999999999,963.4737000000001
1589,75514,20.976527777777775,16.46687010333172,0.10700000000000032,6.750999999999998,-15.019,1453.0047639467364,4463.0343,1614.8335000000002,960.9429
1590,75515,20.976805555555554,16.37169047471885,0.18000000000000024,6.692999999999998,-14.939999999999998,1454.3222338558176,4464.3729,1616.588,958.4117
1591,75516,20.977083333333333,16.05571343790116,0.29700000000000026,6.580999999999998,-14.642,1455.6397933030553,4465.7098,1618.3418,955.8801000000001
1592,75517,20.97736111111111,15.725616999024234,0.2650000000000003,6.830999999999998,-14.162,1456.9576193559708,4467.0451,1620.0951,953.3482
1593,75518,20.97763888888889,15.71847155419381,0.18200000000000027,7.4899999999999975,-13.818000000000001,1458.2755851942427,4468.3787,1621.8478,950.816
1594,75519,20.977916666666665,15.85687667858964,0.3270000000000003,8.146999999999998,-13.6,1459.5936163290244,4469.7106,1623.5998000000002,948.2832999999998
1595,75520,20.97819444444444,15.941383879701283,0.5420000000000004,8.719999999999997,-13.334,1460.9118170257752,4471.0408,1625.3513,945.7502999999999
1596,75521,20.97847222222222,15.902613024280003,0.6990000000000004,8.929999999999998,-13.14,1462.230211328861,4472.3694000000005,1627.1021,943.217
1597,75522,20.978749999999998,15.64782914656215,0.7560000000000003,8.844999999999997,-12.886000000000001,1463.548626590849,4473.6962,1628.8523,940.6833
1598,75523,20.979027777777777,15.330895538095612,0.8270000000000003,8.87,-12.477,1464.8672461658916,4475.0214,1630.6019000000001,938.1492000000001
1599,75524,20.979305555555552,15.341359685503758,0.9920000000000003,9.217999999999998,-12.222999999999999,1466.1859034211109,4476.344800000001,1632.3509,935.6148000000001
1600,75525,20.97958333333333,15.48252944450615,1.0610000000000004,9.480999999999998,-12.193999999999999,1467.5047810595647,4477.6666,1634.0993,933.0800999999999
1601,75526,20.97986111111111,16.036585733877395,1.1010000000000004,10.219999999999997,-12.309000000000001,1468.8237660320713,4478.9866999999995,1635.8471,930.5449999999998
1602,75527,20.980138888888884,16.444347904371277,1.2390000000000003,10.640999999999996,-12.476,1470.1428229727455,4480.3051,1637.5942,928.0095000000001
1603,75528,20.980416666666667,16.120236319607724,1.1270000000000002,10.392999999999997,-12.271,1471.4620031942554,4481.621799999999,1639.3407,925.4737000000001
1604,75529,20.980694444444442,15.808104914884641,0.8140000000000003,10.182999999999998,-12.064,1472.7813975331687,4482.9369,1641.0865999999999,922.9376
1605,75530,20.98097222222222,15.498659619463869,0.2970000000000003,9.899999999999997,-11.921,1474.1008928922633,4484.250300000001,1642.8319,920.4011
1606,75531,20.98125,15.518976190457925,-0.057999999999999684,9.612999999999998,-12.183,1475.420506632629,4485.562,1644.5765999999999,917.8643
1607,75532,20.981527777777774,15.88982145903471,-0.23599999999999968,9.810999999999998,-12.497,1476.7403104828602,4486.8721000000005,1646.3206999999998,915.3271000000001
1608,75533,20.981805555555557,16.194881598826214,-0.3939999999999997,10.194999999999997,-12.577,1478.0602297727132,4488.1804999999995,1648.0642,912.7896000000001
1609,75534,20.982083333333332,16.139451477668008,-0.5269999999999997,10.258,-12.449000000000002,1479.3803547757743,4489.487300000001,1649.8071,910.2518
1610,75535,20.98236111111111,16.05456620404301,-0.5459999999999996,10.423999999999998,-12.198,1480.7005392497479,4490.7924,1651.5493000000001,907.7136
1611,75536,20.98263888888889,15.72454543063169,-0.4179999999999997,10.290999999999999,-11.882,1482.0209264942828,4492.0959,1653.2909,905.1751
1612,75537,20.982916666666668,15.46020911889616,-0.38799999999999973,10.038999999999998,-11.751,1483.3414223985028,4493.3976999999995,1655.0319,902.6362999999999
1613,75538,20.983194444444443,15.872972405948419,-0.2869999999999997,10.221999999999998,-12.139999999999999,1484.6620071106213,4494.6978,1656.7722999999999,900.0971
1614,75539,20.983472222222225,16.58157028149023,-0.1699999999999997,10.536999999999999,-12.801999999999998,1485.9826975823828,4495.9962,1658.5121,897.5575999999999
1615,75540,20.98375,17.220272036178752,-0.10599999999999972,11.037999999999998,-13.216999999999999,1487.3035502414707,4497.293,1660.2512,895.0178
1616,75541,20.984027777777776,17.70518311116832,-0.2139999999999997,11.771999999999997,-13.222999999999999,1488.6244870663136,4498.588099999999,1661.9897,892.4775999999999
1617,75542,20.984305555555558,17.915358718150188,-0.4419999999999997,11.966999999999999,-13.325,1489.9455248481117,4499.8814999999995,1663.7275999999997,889.9371000000001
1618,75543,20.984583333333333,17.811137695273707,-0.4989999999999998,11.602999999999998,-13.504,1491.266754192616,4501.1732999999995,1665.4649000000002,887.3963
1619,75544,20.984861111111112,17.64173945505374,-0.5829999999999997,11.268999999999998,-13.560999999999998,1492.588063120626,4502.4634,1667.2015999999999,884.8551
1620,75545,20.98513888888889,17.718441410011206,-0.8589999999999997,11.136999999999997,-13.754,1493.9094682629304,4503.7518,1668.9377,882.3135999999998
1621,75546,20.98541666666667,17.738824425536208,-1.2179999999999997,10.891999999999998,-13.947999999999999,1495.231060240384,4505.0386,1670.6732,879.7717999999999
1622,75547,20.985694444444444,17.75040078420766,-1.5219999999999998,10.789999999999997,-14.012,1496.5527449504943,4506.3237,1672.4080999999999,877.2297000000001
1623,75548,20.985972222222223,17.489596993641676,-1.7329999999999994,10.495,-13.883000000000001,1497.8745959521214,4507.6072,1674.1424,874.6872
1624,75549,20.986250000000002,17.158082789169654,-1.9439999999999997,10.229999999999999,-13.637,1499.1965946974838,4508.8891,1675.8760000000002,872.1443999999999
1625,75550,20.98652777777778,16.994084529623827,-1.922,10.162999999999997,-13.484,1500.5187159014902,4510.1693,1677.6091000000001,869.6013
1626,75551,20.986805555555556,16.606687026616715,-1.767,10.037999999999997,-13.111,1501.8409819166286,4511.4479,1679.3415,867.0579
1627,75552,20.987083333333338,16.42829820766594,-1.6909999999999996,10.314999999999998,-12.674,1503.1633330908928,4512.7248,1681.0733,864.5142
1628,75553,20.987361111111113,16.44780015685988,-1.6909999999999996,10.779999999999998,-12.307,1504.4857678498422,4514.0,1682.8044999999997,861.9702000000001
1629,75554,20.98763888888889,16.55935182910249,-1.6779999999999997,11.145,-12.132,1505.808342619678,4515.2735999999995,1684.5350000000003,859.4259
1630,75555,20.98791666666667,16.458119485530535,-1.4519999999999997,11.387999999999998,-11.793,1507.1311246307268,4516.5455999999995,1686.265,856.8813
1631,75556,20.988194444444446,16.38937805409345,-1.2499999999999998,11.882999999999997,-11.218,1508.4539337810643,4517.8159,1687.9942999999998,854.3362999999999
1632,75557,20.98847222222222,16.406562132268903,-1.1159999999999997,12.459999999999997,-10.614999999999998,1509.7769122720574,4519.0846,1689.723,851.7909999999999
1633,75558,20.988750000000003,16.514212485008176,-1.0499999999999996,13.074999999999998,-10.033,1511.0999498794595,4520.3516,1691.4510000000002,849.2455
1634,75559,20.98902777777778,16.519025788465854,-0.7739999999999998,13.488999999999999,-9.504,1512.4230960953005,4521.6169,1693.1785,846.6997000000001
1635,75560,20.989305555555553,16.51362546505158,-0.6009999999999998,13.702999999999998,-9.196,1513.7463555880909,4522.8805999999995,1694.9053,844.1535
1636,75561,20.989583333333336,16.741865547184396,-0.49299999999999977,13.886999999999997,-9.338000000000001,1515.069720988758,4524.1426,1696.6316,841.607
1637,75562,20.98986111111111,16.656166785908454,-0.33199999999999974,13.648,-9.542,1516.3932483092462,4525.403,1698.3573000000001,839.0601999999999
1638,75563,20.990138888888886,16.55834064754074,-0.2959999999999997,13.414999999999997,-9.702,1517.7168844568714,4526.6618,1700.0823,836.5129999999999
1639,75564,20.99041666666667,16.817579968592387,-0.16399999999999973,13.55,-9.959999999999999,1519.04060400752,4527.9189,1701.8066999999999,833.9655999999999
1640,75565,20.990694444444443,16.87002732659316,-0.06699999999999971,13.461999999999998,-10.167,1520.3644463294672,4529.1744,1703.5304,831.4179
1641,75566,20.990972222222222,16.93523885275906,-0.06499999999999972,13.370999999999999,-10.393,1521.6883873083575,4530.4282,1705.2536,828.8699
1642,75567,20.99125,16.800392287086627,-0.10099999999999973,13.237999999999996,-10.344,1523.012482283962,4531.6804,1706.9761999999998,826.3216
1643,75568,20.99152777777778,16.519268809484274,-0.34699999999999975,13.026999999999997,-10.152,1524.3367300340135,4532.931,1708.6982,823.7729999999999
1644,75569,20.991805555555555,16.07665755062289,-0.8579999999999999,12.726999999999999,-9.785,1525.661077669658,4534.179999999999,1710.4195,821.2239999999999
1645,75570,20.992083333333333,15.557222406329478,-1.1379999999999997,12.489999999999998,-9.205,1526.985499526752,4535.4273,1712.1401999999998,818.6748
1646,75571,20.992361111111112,15.20122172721653,-1.2409999999999997,12.205999999999998,-8.975,1528.3100349120377,4536.673,1713.8601999999998,816.1253
1647,75572,20.99263888888889,15.055440279181473,-1.1369999999999998,12.156999999999998,-8.808,1529.6347169982369,4537.9171,1715.5796000000003,813.5754999999999
1648,75573,20.992916666666666,15.074679200566756,-0.9859999999999998,12.378999999999998,-8.546000000000001,1530.9594685622008,4539.1595,1717.2984000000001,811.0255
1649,75574,20.99319444444445,15.068312347439575,-0.8739999999999997,12.499999999999998,-8.369,1532.284382106984,4540.400299999999,1719.0166999999997,808.4751
1650,75575,20.993472222222223,15.024911613716732,-0.7219999999999998,12.580999999999998,-8.182,1533.609310592497,4541.6394,1720.7343,805.9244
1651,75576,20.99375,14.739282784450536,-0.5339999999999997,12.225999999999999,-8.215,1534.9343964307695,4542.8769,1722.4513,803.3734999999999
1652,75577,20.994027777777777,14.495737580406178,-0.35199999999999976,11.809999999999999,-8.398,1536.259570069902,4544.1128,1724.1676,800.8222
1653,75578,20.994305555555556,14.593692507381398,-0.0809999999999997,11.757999999999997,-8.644,1537.5848814763417,4545.3471,1725.8833,798.2706000000001
1654,75579,20.994583333333335,14.942164970311362,0.3260000000000003,11.856999999999998,-9.087,1538.9102882768234,4546.5797,1727.5985,795.7188
1655,75580,20.994861111111113,15.215084028686794,0.4340000000000003,11.600999999999997,-9.835,1540.2357943905336,4547.8107,1729.3129999999996,793.1667
1656,75581,20.995138888888892,15.290176748487898,0.3820000000000003,11.674999999999997,-9.866,1541.5614338090727,4549.0401,1731.0269,790.6143
1657,75582,20.995416666666664,15.315973132648148,0.19400000000000028,11.833999999999998,-9.721,1542.8871128002088,4550.2678,1732.7401999999997,788.0615999999999
1658,75583,20.995694444444446,15.295588547028844,0.07300000000000027,11.709999999999997,-9.84,1544.2129218869493,4551.4938999999995,1734.4528999999998,785.5085999999999
1659,75584,20.99597222222222,15.24393066108607,-0.17699999999999974,11.346999999999998,-10.178,1545.538840475995,4552.7184,1736.1648999999998,782.9554
1660,75585,20.99625,15.473940577629213,-0.5529999999999997,11.127999999999997,-10.738,1546.8648861919185,4553.9413,1737.8763,780.4019000000001
1661,75586,20.99652777777778,15.581315284660663,-0.8559999999999997,10.982999999999999,-11.019000000000002,1548.1910224765438,4555.162600000001,1739.587,777.8481
1662,75587,20.996805555555557,15.707490760780345,-1.0679999999999996,10.918999999999997,-11.241,1549.5172418034508,4556.3822,1741.2971999999997,775.2941
1663,75588,20.997083333333332,15.691832780143942,-1.2399999999999998,10.795999999999998,-11.320000000000002,1550.843584119661,4557.600200000001,1743.0067999999999,772.7398000000001
1664,75589,20.99736111111111,15.467380321179148,-1.3979999999999997,10.664999999999997,-11.115,1552.1700125500086,4558.8166,1744.7157,770.1852
1665,75590,20.99763888888889,15.387633151332922,-1.513,11.056999999999999,-10.594,1553.4964682809368,4560.031300000001,1746.4239999999998,767.6303
1666,75591,20.997916666666665,15.504130707653362,-1.7269999999999996,11.245999999999999,-10.532,1554.823057896549,4561.2444,1748.1317,765.0752
1667,75592,20.998194444444447,15.496462725409305,-1.8439999999999999,11.213999999999999,-10.535,1556.149729178804,4562.455899999999,1749.8386999999998,762.5198
1668,75593,20.998472222222222,15.36299729870444,-1.85,11.264999999999997,-10.281,1557.4765159014185,4563.665800000001,1751.5451,759.9641
1669,75594,20.99875,15.082523860415401,-1.8209999999999997,11.416999999999998,-9.685999999999998,1558.8034163757377,4564.8741,1753.2508999999998,757.4081
1670,75595,20.99902777777778,14.952754060707342,-1.7489999999999999,11.821999999999997,-8.987,1560.1303522224055,4566.0807,1754.9560999999999,754.8519
1671,75596,20.999305555555555,14.865911240149389,-1.847,12.567999999999998,-7.7219999999999995,1561.4573992032929,4567.285699999999,1756.6607,752.2954
1672,75597,20.999583333333334,14.670248873144585,-1.9479999999999997,12.982999999999999,-6.546999999999999,1562.7845202720487,4568.489100000001,1758.3646,749.7385999999999
1673,75598,20.999861111111112,14.59571354884714,-2.1049999999999995,13.222999999999999,-5.81,1564.1117647336735,4569.6909,1760.0679,747.1816000000001
1674,75599,21.000138888888888,14.56492588377984,-2.1839999999999997,13.448999999999998,-5.147,1565.439130806515,4570.8911,1761.7705999999998,744.6244
1675,75600,21.000416666666666,14.630315034202098,-2.2289999999999996,13.673999999999998,-4.701,1566.7666019909593,4572.0896999999995,1763.4726999999998,742.0669
1676,75601,21.000694444444445,14.467207954543268,-2.2449999999999997,13.745,-3.9159999999999995,1568.0941768673565,4573.286700000001,1765.1742000000002,739.5091
1677,75602,21.000972222222224,14.502668444117447,-2.26,13.943999999999997,-3.2840000000000003,1569.4218689438744,4574.4821,1766.8751,736.9511
1678,75603,21.001250000000002,14.720442146892191,-2.409,14.209999999999999,-2.9939999999999998,1570.7496263736643,4575.6759,1768.5753,734.3928
1679,75604,21.001527777777778,14.79601162475888,-2.3599999999999994,14.377999999999997,-2.5740000000000003,1572.0774977464982,4576.8681,1770.2749,731.8343
1680,75605,21.001805555555556,14.843846199688269,-2.3649999999999998,14.487999999999996,-2.2009999999999996,1573.405502673838,4578.0587,1771.9739999999997,729.2755
1681,75606,21.002083333333335,14.811363272838864,-2.3289999999999997,14.404,-2.545,1574.733568675857,4579.247700000001,1773.6724000000002,726.7164
1682,75607,21.00236111111111,15.032824950753596,-2.292,14.578999999999997,-2.8609999999999998,1576.0617442610333,4580.435100000001,1775.3702,724.1571
1683,75608,21.00263888888889,15.187958026015215,-2.1419999999999995,14.732,-3.009,1577.3899777522645,4581.6209,1777.0673,721.5975
1684,75609,21.002916666666664,15.44041725472469,-2.05,14.915999999999997,-3.4230000000000005,1578.7183033800243,4582.8051000000005,1778.7638,719.0376
1685,75610,21.003194444444443,15.526936980615332,-1.7459999999999998,14.91,-3.9659999999999997,1580.0467342370603,4583.9877,1780.4596999999999,716.4775000000001
1686,75611,21.00347222222222,15.829887807561995,-1.3679999999999999,15.031999999999996,-4.7700000000000005,1581.3752328613482,4585.1687,1782.1549,713.9172
1687,75612,21.00375,15.643239881814763,-1.0609999999999997,14.732,-5.153,1582.7038193993117,4586.3481,1783.8494999999998,711.3566
1688,75613,21.004027777777775,14.953855690088758,-0.7219999999999998,14.045999999999998,-5.08,1584.0324145445,4587.5258,1785.5435000000002,708.7958000000001
1689,75614,21.004305555555554,14.32958369946594,-0.8429999999999997,13.248,-5.395999999999999,1585.3610945504165,4588.7019,1787.2368999999999,706.2347
1690,75615,21.004583333333333,13.978820193421186,-0.9269999999999998,12.648999999999997,-5.878,1586.689914775067,4589.8765,1788.9296000000002,703.6732999999999
1691,75616,21.00486111111111,13.74081020173119,-0.9149999999999998,12.147999999999998,-6.356,1588.0188453848389,4591.049499999999,1790.6217000000001,701.1118
1692,75617,21.00513888888889,13.67191614222381,-0.9489999999999998,11.692999999999998,-7.020999999999999,1589.3478566818753,4592.2209,1792.3132,698.55
1693,75618,21.00541666666667,13.783829257503154,-0.9579999999999999,11.423999999999998,-7.6530000000000005,1590.6768691054017,4593.390600000001,1794.0040999999997,695.988
1694,75619,21.005694444444448,13.957040015705335,-0.8509999999999998,11.361999999999998,-8.061,1592.0059235921078,4594.5587,1795.6942999999999,693.4257
1695,75620,21.00597222222222,13.927639570293309,-1.166,10.961999999999998,-8.512,1593.3351605230753,4595.7253,1797.3839,690.8632
1696,75621,21.00625,13.763858942898244,-1.6019999999999996,10.371999999999998,-8.905,1594.6644723976287,4596.8903,1799.0729,688.3004
1697,75622,21.006527777777777,14.007768558910442,-2.282,10.069999999999997,-9.466,1595.9938719301492,4598.0536999999995,1800.7613000000001,685.7374
1698,75623,21.006805555555555,14.701520295534062,-2.859,10.156999999999998,-10.236999999999998,1597.3234496491368,4599.2156,1802.4491000000003,683.1741999999999
1699,75624,21.007083333333334,15.442307405307018,-3.017,10.611999999999998,-10.805,1598.653062197744,4600.375900000001,1804.1362000000001,680.6107
1700,75625,21.007361111111113,15.780171925552647,-3.0709999999999997,10.847999999999997,-11.041,1599.9826659137564,4601.5345,1805.8227,678.047
1701,75626,21.007638888888888,16.042435662953427,-2.9829999999999997,11.237999999999998,-11.053,1601.3123374972042,4602.6915,1807.5086,675.483
1702,75627,21.007916666666667,16.403827663079127,-2.8529999999999998,11.633,-11.208,1602.642181618567,4603.847,1809.1938999999998,672.9188
1703,75628,21.008194444444445,16.432142313161727,-2.7239999999999998,11.879,-11.022,1603.9721043864163,4605.0009,1810.8786,670.3543999999999
1704,75629,21.00847222222222,16.198964658273688,-2.82,11.889999999999997,-10.634,1605.3021968766207,4606.1533,1812.5627,667.7898
1705,75630,21.00875,16.089443309201222,-2.851,12.168999999999999,-10.132,1606.6322231850122,4607.303999999999,1814.2460999999998,665.2248999999999
1706,75631,21.009027777777778,16.01438543934796,-2.725,12.645999999999997,-9.440000000000001,1607.9623239282378,4608.453100000001,1815.9289,662.6598
1707,75632,21.009305555555557,15.906277031411214,-2.2269999999999994,13.097999999999999,-8.746,1609.2925898927977,4609.600700000001,1817.6111,660.0944999999999
1708,75633,21.00958333333333,15.49425164375485,-1.7929999999999997,13.252999999999997,-7.824000000000001,1610.622785595805,4610.7466,1819.2926,657.5289
1709,75634,21.009861111111114,15.122824207138025,-1.5019999999999996,13.347999999999995,-6.947999999999999,1611.9531437696946,4611.891,1820.9735,654.9630999999999
1710,75635,21.01013888888889,14.977325328642626,-1.529,13.431999999999999,-6.447,1613.2835707989589,4613.0338,1822.6538,652.3970999999999
1711,75636,21.010416666666664,14.871971052957303,-1.5269999999999997,13.354999999999999,-6.363,1614.6141572203917,4614.1751,1824.3335,649.8308999999999
1712,75637,21.010694444444447,14.736817634754118,-1.5719999999999996,13.312999999999999,-6.1209999999999996,1615.9446806258943,4615.314700000001,1826.0125,647.2645
1713,75638,21.01097222222222,14.890264369714863,-1.6569999999999996,13.482,-6.1,1617.27534772269,4616.4528,1827.6909,644.6978
1714,75639,21.01125,15.207644196258668,-1.7489999999999999,13.595999999999998,-6.584999999999999,1618.6060412393804,4617.5893,1829.3685999999998,642.1308999999999
1715,75640,21.01152777777778,15.413749900656878,-1.6789999999999998,13.648999999999997,-6.962000000000001,1619.936832832181,4618.724200000001,1831.0457999999999,639.5638
1716,75641,21.011805555555554,15.557617876783063,-1.5249999999999997,13.642999999999997,-7.32,1621.2677766474371,4619.8576,1832.7224,636.9965
1717,75642,21.012083333333333,15.474036997500036,-1.2939999999999998,13.307999999999998,-7.789,1622.5986501932216,4620.989299999999,1834.3983,634.4289999999999
1718,75643,21.01236111111111,15.547423227017394,-1.2979999999999996,13.045999999999998,-8.357000000000001,1623.9297654200625,4622.1196,1836.0735999999997,631.8612999999999
1719,75644,21.01263888888889,15.658362941252829,-1.0609999999999997,12.939999999999998,-8.753,1625.2608443492293,4623.2482,1837.7483,629.2934
1720,75645,21.012916666666666,15.587677312544033,-0.6699999999999997,12.759999999999998,-8.928,1626.5920332136193,4624.3753,1839.4223000000002,626.7253
1721,75646,21.013194444444444,15.30169497147293,-0.8419999999999999,12.386999999999999,-8.944,1627.923274931893,4625.5008,1841.0957000000003,624.1569999999999
1722,75647,21.013472222222223,15.012286068417428,-0.8139999999999997,11.995999999999999,-8.989,1629.2545557768904,4626.624699999999,1842.7684999999997,621.5884
1723,75648,21.013749999999998,14.641738421376061,-0.6439999999999998,11.437999999999999,-9.118,1630.585942428151,4627.7471000000005,1844.4406,619.0196
1724,75649,21.014027777777777,14.422098356341907,-0.5479999999999998,11.290999999999999,-8.956,1631.9173223730083,4628.8678,1846.1122000000003,616.4506
1725,75650,21.01430555555556,14.287786252600505,-0.7319999999999999,11.165999999999999,-8.884,1633.248897282121,4629.9871,1847.7831,613.8814
1726,75651,21.014583333333334,13.94365497278242,-0.852,10.756999999999998,-8.831,1634.5804258762869,4631.1047,1849.4533999999999,611.312
1727,75652,21.01486111111111,14.344399743453888,-1.2979999999999998,11.258,-8.794,1635.9120421145203,4632.2208,1851.1230000000003,608.7423000000001
1728,75653,21.015138888888888,15.081365256501147,-1.5359999999999998,12.258999999999997,-8.649,1637.2437503613446,4633.335300000001,1852.7921000000001,606.1725
1729,75654,21.015416666666667,15.488659754801251,-2.194,12.767999999999997,-8.489,1638.5755556551442,4634.4483,1854.4605,603.6025
1730,75655,21.015694444444442,15.90723398331715,-3.068,13.05,-8.562999999999999,1639.90738948853,4635.5597,1856.1282999999999,601.0322
1731,75656,21.015972222222224,15.981315027243532,-3.207,13.333999999999998,-8.205,1641.2392622572756,4636.669499999999,1857.7954999999997,598.4617000000001
1732,75657,21.01625,15.957067243074462,-3.6149999999999998,13.507,-7.689,1642.5712396498784,4637.777800000001,1859.462,595.8911
1733,75658,21.016527777777775,16.110651817974343,-4.129,13.804999999999998,-7.206,1643.9032532758515,4638.8845,1861.1279,593.3203
1734,75659,21.016805555555557,15.84642508580405,-4.256,13.775999999999996,-6.574,1645.23539397565,4639.9897,1862.7932,590.7493000000001
1735,75660,21.017083333333332,15.65278278773458,-3.9029999999999996,14.089999999999998,-5.59,1646.5675679880114,4641.0932999999995,1864.4578999999999,588.1781
1736,75661,21.01736111111111,15.926660698338493,-3.9839999999999995,14.675999999999998,-4.733,1647.899829005505,4642.1954,1866.1218999999996,585.6067
1737,75662,21.01763888888889,15.707771388710748,-4.208,14.626999999999999,-3.883,1649.2321207384807,4643.2959,1867.7853,583.0350999999999
1738,75663,21.017916666666668,15.277879204915841,-4.372999999999999,14.259999999999996,-3.308,1650.5643930638805,4644.3948,1869.4479999999999,580.4631999999999
1739,75664,21.01819444444444,15.11602785125775,-4.284999999999999,14.191999999999998,-2.953,1651.8968338174068,4645.4922,1871.1101999999998,577.8911999999999
1740,75665,21.018472222222222,14.960688687356607,-3.854,14.242999999999999,-2.471,1653.2293565098425,4646.5881,1872.7716999999998,575.319
1741,75666,21.018749999999997,15.102463408331765,-3.6990000000000003,14.433999999999997,-2.4619999999999997,1654.561904348791,4647.6824,1874.4326,572.7466
1742,75667,21.019027777777776,15.149370977040597,-3.3339999999999996,14.553999999999998,-2.5629999999999997,1655.894567692579,4648.7752,1876.0929,570.1740000000001
1743,75668,21.019305555555555,15.048904644524795,-2.8089999999999997,14.570999999999998,-2.503,1657.2272536219448,4649.8664,1877.7525999999998,567.6012
1744,75669,21.019583333333333,15.316540601584938,-2.3999999999999995,14.919999999999996,-2.496,1658.5599235029113,4650.956,1879.4116000000001,565.0282
1745,75670,21.01986111111111,15.366675437452304,-2.4629999999999996,14.888,-2.9010000000000002,1659.8927161064125,4652.0441,1881.0700000000002,562.4550999999999
1746,75671,21.020138888888887,15.084696516668803,-2.722,14.486999999999998,-3.2040000000000006,1661.2255159942029,4653.1305999999995,1882.7278000000001,559.8817
1747,75672,21.020416666666666,14.6176614750787,-2.505,14.081,-3.021,1662.5584359833397,4654.2156,1884.3849999999998,557.3082
1748,75673,21.020694444444445,14.238982021198003,-2.133,13.713999999999999,-3.182,1663.8914746449123,4655.2991,1886.0415999999998,554.7346
1749,75674,21.020972222222223,13.827449439430248,-1.895,13.246999999999996,-3.482,1665.224479096316,4656.380999999999,1887.6974999999998,552.1607
1750,75675,21.02125,13.65447417515592,-1.7049999999999996,13.001999999999999,-3.806,1666.5575074632798,4657.4613,1889.3528000000001,549.5867000000001
1751,75676,21.021527777777777,13.638792431883399,-1.9129999999999996,12.862999999999996,-4.111,1667.8906020834856,4658.5401,1891.0074,547.0125
1752,75677,21.021805555555556,13.621712410706666,-2.418,12.640999999999998,-4.462000000000001,1669.2237065633449,4659.6173,1892.6613999999997,544.4381
1753,75678,21.02208333333333,13.856071485092732,-2.9489999999999994,12.495999999999999,-5.209999999999999,1670.5569122626362,4660.693,1894.3148,541.8635
1754,75679,21.02236111111111,14.071904881713776,-3.7489999999999997,12.190999999999999,-5.945,1671.8901905305909,4661.7672,1895.9675,539.2887999999999
1755,75680,21.02263888888889,14.165036321873655,-4.278,11.918999999999999,-6.3469999999999995,1673.223464122369,4662.8398,1897.6196,536.7137999999999
1756,75681,21.022916666666664,14.37329708174154,-4.311999999999999,12.009999999999996,-6.615,1674.5568078494464,4663.910900000001,1899.271,534.1387000000001
1757,75682,21.023194444444442,14.88514205508298,-4.409,12.306999999999999,-7.117999999999999,1675.8902468759923,4664.980500000001,1900.9218,531.5634
1758,75683,21.02347222222222,15.541446457778632,-4.661,12.808999999999997,-7.466000000000001,1677.2236878308527,4666.0485,1902.5719999999997,528.9879
1759,75684,21.02375,15.690888757492354,-4.763,12.938999999999998,-7.49,1678.557129770184,4667.1149,1904.2216,526.4122
1760,75685,21.02402777777778,15.621490613894691,-4.877,12.791999999999998,-7.523999999999999,1679.8906733814583,4668.1798,1905.8705999999997,523.8363999999999
1761,75686,21.024305555555554,15.685581850859087,-4.752999999999999,12.913,-7.529999999999999,1681.2242695135144,4669.243199999999,1907.5188999999998,521.2604
1762,75687,21.024583333333332,15.855820729309473,-4.622999999999999,13.370999999999999,-7.159000000000001,1682.5579543874574,4670.3051,1909.1666,518.6842
1763,75688,21.02486111111111,15.618839745640518,-4.435,13.570999999999998,-6.333,1683.8916451301088,4671.3654,1910.8137000000002,516.1079000000001
1764,75689,21.02513888888889,15.148439061500692,-3.7649999999999992,13.491,-5.77,1685.2254215896705,4672.4241999999995,1912.4602,513.5314000000001
1765,75690,21.025416666666665,14.945589985008954,-2.892,13.563999999999998,-5.57,1686.5592454422065,4673.4815,1914.1060000000002,510.95470000000006
1766,75691,21.025694444444447,14.77421141719584,-2.2909999999999995,13.418999999999997,-5.741,1687.8931083407904,4674.5372,1915.7513,508.37789999999995
1767,75692,21.025972222222222,14.230339349432253,-2.066,12.660999999999998,-6.159000000000001,1689.2270155805193,4675.5914,1917.3959,505.8009
1768,75693,21.026249999999997,13.99092091322083,-2.1699999999999995,12.217999999999998,-6.462000000000001,1690.5610037613424,4676.6440999999995,1919.0399000000002,503.2236999999999
1769,75694,21.026527777777776,14.325602709833886,-2.2939999999999996,12.435999999999998,-6.731,1691.8950436771552,4677.6953,1920.6832000000002,500.64639999999997
1770,75695,21.026805555555555,14.664197148156456,-2.5669999999999993,12.704999999999998,-6.858,1693.2291615205547,4678.745,1922.3259000000003,498.06890000000004
1771,75696,21.027083333333334,14.510599884222565,-2.4779999999999998,12.800999999999997,-6.368,1694.5632643105273,4679.793100000001,1923.968,495.49120000000005
1772,75697,21.027361111111112,14.169633058057643,-2.1439999999999997,12.745999999999999,-5.807,1695.8974523162954,4680.8396999999995,1925.6095,492.9134
1773,75698,21.027638888888887,13.996086810248068,-2.178,12.830999999999998,-5.149,1697.2316768263477,4681.8848,1927.2502999999997,490.33539999999994
1774,75699,21.027916666666663,13.860891962640785,-2.507,12.940999999999997,-4.2860000000000005,1698.5659741103034,4682.9284,1928.8905000000002,487.7572
1775,75700,21.028194444444445,13.51679581113808,-2.8859999999999997,12.806999999999997,-3.218,1699.900260729868,4683.9704,1930.5301,485.1789
1776,75701,21.02847222222222,13.49400274195911,-3.0449999999999995,12.937999999999999,-2.3290000000000006,1701.2345796011275,4685.0109,1932.1690000000003,482.6004
1777,75702,21.02875,14.186313227896807,-3.161,13.730999999999998,-1.6490000000000002,1702.5690148292501,4686.0499,1933.8074000000001,480.0218
1778,75703,21.029027777777777,14.618220787770309,-3.1689999999999996,14.242999999999999,-0.8870000000000001,1703.9033499355282,4687.0873,1935.4450000000002,477.44300000000004
1779,75704,21.029305555555556,14.901609879472751,-3.0539999999999994,14.584999999999997,-0.09400000000000013,1705.237798642649,4688.1232,1937.0821,474.86409999999995
1780,75705,21.02958333333333,15.318795775125405,-2.6279999999999997,15.075999999999999,0.688,1706.572274340475,4689.1576000000005,1938.7184999999997,472.28499999999997
1781,75706,21.02986111111111,15.146116267875401,-2.6529999999999996,14.897999999999996,0.6449999999999999,1707.9068232420345,4690.1905,1940.3543000000002,469.7057999999999
1782,75707,21.03013888888889,14.969234148746557,-2.9829999999999997,14.669,-0.01100000000000012,1709.2413425696682,4691.2218,1941.9895000000001,467.12639999999993
1783,75708,21.030416666666667,14.835916891112594,-3.135,14.450999999999999,-1.202,1710.5759860866747,4692.2517,1943.6240000000003,464.54689999999994
1784,75709,21.030694444444443,15.055754414840859,-3.219,14.532,-2.266,1711.9106064587347,4693.280000000001,1945.2578999999998,461.96729999999997
1785,75710,21.03097222222222,15.539519458464598,-3.6699999999999995,14.785999999999996,-3.0629999999999997,1713.2452856200248,4694.3068,1946.8912,459.3875
1786,75711,21.03125,15.92799890130584,-4.363,14.922,-3.464,1714.5800308844143,4695.3321,1948.5238999999997,456.8076
1787,75712,21.031527777777775,16.19030345608136,-4.981,15.011,-3.4620000000000006,1715.9147019663542,4696.3558,1950.1559000000002,454.22749999999996
1788,75713,21.031805555555557,15.967804639335988,-5.334999999999999,14.691999999999997,-3.2639999999999993,1717.2495286428543,4697.3781,1951.7873,451.6473
1789,75714,21.032083333333333,15.502557885716792,-5.543,14.133999999999997,-3.136,1718.584370426648,4698.3989,1953.4180000000001,449.0669
1790,75715,21.03236111111111,14.984406127704894,-5.781000000000001,13.420999999999998,-3.315,1719.9192194248383,4699.4181,1955.0482000000004,446.48639999999995
1791,75716,21.03263888888889,14.764421356761664,-5.657,13.204999999999998,-3.408,1721.2540811573363,4700.4358,1956.6776999999997,443.90569999999997
1792,75717,21.032916666666665,14.547849531803658,-5.243,13.140999999999996,-3.386,1722.589054764498,4701.4521,1958.3065,441.32489999999996
1793,75718,21.033194444444444,14.576561117081075,-5.17,13.234999999999996,-3.253,1723.924023034166,4702.4668,1959.9348000000002,438.74389999999994
1794,75719,21.033472222222223,14.795606510042091,-5.5,13.313999999999997,-3.3760000000000003,1725.2590466872066,4703.4800000000005,1961.5625,436.16279999999995
1795,75720,21.03375,15.0734954473075,-5.69,13.461999999999998,-3.689,1726.5940864811723,4704.4917000000005,1963.1895,433.5816
1796,75721,21.034027777777776,15.37984320466239,-5.684,13.763999999999996,-3.845,1727.9292241196715,4705.502,1964.8158000000003,431.00019999999995
1797,75722,21.034305555555555,15.55613293849085,-5.318,13.982,-4.268,1729.2644133915553,4706.5108,1966.4415000000001,428.4187
1798,75723,21.034583333333337,16.175097063078166,-5.08,14.496999999999996,-5.066000000000001,1730.599591321207,4707.517999999999,1968.0667,425.837
1799,75724,21.034861111111113,16.887903451879392,-5.187,15.094999999999995,-5.517,1731.9347796522288,4708.5237,1969.6912,423.25519999999995
1800,75725,21.035138888888888,17.309550485209023,-5.445,15.472999999999999,-5.5280000000000005,1733.2700610371116,4709.528,1971.315,420.6732
1801,75726,21.03541666666667,17.416488652997767,-5.768,15.562999999999997,-5.2780000000000005,1734.6053435671224,4710.5307,1972.9383000000003,418.0912
1802,75727,21.03569444444445,17.157963224112585,-5.659,15.460999999999999,-4.83,1735.9406243032324,4711.5319,1974.5609,415.509
1803,75728,21.035972222222224,16.621932799767897,-5.465,15.044999999999996,-4.4799999999999995,1737.2759104171805,4712.5316,1976.1827999999998,412.9267
1804,75729,21.036250000000003,15.815110243055532,-5.0280000000000005,14.392,-4.208,1738.6112307934832,4713.529799999999,1977.8041,410.3442
1805,75730,21.03652777777778,15.011958100128043,-4.3389999999999995,13.813999999999998,-3.963,1739.946592287532,4714.5265,1979.4248,407.7616
1806,75731,21.03680555555556,14.215179844096237,-3.775,13.151999999999997,-3.8529999999999993,1741.2819934142904,4715.521699999999,1981.0449,405.1789
1807,75732,21.037083333333335,13.502387973984455,-3.464,12.504,-3.7369999999999997,1742.6174253429497,4716.515399999999,1982.6643999999997,402.596
1808,75733,21.037361111111114,12.605731117233937,-3.117,11.667999999999997,-3.6119999999999997,1743.9528638465404,4717.507599999999,1984.2832000000003,400.0131
1809,75734,21.03763888888889,12.005854155369368,-2.7020000000000004,11.042999999999997,-3.8589999999999995,1745.28833032535,4718.4983,1985.9014,397.42999999999995
1810,75735,21.037916666666668,11.621245716359324,-2.208,10.661999999999997,-4.061999999999999,1746.6238316008057,4719.4875,1987.5190000000002,394.8468
1811,75736,21.038194444444446,11.813193683335593,-2.082,10.785999999999998,-4.345000000000001,1747.9594190341727,4720.4753,1989.1359,392.26349999999996
1812,75737,21.03847222222222,12.318154731939357,-2.496,11.001999999999999,-4.946,1749.2950309978485,4721.4616000000005,1990.7522000000001,389.67999999999995
1813,75738,21.03875,12.964657110776201,-2.883,11.398999999999997,-5.462,1750.6306736880997,4722.4464,1992.3679,387.0964
1814,75739,21.03902777777778,13.437370017975987,-3.145,11.711999999999998,-5.788,1751.96630702556,4723.4297,1993.9828999999997,384.5127
1815,75740,21.039305555555558,13.728800785210629,-3.349,11.748999999999999,-6.263,1753.3019684080543,4724.4115,1995.5973,381.9289
1816,75741,21.039583333333336,13.654906993458429,-2.935,11.691999999999997,-6.414,1754.6376492393763,4725.391799999999,1997.2110999999998,379.3449
1817,75742,21.03986111111111,12.941481638514192,-2.213,11.156999999999998,-6.173,1755.973324186436,4726.3706,1998.8242000000002,376.7609
1818,75743,21.04013888888889,12.508414487855763,-1.6949999999999998,10.891999999999998,-5.912000000000001,1757.3091078983955,4727.348,2000.4366999999997,374.1767
1819,75744,21.04041666666667,12.296445421340264,-1.201,10.874999999999998,-5.612,1758.6449147037395,4728.3239,2002.0486,371.5924
1820,75745,21.040694444444444,12.266728863066957,-1.0619999999999998,10.906999999999998,-5.5120000000000005,1759.9807433695526,4729.2983,2003.6598999999999,369.008
1821,75746,21.040972222222226,11.850342864238147,-0.8210000000000001,10.540999999999999,-5.351999999999999,1761.3165460759506,4730.2712,2005.2704999999999,366.4234
1822,75747,21.04125,11.46018603688439,-0.662,10.331999999999997,-4.914000000000001,1762.6523224289717,4731.2425,2006.8805999999997,363.8388
1823,75748,21.04152777777778,10.992326459853707,-0.394,10.085999999999997,-4.353,1763.9881693742525,4732.212399999999,2008.4900000000002,361.2541
1824,75749,21.04180555555556,10.511139091459116,0.003999999999999937,9.769999999999998,-3.877,1765.3241245653458,4733.1809,2010.0988000000002,358.66929999999996
1825,75750,21.042083333333334,10.232964184438444,0.19399999999999992,9.795999999999998,-2.952,1766.6600491972054,4734.1479,2011.7069000000004,356.0843
1826,75751,21.042361111111113,10.22517134330765,-6.661338147750939e-17,9.974999999999998,-2.248,1767.995994795517,4735.1134,2013.3144,353.4993
1827,75752,21.04263888888889,10.804701245291326,-0.538,10.634999999999998,-1.83,1769.331946225068,4736.0774,2014.9213,350.9141
1828,75753,21.04291666666667,11.173931895264083,-0.8230000000000001,11.02,-1.655,1770.6678702405684,4737.0399,2016.5275000000001,348.3288
1829,75754,21.043194444444445,11.406358139213408,-1.221,11.201999999999998,-1.7690000000000001,1772.0038046256032,4738.0009,2018.1330999999998,345.7434
1830,75755,21.043472222222228,11.74904289718954,-1.408,11.540999999999999,-1.6920000000000002,1773.3397089583966,4738.9604,2019.738,343.15790000000004
1831,75756,21.04375,12.121384450631039,-1.4929999999999999,11.955999999999998,-1.3240000000000003,1774.6757518577274,4739.9185,2021.3424000000002,340.5723
1832,75757,21.044027777777778,12.243849843901218,-1.331,12.152999999999997,-0.6670000000000001,1776.0117621460308,4740.875099999999,2022.9461,337.9866
1833,75758,21.044305555555557,12.27994047216842,-1.2850000000000001,12.211999999999998,-0.11300000000000017,1777.3477773892796,4741.8302,2024.5492,335.4008
1834,75759,21.044583333333335,12.464105784210913,-1.578,12.359999999999998,0.3069999999999999,1778.683790236167,4742.7838,2026.1517,332.8148
1835,75760,21.044861111111114,12.411876046754575,-1.791,12.280999999999999,0.1549999999999999,1780.019904007985,4743.736,2027.7536,330.2288
1836,75761,21.045138888888893,12.373279274307194,-1.954,12.217999999999998,0.019999999999999903,1781.355973600578,4744.6867,2029.3548000000003,327.6426
1837,75762,21.045416666666668,12.575196340415522,-2.2329999999999997,12.374999999999998,0.09299999999999989,1782.692049713852,4745.635899999999,2030.9554,325.0564
1838,75763,21.045694444444443,12.772390888161855,-2.589,12.501999999999999,0.3619999999999999,1784.028216572438,4746.583700000001,2032.5554,322.4701
1839,75764,21.045972222222225,12.697604340977078,-2.7760000000000002,12.357999999999997,0.8959999999999999,1785.3643419162108,4747.530000000001,2034.1547000000003,319.8837
1840,75765,21.04625,12.547556415493812,-3.004,12.119999999999997,1.2339999999999998,1786.7005554493637,4748.474899999999,2035.7534,317.2972
1841,75766,21.04652777777778,12.340924479146606,-3.002,11.917999999999997,1.117,1788.0366331261055,4749.418200000001,2037.3514,314.7106
1842,75767,21.046805555555558,12.291046253269082,-2.9989999999999997,11.895999999999997,0.7489999999999999,1789.3728882083592,4750.360200000001,2038.9487999999997,312.12390000000005
1843,75768,21.047083333333337,12.537018146273857,-2.734,12.227999999999998,0.422,1790.7090441528267,4751.3006000000005,2040.5456000000001,309.5371
1844,75769,21.047361111111112,12.87045069140937,-2.576,12.609999999999998,0.024999999999999956,1792.0452442442158,4752.2396,2042.1417000000001,306.9502
1845,75770,21.04763888888889,13.290663677935726,-2.62,13.029,-0.15000000000000005,1793.381434381347,4753.1771,2043.7372,304.3632
1846,75771,21.04791666666667,13.563936228101337,-2.759,13.277999999999997,-0.251,1794.7176137619822,4754.1131000000005,2045.3321,301.7761
1847,75772,21.048194444444448,13.714104017397563,-3.003,13.367999999999999,-0.5960000000000001,1796.0538724371131,4755.047700000001,2046.9263999999998,299.1889
1848,75773,21.048472222222223,13.890238118909263,-3.069,13.526999999999997,-0.7350000000000001,1797.3900782331305,4755.980799999999,2048.52,296.6016
1849,75774,21.048750000000002,14.33962781943799,-3.401,13.909999999999997,-0.7550000000000001,1798.7264007326132,4756.9125,2050.1130999999996,294.01419999999996
1850,75775,21.04902777777778,14.651741261706745,-3.6390000000000002,14.179999999999998,-0.599,1800.0626732274836,4757.8427,2051.7055,291.4268
1851,75776,21.049305555555556,14.991278731315749,-3.9900000000000007,14.442999999999998,-0.46699999999999997,1801.3990202929774,4758.7715,2053.2972999999997,288.8393
1852,75777,21.049583333333338,15.076930224684332,-4.336,14.422999999999998,-0.7,1802.7353093978236,4759.6988,2054.8884000000003,286.25169999999997
1853,75778,21.049861111111113,14.885215584599369,-4.707,14.086999999999998,-0.985,1804.0716705890256,4760.6247,2056.4789,283.66400000000004
1854,75779,21.05013888888889,14.609420009021576,-4.8950000000000005,13.732,-0.952,1805.408011327526,4761.5491,2058.0688,281.07620000000003
1855,75780,21.05041666666667,14.275022136585283,-4.955,13.353999999999996,-0.946,1806.7442902863113,4762.472,2059.658,278.48830000000004
1856,75781,21.050694444444446,14.10260699303501,-4.851999999999999,13.203999999999999,-0.998,1808.0806430974412,4763.3935,2061.2466,275.9004
1857,75782,21.05097222222222,13.950967385812353,-4.4990000000000006,13.176999999999998,-0.869,1809.4170181727561,4764.3135999999995,2062.8345,273.3123
1858,75783,21.051250000000003,13.733713773047695,-4.390000000000001,12.986999999999998,-0.825,1810.753412454338,4765.2322,2064.4219,270.7242
1859,75784,21.05152777777778,13.248914936703306,-4.084999999999999,12.568999999999999,-0.9309999999999998,1812.0897404638745,4766.1493,2066.0086,268.136
1860,75785,21.051805555555553,12.90516613608674,-3.789,12.285999999999998,-1.114,1813.4260399430482,4767.0649,2067.5947,265.5477
1861,75786,21.052083333333336,12.832428180200345,-3.726,12.210999999999997,-1.2959999999999998,1814.7624019234343,4767.9791000000005,2069.1802,262.9593
1862,75787,21.05236111111111,13.026160831188902,-3.7589999999999995,12.408999999999997,-1.252,1816.0987334804868,4768.8918,2070.7650999999996,260.37080000000003
1863,75788,21.052638888888886,13.351739886621516,-3.721,12.780999999999997,-1.034,1817.435085237502,4769.8031,2072.3493,257.7822
1864,75789,21.05291666666667,13.842805784955589,-3.5839999999999996,13.353999999999996,-0.67,1818.771500909781,4770.713,2073.9329000000002,255.1936
1865,75790,21.053194444444443,14.316311605996844,-3.311,13.923999999999998,-0.341,1820.1078824281874,4771.6214,2075.5159,252.6049
1866,75791,21.053472222222222,14.707251340750247,-3.3689999999999998,14.314999999999998,-0.18400000000000002,1821.4442802850704,4772.528400000001,2077.0982,250.0161
1867,75792,21.05375,14.952616961589031,-3.6369999999999996,14.501,-0.272,1822.780646557879,4773.4339,2078.6799,247.4273
1868,75793,21.05402777777778,15.257914995175451,-3.8200000000000003,14.768999999999997,-0.29700000000000004,1824.117026673976,4774.338000000001,2080.2609,244.8384
1869,75794,21.054305555555555,15.572744042075563,-3.85,15.083999999999998,-0.40099999999999997,1825.453464268597,4775.2407,2081.8413,242.24949999999998
1870,75795,21.054583333333333,15.954573795623622,-3.9560000000000004,15.444999999999999,-0.592,1826.7899486801593,4776.142,2083.4211,239.66039999999998
1871,75796,21.054861111111112,16.07277241175274,-3.995,15.557999999999998,-0.568,1828.1263564540961,4777.0418,2085.0002,237.07129999999998
1872,75797,21.055138888888887,16.016369719758593,-3.9910000000000005,15.502999999999997,-0.503,1829.4628135363891,4777.940199999999,2086.5787,234.4821
1873,75798,21.055416666666666,15.920709594738543,-4.0520000000000005,15.386999999999997,-0.539,1830.799231314152,4778.8371,2088.1566,231.8929
1874,75799,21.05569444444445,15.686448833308319,-3.9879999999999995,15.142999999999997,-0.9219999999999999,1832.1356044257868,4779.7325,2089.7339,229.30360000000002
1875,75800,21.055972222222223,15.68978533951309,-4.008000000000001,15.121999999999996,-1.196,1833.4720745772688,4780.6266000000005,2091.3105000000005,226.71419999999998
1876,75801,21.05625,15.820310553209755,-3.8009999999999997,15.279999999999998,-1.535,1834.8085417198592,4781.5192,2092.8866000000003,224.1248
1877,75802,21.056527777777777,15.985567678377892,-3.6830000000000007,15.457999999999998,-1.739,1836.144920414647,4782.4103000000005,2094.462,221.5353
1878,75803,21.056805555555556,16.02546155341555,-3.6690000000000005,15.488999999999999,-1.8559999999999999,1837.4813410084814,4783.3,2096.0368000000003,218.94570000000004
1879,75804,21.05708333333333,16.194989935162045,-3.8009999999999997,15.623,-1.937,1838.8177622582862,4784.1883,2097.6109,216.356
1880,75805,21.057361111111113,16.108019865892885,-3.768,15.511999999999997,-2.1559999999999997,1840.1541359561688,4785.0751,2099.1844,213.7663
1881,75806,21.05763888888889,16.129501604203398,-3.6670000000000003,15.523,-2.398,1841.490547935023,4785.9605,2100.7573,211.17649999999998
1882,75807,21.057916666666664,16.20675254330737,-3.6340000000000003,15.593999999999998,-2.5060000000000002,1842.826909912724,4786.8444,2102.3296,208.5867
1883,75808,21.058194444444446,16.253271024627626,-3.5770000000000004,15.670999999999998,-2.407,1844.1632675279845,4787.7269,2103.9012000000002,205.99679999999998
1884,75809,21.05847222222222,16.326058495546313,-3.8590000000000004,15.726999999999999,-2.0759999999999996,1845.499620160824,4788.608,2105.4721,203.40680000000003
1885,75810,21.05875,16.07506992208743,-4.171,15.433999999999997,-1.6740000000000002,1846.835959119806,4789.4876,2107.0425,200.8168
1886,75811,21.05902777777778,15.863434747872228,-4.481,15.151,-1.4200000000000002,1848.172290212031,4790.3658000000005,2108.6122,198.2267
1887,75812,21.059305555555557,15.524149026597238,-4.4030000000000005,14.836999999999998,-1.2149999999999999,1849.5087442857998,4791.2427,2110.1813,195.63649999999998
1888,75813,21.059583333333332,15.270301896164332,-4.206,14.64,-1.078,1850.8451408095075,4792.1181,2111.7498,193.0463
1889,75814,21.05986111111111,15.075719916474966,-4.0409999999999995,14.492999999999999,-0.9490000000000001,1852.1814750842454,4792.992,2113.3177,190.456
1890,75815,21.06013888888889,14.984766831686102,-4.033,14.417999999999997,-0.632,1853.5178004531729,4793.864500000001,2114.8849,187.8657
1891,75816,21.06041666666667,14.822778450749372,-4.078,14.245999999999999,-0.369,1854.8541526493293,4794.7356,2116.4515,185.2753
1892,75817,21.060694444444444,14.778057010310928,-3.998,14.225999999999999,-0.16699999999999998,1856.1904934650308,4795.6053,2118.0173999999997,182.6849
1893,75818,21.060972222222226,14.759338027160972,-3.803,14.258999999999997,-0.23700000000000002,1857.526899065997,4796.473599999999,2119.5827999999997,180.0944
1894,75819,21.06125,14.668569323557087,-3.431,14.261,-0.13799999999999998,1858.8633315845595,4797.3405,2121.1476000000002,177.5039
1895,75820,21.061527777777776,14.783389090462306,-3.128,14.446999999999997,-0.22000000000000003,1860.1997457967675,4798.206,2122.7117,174.9133
1896,75821,21.06180555555556,14.953868362400412,-3.1270000000000002,14.623,-0.089,1861.536049049034,4799.07,2124.2751,172.3226
1897,75822,21.062083333333334,15.10435665627636,-3.1740000000000004,14.767,0.05499999999999998,1862.87228714128,4799.932500000001,2125.8378999999995,169.73200000000003
1898,75823,21.062361111111112,15.069002156745478,-3.1550000000000002,14.734999999999996,0.023999999999999976,1864.2085438366164,4800.7936,2127.4001,167.1413
1899,75824,21.06263888888889,14.9425000250962,-3.249,14.584999999999997,0.008999999999999963,1865.5448721071275,4801.6534,2128.9616,164.5506
1900,75825,21.062916666666666,14.713376261076178,-3.056,14.392,-0.12100000000000004,1866.8812571048365,4802.511799999999,2130.5226,161.9598
1901,75826,21.063194444444445,14.622037511920148,-2.7970000000000006,14.345999999999998,-0.41600000000000004,1868.2175257189622,4803.3687,2132.0829000000003,159.3689
1902,75827,21.063472222222224,14.48122059772587,-2.4690000000000003,14.258,-0.5650000000000001,1869.5538082338383,4804.2242,2133.6426,156.7779
1903,75828,21.063750000000002,14.161122377834321,-2.317,13.966999999999999,-0.30300000000000005,1870.8900661376508,4805.0783,2135.2016,154.1869
1904,75829,21.064027777777778,13.708737104489238,-2.2990000000000004,13.514,-0.12600000000000003,1872.226247449405,4805.930899999999,2136.7599999999998,151.5959
1905,75830,21.064305555555556,13.256731045020109,-2.3620000000000005,13.042999999999997,-0.20500000000000007,1873.5624422219917,4806.782099999999,2138.3178,149.0049
1906,75831,21.064583333333335,12.780932282114634,-2.1910000000000003,12.581999999999999,-0.4950000000000001,1874.898737933392,4807.632,2139.875,146.41379999999998
1907,75832,21.06486111111111,12.604780442355985,-2.1550000000000002,12.398999999999997,-0.7080000000000001,1876.2350417534992,4808.4805,2141.4316000000003,143.8226
1908,75833,21.06513888888889,12.645516043246316,-2.2800000000000002,12.419999999999998,-0.674,1877.5712235584476,4809.3275,2142.9875,141.23139999999998
1909,75834,21.06541666666667,12.548361885122693,-2.2359999999999998,12.332999999999998,-0.599,1878.907411466847,4810.1731,2144.5428,138.6401
1910,75835,21.065694444444446,12.618778110419406,-2.29,12.393999999999998,-0.615,1880.243566262728,4811.0173,2146.0974,136.0488
1911,75836,21.06597222222222,12.651758810536974,-2.4040000000000004,12.396999999999998,-0.776,1881.579727801136,4811.8601,2147.6513999999997,133.45749999999998
1912,75837,21.066250000000004,12.825375238175294,-2.8600000000000003,12.428999999999998,-1.353,1882.9158944635012,4812.7015,2149.2048,130.8662
1913,75838,21.066527777777775,13.296381537847052,-3.383,12.667999999999997,-2.207,1884.2520649403862,4813.541499999999,2150.7576,128.2749
1914,75839,21.066805555555554,14.060468413249964,-3.9880000000000004,13.107999999999999,-3.158,1885.588195141862,4814.3801,2152.3097000000002,125.68350000000001
1915,75840,21.067083333333333,14.517468477665101,-4.404999999999999,13.378999999999996,-3.5149999999999997,1886.9242838248233,4815.2173,2153.8611,123.09200000000001
1916,75841,21.06736111111111,14.951717560200231,-4.7490000000000006,13.663999999999998,-3.7809999999999997,1888.260322936561,4816.053,2155.412,120.50050000000002
1917,75842,21.06763888888889,14.995881934717943,-4.725,13.724999999999998,-3.7649999999999997,1889.5963203200276,4816.8873,2156.9622,117.90900000000002
1918,75843,21.06791666666667,15.121351460765666,-4.69,13.922999999999998,-3.5789999999999997,1890.9324068807516,4817.720299999999,2158.5117999999998,115.31750000000002
1919,75844,21.068194444444448,15.437381416548597,-4.861000000000001,14.219999999999999,-3.532,1892.2683974281622,4818.551799999999,2160.0608,112.7259
1920,75845,21.06847222222222,15.752870754246668,-5.036,14.504,-3.525,1893.6043426015453,4819.3819,2161.6091,110.13430000000001
1921,75846,21.06875,15.954124545082378,-5.0649999999999995,14.738999999999999,-3.412,1894.9403756570234,4820.2107,2163.1567999999997,107.54280000000001
1922,75847,21.069027777777777,15.733955224291188,-4.907,14.626999999999999,-3.0869999999999997,1896.2763573864352,4821.0381,2164.7038000000002,104.9511
1923,75848,21.069305555555555,15.369308442477166,-4.836,14.324999999999998,-2.761,1897.6123294361746,4821.8641,2166.2502,102.3593
1924,75849,21.069583333333334,15.115001356268547,-4.648000000000001,14.129,-2.689,1898.9482945208692,4822.6887,2167.796,99.7676
1925,75850,21.069861111111113,15.22557273142787,-4.621,14.189999999999998,-3.018,1900.2841995907481,4823.511799999999,2169.3413,97.1759
1926,75851,21.070138888888888,14.993655391531444,-4.647,13.926999999999998,-3.042,1901.6201028211785,4824.3336,2170.8858,94.5842
1927,75852,21.070416666666667,14.741977784544378,-4.734,13.611999999999998,-3.1029999999999998,1902.9559932927555,4825.1539999999995,2172.4296999999997,91.9925
1928,75853,21.070694444444445,14.505888080362402,-4.714,13.347999999999999,-3.167,1904.2918669884832,4825.973,2173.973,89.4006
1929,75854,21.07097222222222,14.169525538986827,-4.527,13.061999999999998,-3.109,1905.6277295693337,4826.7906,2175.5157,86.8089
1930,75855,21.07125,14.039458287270202,-4.502000000000001,12.983999999999998,-2.8729999999999998,1906.9635744791012,4827.6068,2177.0577999999996,84.2171
1931,75856,21.071527777777778,13.918567670561506,-4.525,12.950999999999999,-2.35,1908.2994007396373,4828.4216,2178.5993000000003,81.6252
1932,75857,21.071805555555557,13.884473198504864,-4.4719999999999995,13.015999999999996,-1.834,1909.635210789492,4829.235,2180.1402000000003,79.0334
1933,75858,21.07208333333333,13.862909470958828,-4.2509999999999994,13.123,-1.377,1910.9709604997752,4830.0470000000005,2181.6804,76.4416
1934,75859,21.072361111111114,13.742459932632146,-3.8300000000000005,13.183999999999997,-0.607,1912.3066882511182,4830.8576,2183.2200000000003,73.8497
1935,75860,21.07263888888889,13.398875251303744,-3.3600000000000003,12.956999999999999,0.597,1913.6424434369953,4831.6669,2184.7589,71.25770000000001
1936,75861,21.072916666666664,13.529876791752391,-3.0900000000000003,13.078999999999999,1.565,1914.97817589362,4832.4748,2186.2972,68.6657
1937,75862,21.073194444444447,13.903640854107243,-3.0780000000000003,13.370999999999999,2.2479999999999998,1916.3138831186734,4833.281300000001,2187.8349000000003,66.0736
1938,75863,21.07347222222222,14.003486351619726,-3.05,13.420999999999998,2.5829999999999997,1917.6495247711136,4834.0864,2189.3719,63.481500000000004
1939,75864,21.073749999999997,14.217187696587532,-2.9490000000000003,13.640999999999996,2.7119999999999997,1918.9851390924389,4834.8901,2190.9083,60.889300000000006
1940,75865,21.07402777777778,14.090516243204148,-2.742,13.521999999999997,2.86,1920.3208173426574,4835.6925,2192.4440999999997,58.2971
1941,75866,21.074305555555554,13.728792445076877,-2.5370000000000004,13.217999999999998,2.707,1921.656335832479,4836.4934,2193.9791999999998,55.705
1942,75867,21.074583333333333,13.53011448584231,-2.4910000000000005,13.040999999999997,2.606,1922.991915954009,4837.293,2195.5137,53.1129
1943,75868,21.07486111111111,13.555192805711025,-2.62,13.053999999999997,2.5439999999999996,1924.3274647143887,4838.0912,2197.0476,50.5207
1944,75869,21.075138888888887,13.581825908175967,-3.0050000000000003,13.072999999999997,2.129,1925.6629404767257,4838.888,2198.5807999999997,47.9285
1945,75870,21.075416666666666,13.711647968059857,-3.257,13.245,1.404,1926.9983839296438,4839.6834,2200.1133999999997,45.3363
1946,75871,21.075694444444444,13.592422705316368,-3.2730000000000006,13.164999999999997,0.8510000000000002,1928.333793355462,4840.4774,2201.6454,42.744099999999996
1947,75872,21.075972222222223,13.365832185090456,-3.181,12.969999999999995,0.553,1929.6692587720659,4841.2701,2203.1768,40.1519
1948,75873,21.076249999999998,13.378694181421443,-3.119,12.998999999999999,0.536,1931.0046889443124,4842.0614000000005,2204.7076,37.5598
1949,75874,21.076527777777777,13.234160116909571,-3.1270000000000002,12.832999999999998,0.8240000000000001,1932.3400403523956,4842.8513,2206.2377,34.9677
1950,75875,21.076805555555556,13.309621707621895,-3.2950000000000004,12.866999999999999,0.8539999999999999,1933.6753528301117,4843.6398,2207.7672000000002,32.3755
1951,75876,21.077083333333334,13.606797859893414,-3.556,13.104,0.8859999999999999,1935.0107158785765,4844.427,2209.2961,29.7832
1952,75877,21.07736111111111,13.920083656357814,-3.6129999999999995,13.415999999999997,0.8520000000000001,1936.3459057769965,4845.2127,2210.8242999999998,27.1909
1953,75878,21.07763888888889,13.772987548095728,-3.351,13.342999999999998,0.656,1937.681054647833,4845.997,2212.3519,24.5987
1954,75879,21.077916666666667,13.279370768225427,-2.8120000000000003,12.969999999999999,0.462,1939.0162513133575,4846.780000000001,2213.8789,22.0064
1955,75880,21.078194444444442,12.918825411003896,-2.4160000000000004,12.684999999999999,0.387,1940.351495754403,4847.5617,2215.4053,19.4143
1956,75881,21.07847222222222,12.745107649604218,-2.3560000000000003,12.522999999999998,0.24799999999999994,1941.6866948728934,4848.342,2216.9311000000002,16.8221
1957,75882,21.07875,12.410257853888451,-2.2920000000000003,12.193999999999999,-0.26,1943.0218061108844,4849.1209,2218.4561999999996,14.2299
1958,75883,21.079027777777778,12.104744978726316,-2.3370000000000006,11.798999999999998,-1.359,1944.3568700171077,4849.8984,2219.9806999999996,11.637699999999999
1959,75884,21.079305555555557,11.956129264941891,-2.5610000000000004,11.408999999999997,-2.495,1945.6919763587734,4850.6746,2221.5045999999998,9.0455
1960,75885,21.079583333333336,11.98218548512749,-2.807,11.127999999999997,-3.444,1947.0269918997492,4851.4493999999995,2223.0278,6.453299999999999
1961,75886,21.079861111111107,12.170618759948074,-2.759,11.113999999999999,-4.122,1948.3619567643832,4852.2228000000005,2224.5504,3.8610999999999995
1962,75887,21.08013888888889,12.273183327890116,-2.7830000000000004,10.963999999999997,-4.762,1949.6969608971583,4852.9949,2226.0724,1.2688
1963,75888,21.080416666666665,12.315954774194324,-2.9050000000000002,10.848999999999998,-5.054,1951.032002886698,4853.7657,2227.5937999999996,-1.3234
1964,75889,21.080694444444443,12.474557707590277,-3.137,10.938999999999998,-5.11,1952.3669910806627,4854.5351,2229.1146,-3.9155
1965,75890,21.080972222222222,12.738705193229018,-3.3550000000000004,11.036999999999997,-5.404,1953.7018826012795,4855.3031,2230.6347,-6.5078000000000005
1966,75891,21.08125,12.634014088958425,-3.466,10.79,-5.584,1955.0367185494347,4856.069699999999,2232.1542,-9.1001
1967,75892,21.081527777777776,12.693215077355301,-3.5660000000000003,10.716999999999997,-5.792,1956.371497262929,4856.8349,2233.6731,-11.6924
1968,75893,21.081805555555555,12.745369590561113,-3.6190000000000007,10.808999999999997,-5.702,1957.7062667544894,4857.5988,2235.1913,-14.284699999999997
1969,75894,21.082083333333333,12.808355944460633,-3.5580000000000007,11.023,-5.467,1959.0409763682146,4858.3613,2236.7089,-16.8769
1970,75895,21.08236111111111,12.54337211438774,-3.3020000000000005,10.955999999999998,-5.138,1960.3757161099231,4859.1224999999995,2238.2259000000004,-19.469
1971,75896,21.08263888888889,12.062475575104804,-3.2550000000000003,10.514,-4.935999999999999,1961.7103530215413,4859.882299999999,2239.7421999999997,-22.0612
1972,75897,21.082916666666666,11.67850482724565,-3.2330000000000005,10.104999999999999,-4.881,1963.0450185286743,4860.640799999999,2241.2578999999996,-24.653399999999998
1973,75898,21.083194444444445,11.783478730833268,-3.3470000000000004,9.988999999999999,-5.279,1964.3796199001633,4861.3979,2242.773,-27.245600000000003
1974,75899,21.083472222222223,12.086642048145547,-3.37,9.995999999999999,-5.9,1965.7141145547898,4862.1536,2244.2874,-29.837800000000005
1975,75900,21.08375,12.15297482100576,-3.357,10.031999999999998,-5.982,1967.0486345333313,4862.907999999999,2245.8012000000003,-32.43
1976,75901,21.084027777777777,12.50662760299514,-3.3609999999999998,10.441999999999998,-6.007,1968.3830873180377,4863.661,2247.3144,-35.0221
1977,75902,21.084305555555556,12.798761932312043,-3.4010000000000007,10.908999999999997,-5.765,1969.7175207818127,4864.4127,2248.8269,-37.6142
1978,75903,21.08458333333333,12.834524884077322,-3.3980000000000006,11.110999999999999,-5.452,1971.051926152956,4865.163,2250.3388999999997,-40.2062
1979,75904,21.08486111111111,12.62284856916219,-3.216,11.054999999999998,-5.175,1972.386311604608,4865.911999999999,2251.8502,-42.7984
1980,75905,21.08513888888889,12.38309856215317,-3.0800000000000005,10.896999999999997,-5.011,1973.7206257919502,4866.6596,2253.3609,-45.39059999999999
1981,75906,21.085416666666664,12.390388452344824,-2.7310000000000003,10.961999999999998,-5.089,1975.0549589180832,4867.4059,2254.871,-47.9828
1982,75907,21.085694444444442,12.519405776633329,-2.704,11.207999999999998,-4.8790000000000004,1976.389216911289,4868.1508,2256.3805,-50.574799999999996
1983,75908,21.08597222222222,12.57798545077867,-2.733,11.426999999999996,-4.49,1977.723360420404,4868.8943,2257.8893000000003,-53.166999999999994
1984,75909,21.08625,12.714169261103926,-3.0000000000000004,11.739999999999998,-3.85,1979.0576098463098,4869.6366,2259.3975,-55.7592
1985,75910,21.08652777777778,12.999193398053587,-3.367,12.025999999999998,-3.6079999999999997,1980.3916900079519,4870.3774,2260.9051,-58.35119999999999
1986,75911,21.086805555555554,13.095127108966906,-3.5720000000000005,12.182999999999998,-3.2090000000000005,1981.725872768052,4871.117,2262.4121000000005,-60.9431
1987,75912,21.087083333333332,12.993085661227667,-3.6049999999999995,12.145,-2.8850000000000002,1983.0599767181752,4871.8552,2263.9185,-63.535000000000004
1988,75913,21.08736111111111,12.960700289722,-3.6659999999999995,12.169999999999998,-2.536,1984.3940519787316,4872.5921,2265.4242000000004,-66.12710000000001
1989,75914,21.08763888888889,13.202823334423586,-3.652,12.475999999999997,-2.308,1985.728043999883,4873.3276000000005,2266.9293000000002,-68.719
1990,75915,21.087916666666665,13.580150698722013,-3.5799999999999996,12.941999999999998,-2.027,1987.0619135175452,4874.0617,2268.4337,-71.311
1991,75916,21.088194444444447,13.954565525303895,-3.7330000000000005,13.358999999999998,-1.527,1988.3957897516525,4874.7945,2269.9375,-73.9029
1992,75917,21.088472222222222,13.960353971157032,-3.665,13.396999999999997,-1.4069999999999998,1989.7295817283216,4875.5259,2271.4407,-76.4948
1993,75918,21.088749999999997,13.536967791939224,-3.5909999999999997,13.009999999999996,-1.046,1991.063376593925,4876.255999999999,2272.9433,-79.0865
1994,75919,21.089027777777776,13.262731920686626,-3.1890000000000005,12.841,-0.916,1992.397087076991,4876.9847,2274.4453000000003,-81.67830000000001
1995,75920,21.08930555555555,12.966260139299996,-2.675,12.653999999999998,-0.9189999999999999,1993.7308490369956,4877.7122,2275.9466,-84.2701
1996,75921,21.08958333333333,12.965617956734649,-2.45,12.649999999999999,-1.443,1995.064482086026,4878.4383,2277.4471999999996,-86.862
1997,75922,21.089861111111112,13.44808417582222,-2.67,13.038,-1.932,1996.398026086034,4879.163,2278.9472,-89.4539
1998,75923,21.090138888888887,13.801505207766287,-2.947,13.295999999999998,-2.239,1997.7315672783182,4879.8864,2280.4466,-92.04560000000001
1999,75924,21.090416666666663,14.011090821203037,-3.4130000000000003,13.344,-2.569,1999.0651093987549,4880.6085,2281.9453999999996,-94.6374
2000,75925,21.090694444444445,14.315145930097952,-3.9090000000000003,13.448999999999998,-2.961,2000.398646322895,4881.329299999999,2283.4435999999996,-97.229
2001,75926,21.090972222222224,14.496629056439293,-4.245,13.501999999999999,-3.135,2001.7320900568725,4882.0487,2284.9412,-99.8206
2002,75927,21.09125,14.68719122228617,-4.448,13.580999999999998,-3.3890000000000002,2003.0654873196181,4882.7668,2286.4381,-102.41220000000001
2003,75928,21.091527777777777,15.257921811308378,-4.497,14.086999999999998,-3.7600000000000002,2004.3988816197057,4883.4836000000005,2287.9344,-105.0039
2004,75929,21.091805555555556,15.447289114922397,-4.809,14.136,-3.9579999999999997,2005.7321757823997,4884.199,2289.4301,-107.5954
2005,75930,21.09208333333333,15.411464725975918,-5.043000000000001,13.939999999999998,-4.214,2007.065374343319,4884.913,2290.9252,-110.18699999999998
2006,75931,21.09236111111111,15.179415173187667,-5.039,13.62,-4.418,2008.3985629117392,4885.6257,2292.4197,-112.77850000000001
2007,75932,21.09263888888889,14.766484144846396,-4.825000000000001,13.201999999999998,-4.525,2009.7318308400543,4886.3372,2293.9136,-115.3699
2008,75933,21.092916666666667,14.432285127449498,-4.471,12.857999999999999,-4.793,2011.064957834063,4887.0473,2295.4067999999997,-117.9614
2009,75934,21.093194444444443,14.295919522716959,-4.173,12.618999999999996,-5.265,2012.3980715882,4887.7561000000005,2296.8994000000002,-120.5528
2010,75935,21.09347222222222,13.934549041859947,-3.7470000000000008,12.248,-5.4879999999999995,2013.731082497457,4888.4635,2298.3914,-123.1442
2011,75936,21.09375,13.637817640663771,-3.4850000000000003,11.853999999999997,-5.773,2015.0640380141697,4889.169599999999,2299.8826999999997,-125.7356
2012,75937,21.094027777777775,13.301041087072845,-3.283,11.592999999999998,-5.6339999999999995,2016.3969791861923,4889.874400000001,2301.3734,-128.327
2013,75938,21.094305555555554,13.117183462923737,-3.2660000000000005,11.511,-5.375,2017.7298602683993,4890.5779,2302.8633999999997,-130.9183
2014,75939,21.094583333333333,12.985567142023484,-3.2570000000000006,11.458999999999998,-5.168,2019.062725026875,4891.2801,2304.3528,-133.5096
2015,75940,21.094861111111108,12.966003239240685,-3.2980000000000005,11.539999999999997,-4.906,2020.39557012057,4891.981000000001,2305.8416,-136.1008
2016,75941,21.09513888888889,13.208876182325275,-3.3810000000000002,11.974999999999998,-4.4319999999999995,2021.728263753025,4892.6805,2307.3297000000002,-138.69199999999998
2017,75942,21.09541666666667,13.46205073530775,-3.4730000000000003,12.314999999999998,-4.184,2023.0608475605404,4893.3786,2308.8172,-141.2832
2018,75943,21.095694444444444,13.833817007608562,-3.7410000000000005,12.753999999999998,-3.836,2024.393408534972,4894.0754,2310.3041000000003,-143.8743
2019,75944,21.095972222222223,14.20706897991278,-4.079000000000001,13.221999999999998,-3.222,2025.725948119038,4894.7709,2311.7904,-146.4654
2020,75945,21.09625,14.677153470615476,-4.527,13.715999999999998,-2.607,2027.058465331817,4895.465099999999,2313.2761,-149.0565
2021,75946,21.096527777777776,15.006650525683602,-4.798,14.065999999999997,-2.0799999999999996,2028.390953550435,4896.158,2314.7612,-151.6474
2022,75947,21.096805555555555,15.294336566193381,-5.049,14.332999999999998,-1.7289999999999999,2029.7234173293632,4896.8496,2316.2457,-154.2383
2023,75948,21.097083333333334,15.220573806529108,-5.239,14.204999999999998,-1.561,2031.0557652915188,4897.5398000000005,2317.7296,-156.8292
2024,75949,21.097361111111113,14.909914419606839,-5.3100000000000005,13.861999999999998,-1.3980000000000001,2032.3880409494632,4898.228700000001,2319.2128,-159.42
2025,75950,21.097638888888888,14.804162556524432,-5.462,13.703999999999999,-1.237,2033.7202891776767,4898.9163,2320.6953999999996,-162.0108
2026,75951,21.097916666666663,14.3851313862613,-5.66,13.158999999999997,-1.318,2035.0525090093754,4899.6026,2322.1773999999996,-164.60160000000002
2027,75952,21.09819444444444,13.97653154398472,-5.648999999999999,12.722999999999997,-1.248,2036.3846962602754,4900.287600000001,2323.6588,-167.1923
2028,75953,21.09847222222222,13.705104012739195,-5.512,12.485999999999999,-1.244,2037.7168068613078,4900.9713,2325.1395,-169.78289999999998
2029,75954,21.09875,13.36462625740054,-5.2589999999999995,12.224999999999998,-1.227,2039.0487958670474,4901.653600000001,2326.6196,-172.3735
2030,75955,21.099027777777778,13.189361243062528,-5.084999999999999,12.079999999999998,-1.475,2040.3807964371736,4902.3347,2328.0989999999997,-174.964
2031,75956,21.099305555555556,13.134664099245171,-5.0200000000000005,11.979999999999999,-1.9490000000000003,2041.7126763696665,4903.0144,2329.5778,-177.5546
2032,75957,21.099583333333335,13.102649732019856,-4.973000000000001,11.850999999999999,-2.55,2043.0444283111515,4903.6927000000005,2331.056,-180.1451
2033,75958,21.099861111111114,13.288795468363562,-4.929,11.987999999999996,-2.9299999999999997,2044.3762316604602,4904.3698,2332.5335999999998,-182.7355
2034,75959,21.100138888888885,13.974349716534217,-5.001,12.599999999999998,-3.393,2045.7079982094488,4905.0455999999995,2334.0106,-185.3259
2035,75960,21.100416666666668,14.322184959006778,-4.973000000000001,12.876999999999999,-3.818,2047.039680849643,4905.7201000000005,2335.4869000000003,-187.9162
2036,75961,21.100694444444446,14.620661476143956,-4.8950000000000005,13.220999999999998,-3.874,2048.3713215610055,4906.393300000001,2336.9626,-190.5064
2037,75962,21.10097222222222,14.783138570682476,-4.795,13.419999999999998,-3.931,2049.7029226702866,4907.0652,2338.4377,-193.0966
2038,75963,21.10125,14.63998790983107,-4.619000000000001,13.390999999999996,-3.6980000000000004,2051.0344829753876,4907.7358,2339.9121999999998,-195.6868
2039,75964,21.10152777777778,14.336025320848172,-4.486,13.184999999999997,-3.399,2052.3659553853713,4908.405100000001,2341.386,-198.27689999999998
2040,75965,21.101805555555554,14.167005223405544,-4.558000000000001,12.982999999999999,-3.372,2053.6973380007184,4909.073,2342.8593,-200.86700000000002
2041,75966,21.102083333333333,14.032738969994417,-4.7090000000000005,12.879,-2.979,2055.0287599128046,4909.7397,2344.332,-203.4569
2042,75967,21.10236111111111,14.0025569093648,-4.796,12.939999999999998,-2.372,2056.360094300234,4910.4051,2345.804,-206.0468
2043,75968,21.10263888888889,13.948448551720723,-4.8420000000000005,12.901999999999997,-2.157,2057.691340006038,4911.0692,2347.2753000000002,-208.63670000000002
2044,75969,21.10291666666667,13.496152859241036,-4.746,12.474999999999998,-1.999,2059.0225351678114,4911.732000000001,2348.746,-211.2265
2045,75970,21.103194444444448,13.232778770915804,-4.668000000000001,12.250999999999998,-1.797,2060.3536359084856,4912.3934,2350.2162,-213.8163
2046,75971,21.103472222222226,13.17474603170778,-4.464,12.258999999999997,-1.834,2061.684731083444,4913.0536,2351.6857,-216.406
2047,75972,21.10375,13.19155112183552,-4.482,12.268999999999998,-1.8439999999999999,2063.0157338459785,4913.7125,2353.1545,-218.9957
2048,75973,21.10402777777778,13.12791746622441,-4.588,12.091999999999997,-2.253,2064.346635143006,4914.370000000001,2354.6228,-221.58530000000002
2049,75974,21.10430555555556,13.254044250718344,-4.678,12.071,-2.842,2065.677571028037,4915.0262999999995,2356.0905,-224.1748
2050,75975,21.104583333333334,13.18277614920317,-4.373,12.042999999999997,-3.103,2067.008411582273,4915.6813,2357.5575,-226.7643
2051,75976,21.104861111111113,13.16469889515138,-4.083,11.937999999999999,-3.758,2068.33915529963,4916.335,2359.0238,-229.3538
2052,75977,21.105138888888888,13.088307224389254,-3.905,11.674999999999997,-4.444000000000001,2069.669840560063,4916.9874,2360.4895,-231.9432
2053,75978,21.105416666666667,13.031851940534008,-3.715,11.541999999999998,-4.776000000000001,2071.0005094944663,4917.6385,2361.9547,-234.53249999999997
2054,75979,21.105694444444445,13.158606993143307,-3.5549999999999997,11.671999999999997,-4.927,2072.3311220444716,4918.2883,2363.4193,-237.12180000000004
2055,75980,21.105972222222224,13.319890127174471,-3.3800000000000003,11.936999999999998,-4.848000000000001,2073.661629979387,4918.9368,2364.8832,-239.711
2056,75981,21.10625,13.347218024742082,-3.338,12.048999999999996,-4.672000000000001,2074.9920794684554,4919.584,2366.3465,-242.30020000000005
2057,75982,21.106527777777778,13.431861561228212,-3.314,12.184999999999999,-4.578,2076.3224608646783,4920.2299,2367.8091999999997,-244.8892
2058,75983,21.106805555555557,13.588268506325592,-3.2960000000000003,12.423999999999998,-4.407000000000001,2077.6528288114564,4920.8746,2369.2712,-247.47820000000002
2059,75984,21.107083333333335,13.646076249237359,-3.2090000000000005,12.603999999999997,-4.13,2078.9830456837053,4921.517900000001,2370.7326000000003,-250.06719999999996
2060,75985,21.10736111111111,13.563853913987717,-3.2969999999999997,12.539999999999997,-3.982,2080.313191363448,4922.159900000001,2372.1934,-252.656
2061,75986,21.107638888888893,13.451300346063197,-3.3259999999999996,12.560999999999996,-3.4779999999999993,2081.643273961651,4922.8006000000005,2373.6536,-255.2448
2062,75987,21.107916666666668,13.59611198100398,-3.3260000000000005,12.838999999999999,-2.992,2082.9733777579754,4923.4401,2375.1132,-257.8335
2063,75988,21.108194444444443,13.73725281852234,-3.3150000000000004,13.062999999999999,-2.661,2084.3032784031916,4924.0782,2376.5721000000003,-260.4221
2064,75989,21.108472222222225,13.82231366305945,-3.3150000000000004,13.210999999999999,-2.3529999999999998,2085.633113330815,4924.715,2378.0304,-263.0107
2065,75990,21.10875,13.904139994979909,-3.5,13.294999999999996,-2.078,2086.9629229751417,4925.3506,2379.4880000000003,-265.5992
2066,75991,21.10902777777778,13.722697038119,-3.4170000000000003,13.142,-1.9810000000000003,2088.292703306116,4925.9849,2380.9451,-268.18760000000003
2067,75992,21.109305555555558,13.443317670872768,-3.2590000000000003,12.91,-1.8529999999999998,2089.62237113236,4926.617899999999,2382.4015000000004,-270.776
2068,75993,21.109583333333337,13.264440169113808,-3.2399999999999998,12.762999999999998,-1.598,2090.951964283305,4927.2496,2383.8573,-273.3643
2069,75994,21.109861111111112,13.392973306924791,-3.433,12.846999999999998,-1.5939999999999999,2092.281571807343,4927.8801,2385.3125,-275.9525
2070,75995,21.11013888888889,13.569027599647661,-3.5420000000000003,13.035,-1.2890000000000001,2093.611107610128,4928.5093,2386.7671,-278.5407
2071,75996,21.11041666666667,13.832818982405573,-3.6160000000000005,13.307999999999998,-1.081,2094.940650347226,4929.1373,2388.2210999999998,-281.12870000000004
2072,75997,21.110694444444448,13.91107235262616,-3.5980000000000003,13.410999999999998,-0.8469999999999999,2096.2699860366874,4929.7639,2389.6744000000003,-283.71670000000006
2073,75998,21.110972222222223,13.702942384758096,-3.499,13.234999999999996,-0.6020000000000001,2097.5993370713213,4930.389300000001,2391.1271,-286.3047
2074,75999,21.111250000000002,13.571851642277846,-3.464,13.109999999999996,-0.569,2098.928602350162,4931.013400000001,2392.5792,-288.8925
2075,76000,21.11152777777778,13.50320291634544,-3.4270000000000005,13.044,-0.6679999999999999,2100.2577856282214,4931.6362,2394.0307,-291.4802
2076,76001,21.111805555555556,13.479587122757135,-3.575,12.979999999999999,-0.662,2101.586848039401,4932.2577,2395.4815,-294.0679
2077,76002,21.112083333333334,13.555308185356761,-3.814000000000001,12.989999999999998,-0.678,2102.9159601243446,4932.878,2396.9318,-296.6555
2078,76003,21.112361111111113,13.676987753156759,-3.7920000000000007,13.091,-1.143,2104.2449875247194,4933.497,2398.3815,-299.243
2079,76004,21.11263888888889,13.68628634802005,-3.7430000000000008,13.088999999999999,-1.4080000000000001,2105.5738856124217,4934.1147,2399.8305,-301.8304
2080,76005,21.11291666666667,13.759056544690845,-3.839,13.089999999999998,-1.796,2106.902743153588,4934.7312,2401.2788,-304.4177
2081,76006,21.113194444444446,13.798664065771002,-3.9850000000000003,13.050999999999997,-2.048,2108.2314286127103,4935.3463,2402.7264999999998,-307.005
2082,76007,21.11347222222222,13.800174781501859,-4.0360000000000005,12.997999999999996,-2.282,2109.5601591135355,4935.9601999999995,2404.1737,-309.59219999999993
2083,76008,21.113750000000003,14.05715497531417,-4.213,13.130999999999997,-2.726,2110.888756369689,4936.5728,2405.6202,-312.1793
2084,76009,21.114027777777782,14.14998296818763,-4.392,13.126999999999999,-2.935,2112.2173585627256,4937.1842,2407.0661,-314.76640000000003
2085,76010,21.114305555555557,14.209528809921878,-4.4719999999999995,13.094999999999995,-3.2300000000000004,2113.545868922404,4937.7943,2408.5114000000003,-317.3534
2086,76011,21.114583333333336,14.33579750136001,-4.5520000000000005,13.180999999999997,-3.325,2114.874287033621,4938.4031,2409.9561000000003,-319.94030000000004
2087,76012,21.114861111111114,14.398373345624842,-4.661,13.164999999999997,-3.503,2116.202567701902,4939.0106000000005,2411.4001,-322.5271
2088,76013,21.115138888888893,14.021247341089163,-4.722,12.802999999999997,-3.222,2117.5308435105053,4939.6169,2412.8435,-325.11379999999997
2089,76014,21.11541666666667,13.799103195497883,-4.617,12.615999999999996,-3.152,2118.8590299316775,4940.2219000000005,2414.2863,-327.70050000000003
2090,76015,21.115694444444443,13.796534492400617,-4.422000000000001,12.701999999999998,-3.074,2120.187119836889,4940.8256,2415.7285,-330.2871
2091,76016,21.115972222222222,13.766643781256198,-4.326,12.682999999999998,-3.154,2121.5152020871146,4941.4281,2417.1701,-332.8736
2092,76017,21.11625,13.776423665088117,-4.556,12.547999999999996,-3.403,2122.8432318542596,4942.0294,2418.611,-335.46000000000004
2093,76018,21.11652777777778,13.741061312722533,-4.771,12.390999999999996,-3.5379999999999994,2124.1712062442516,4942.629400000001,2420.0514000000003,-338.0463
2094,76019,21.116805555555555,13.946648952346939,-4.894,12.504999999999997,-3.7660000000000005,2125.4990366324923,4943.2281,2421.4911,-340.6325
2095,76020,21.117083333333333,14.079552052533488,-4.892,12.590999999999998,-3.971,2126.82685504144,4943.8256,2422.9302,-343.2186
2096,76021,21.117361111111112,14.275431026767631,-4.979,12.578999999999997,-4.557,2128.15457148822,4944.4218,2424.3687,-345.8046
2097,76022,21.11763888888889,14.576743189066615,-5.211,12.663999999999998,-4.995,2129.4821910293867,4945.0167,2425.8066,-348.3906
2098,76023,21.117916666666666,15.113068450847429,-5.474,13.030999999999997,-5.351000000000001,2130.8096623058386,4945.6103,2427.2438,-350.97650000000004
2099,76024,21.11819444444445,15.244483100453092,-5.636,13.099999999999998,-5.3870000000000005,2132.1371118228953,4946.2027,2428.6804,-353.56219999999996
2100,76025,21.11847222222222,15.304750831032825,-5.689000000000001,13.080999999999998,-5.545999999999999,2133.4645513192636,4946.7939,2430.1164,-356.14790000000005
2101,76026,21.11875,15.2728486210006,-5.599,13.079999999999998,-5.552,2134.791883814636,4947.3838,2431.5518,-358.7335
2102,76027,21.119027777777777,15.468782563602087,-5.5440000000000005,13.292999999999997,-5.643000000000001,2136.119108312848,4947.972400000001,2432.9866,-361.319
2103,76028,21.119305555555556,15.526728374000749,-5.577,13.365999999999996,-5.597,2137.4461799668475,4948.5597,2434.4206999999997,-363.9044
2104,76029,21.119583333333335,15.1996873652059,-5.516,13.127999999999997,-5.316,2138.7732313597403,4949.1458,2435.8541999999998,-366.48969999999997
2105,76030,21.119861111111113,14.995649702497053,-5.475,13.066999999999998,-4.914,2140.1001784411396,4949.7306,2437.2871,-369.075
2106,76031,21.120138888888892,14.979423587040989,-5.357,13.288999999999998,-4.369,2141.427096635421,4950.3142,2438.7194000000004,-371.66009999999994
2107,76032,21.120416666666664,14.835293222582424,-5.0,13.382,-4.0009999999999994,2142.7539918118755,4950.8966,2440.1511,-374.2451
2108,76033,21.120694444444446,14.558485944630366,-4.644,13.255999999999997,-3.8289999999999997,2144.0807730822426,4951.4777,2441.5822,-376.83
2109,76034,21.12097222222222,14.443393022416858,-4.407,13.216999999999999,-3.808,2145.40744667496,4952.0575,2443.0127,-379.41490000000005
2110,76035,21.12125,14.244070836667442,-4.312,13.030999999999997,-3.8069999999999995,2146.7340873544817,4952.636100000001,2444.4426,-381.9996
2111,76036,21.12152777777778,14.240776172666994,-4.456,12.901,-4.063000000000001,2148.060567354678,4953.213400000001,2445.8718,-384.58419999999995
2112,76037,21.121805555555557,14.255478490741723,-4.547000000000001,12.902999999999997,-4.007000000000001,2149.3870193082666,4953.7895,2447.3004,-387.1687
2113,76038,21.122083333333332,14.419869070140683,-4.5280000000000005,13.127999999999997,-3.8839999999999995,2150.713442329282,4954.3644,2448.7284,-389.7531
2114,76039,21.12236111111111,14.65155124892924,-4.675,13.319999999999999,-3.9230000000000005,2152.039701817841,4954.938,2450.1557000000003,-392.3374
2115,76040,21.12263888888889,14.644292847385973,-4.872,13.239999999999998,-3.9270000000000005,2153.365930534982,4955.510400000001,2451.5824,-394.9216
2116,76041,21.12291666666667,14.304010416662871,-4.9510000000000005,12.836999999999998,-3.9120000000000004,2154.692037850257,4956.0815,2453.0085,-397.5057
2117,76042,21.123194444444444,14.196705568546525,-5.044,12.767999999999997,-3.617,2156.01802324638,4956.6512999999995,2454.4339999999997,-400.0897
2118,76043,21.123472222222222,14.38663247601745,-5.208,12.972999999999999,-3.399,2157.343982202389,4957.2199,2455.8588999999997,-402.6737
2119,76044,21.12375,14.436567078083346,-5.352,13.006999999999996,-3.254,2158.6698550534024,4957.7873,2457.2830999999996,-405.2575
2120,76045,21.124027777777776,14.345864003258916,-5.483,12.929999999999998,-2.925,2159.995602762975,4958.3534,2458.7066999999997,-407.8412
2121,76046,21.12430555555556,14.288739972439837,-5.315,12.988,-2.689,2161.3213138821093,4958.918299999999,2460.1297,-410.42480000000006
2122,76047,21.124583333333334,13.998726513508288,-5.098,12.811999999999998,-2.414,2162.6468981958715,4959.481900000001,2461.5521,-413.00829999999996
2123,76048,21.12486111111111,13.663067078807744,-4.684,12.639,-2.235,2163.9724441253347,4960.0443,2462.9739,-415.59169999999995
2124,76049,21.12513888888889,13.578807974192724,-4.352,12.658999999999997,-2.279,2165.297995128047,4960.6055,2464.3952,-418.175
2125,76050,21.125416666666666,13.61826431671819,-4.223000000000001,12.724999999999998,-2.387,2166.6233722745983,4961.1654,2465.8158,-420.75819999999993
2126,76051,21.125694444444445,13.820113277393927,-3.8690000000000007,13.050999999999998,-2.387,2167.9487080939075,4961.7241,2467.2358,-423.34129999999993
2127,76052,21.125972222222224,14.040193659633045,-3.599,13.313999999999998,-2.629,2169.273957586199,4962.2816,2468.6551,-425.92429999999996
2128,76053,21.12625,13.925597796863155,-3.4880000000000004,13.156999999999996,-2.941,2170.5991563387506,4962.8379,2470.0738,-428.5071
2129,76054,21.126527777777778,13.943854381052605,-3.5070000000000006,13.134999999999996,-3.0989999999999998,2171.9242295586364,4963.3929,2471.4919,-431.08990000000006
2130,76055,21.126805555555556,14.109158373198593,-3.4900000000000007,13.245,-3.3850000000000002,2173.249168546823,4963.9466,2472.9093999999996,-433.6726
2131,76056,21.127083333333335,14.040305908348293,-3.5460000000000003,13.114999999999998,-3.543,2174.574061650609,4964.4991,2474.3262999999997,-436.25519999999995
2132,76057,21.12736111111111,14.189587520432015,-3.4190000000000005,13.222999999999999,-3.8480000000000003,2175.8989080590472,4965.0504,2475.7426,-438.8376999999999
2133,76058,21.12763888888889,14.205495661890856,-3.4850000000000003,13.180999999999997,-3.989,2177.223617663806,4965.6004,2477.1583,-441.4201
2134,76059,21.127916666666668,14.169943613155274,-3.397,13.186999999999998,-3.918,2178.548226063975,4966.149200000001,2478.5733,-444.0023
2135,76060,21.128194444444446,14.154065034469777,-3.216,13.249999999999996,-3.7990000000000004,2179.872829561909,4966.6968,2479.9878,-446.5844
2136,76061,21.12847222222222,14.138943454162334,-3.4690000000000003,13.230999999999998,-3.5799999999999996,2181.1973378660477,4967.2432,2481.4015999999997,-449.16639999999995
2137,76062,21.128750000000004,13.958548062029946,-3.592,13.073999999999998,-3.318,2182.5217058135454,4967.7883,2482.8148,-451.74830000000003
2138,76063,21.12902777777778,13.998593750802256,-3.575,13.210999999999999,-2.941,2183.846021275445,4968.3322,2484.2274,-454.3301
2139,76064,21.129305555555554,13.995004465879957,-3.4650000000000007,13.296999999999997,-2.654,2185.1702754677576,4968.874900000001,2485.6394,-456.91169999999994
2140,76065,21.129583333333333,13.884120641942,-3.2939999999999996,13.282999999999998,-2.341,2186.494475500775,4969.4164,2487.0508,-459.4932
2141,76066,21.12986111111111,14.091635604144749,-3.3200000000000003,13.534999999999997,-2.0869999999999997,2187.818531373295,4969.9565999999995,2488.4616,-462.07460000000003
2142,76067,21.13013888888889,14.225282352206579,-3.5,13.672999999999998,-1.777,2189.1424866631337,4970.4956,2489.8717,-464.65590000000003
2143,76068,21.13041666666667,14.482428870876598,-3.4870000000000005,13.975999999999999,-1.501,2190.466385229499,4971.0334,2491.2812,-467.2371
2144,76069,21.130694444444448,14.561240228771721,-3.6199999999999997,14.030999999999997,-1.4340000000000002,2191.7901365537577,4971.5699,2492.6901,-469.8182
2145,76070,21.13097222222222,14.485877847061943,-3.7220000000000004,13.922999999999998,-1.4620000000000002,2193.1137846982733,4972.1052,2494.0983,-472.3992
2146,76071,21.13125,14.400075451191219,-3.7800000000000002,13.773,-1.8380000000000003,2194.437373014483,4972.639300000001,2495.5059,-474.98009999999994
2147,76072,21.131527777777777,14.238365215150226,-3.9880000000000004,13.483999999999998,-2.238,2195.760892379551,4973.172199999999,2496.9129000000003,-477.56080000000003
2148,76073,21.131805555555555,14.056832715800525,-4.1370000000000005,13.195999999999998,-2.519,2197.084261179845,4973.7038,2498.3193,-480.1414
2149,76074,21.132083333333334,13.877984651958654,-4.127,12.951999999999998,-2.795,2198.4075675921713,4974.234200000001,2499.7251,-482.7219
2150,76075,21.132361111111113,13.770526533143167,-4.072000000000001,12.795999999999998,-3.051,2199.7307218823175,4974.7633000000005,2501.1303,-485.3023
2151,76076,21.132638888888888,13.323191434487459,-3.822,12.284999999999998,-3.461,2201.0538563211157,4975.2913,2502.5348,-487.8826
2152,76077,21.132916666666667,13.039952070464059,-3.657,11.884999999999996,-3.9260000000000006,2202.376872674322,4975.818,2503.9388,-490.4626999999999
2153,76078,21.133194444444445,13.007406543965631,-3.8200000000000003,11.531999999999996,-4.649,2203.699778463574,4976.3435,2505.3421000000003,-493.04269999999997
2154,76079,21.13347222222222,12.941998725081065,-3.839,11.290999999999997,-5.027,2205.022617173135,4976.8678,2506.7448,-495.6226
2155,76080,21.13375,12.974477908571117,-3.815,11.175999999999998,-5.3740000000000006,2206.3454241123277,4977.3909,2508.147,-498.20230000000004
2156,76081,21.134027777777778,13.027786074387311,-3.711,11.219999999999997,-5.483,2207.6680284711183,4977.9127,2509.5485,-500.78190000000006
2157,76082,21.134305555555557,12.9582957984451,-3.431,11.344999999999997,-5.2379999999999995,2208.990608150629,4978.4333,2510.9494999999997,-503.36140000000006
2158,76083,21.13458333333333,12.746090773252792,-3.178,11.260999999999997,-5.055,2210.3131614135805,4978.9528,2512.3498,-505.94079999999997
2159,76084,21.13486111111111,12.811261530388018,-3.2630000000000003,11.326999999999998,-5.018,2211.6355545458487,4979.4710000000005,2513.7495000000004,-508.5201
2160,76085,21.13513888888889,13.148275134024232,-3.497,11.692999999999996,-4.891,2212.9579196393306,4979.9881,2515.1485000000002,-511.09929999999997
2161,76086,21.135416666666664,13.455680213203639,-3.5520000000000005,12.244999999999997,-4.301,2214.2801584068393,4980.5039,2516.547,-513.6783
2162,76087,21.135694444444447,13.367640031060079,-3.4400000000000004,12.313999999999997,-3.9019999999999997,2215.6022781221764,4981.0185,2517.9448,-516.2572
2163,76088,21.13597222222222,13.169850188973296,-3.429,12.192999999999998,-3.6079999999999997,2216.9243681518433,4981.5319,2519.3421,-518.836
2164,76089,21.136249999999997,13.30132136293233,-3.682,12.334999999999997,-3.3489999999999993,2218.2463372986545,4982.0441,2520.7387,-521.4147
2165,76090,21.13652777777778,13.344388820774068,-3.907,12.399999999999997,-3.008,2219.5682298082584,4982.5551,2522.1346999999996,-523.9933
2166,76091,21.136805555555554,13.158725964165374,-4.002000000000001,12.227999999999998,-2.759,2220.890035177186,4983.064899999999,2523.5301,-526.5717
2167,76092,21.137083333333333,13.17772070579734,-4.009,12.208999999999998,-2.9189999999999996,2222.2117172770786,4983.5735,2524.9248,-529.15
2168,76093,21.13736111111111,13.362041535633692,-4.156000000000001,12.342999999999998,-2.9869999999999997,2223.5332763280226,4984.080800000001,2526.319,-531.7282
2169,76094,21.137638888888887,13.302939299267658,-4.1049999999999995,12.319999999999997,-2.887,2224.854834530222,4984.5869999999995,2527.7126,-534.3062
2170,76095,21.137916666666666,13.189988703558466,-4.115,12.195999999999998,-2.881,2226.176213329637,4985.0919,2529.1056,-536.884
2171,76096,21.138194444444444,13.261500556121089,-4.470999999999999,12.089999999999998,-3.116,2227.497464991216,4985.5956,2530.4979,-539.4617000000001
2172,76097,21.138472222222223,13.593872369564162,-4.7620000000000005,12.310999999999996,-3.249,2228.8187224231797,4986.0982,2531.8896,-542.0393
2173,76098,21.138749999999998,13.896123344300019,-4.708,12.667999999999997,-3.2340000000000004,2230.1397980454335,4986.599499999999,2533.2807000000003,-544.6166999999999
2174,76099,21.139027777777777,13.851366250301808,-4.429,12.754999999999999,-3.091,2231.4607889352874,4987.0996,2534.6711999999998,-547.194
2175,76100,21.139305555555556,13.717647210801125,-4.143,12.713999999999997,-3.0599999999999996,2232.7816944952447,4987.5985,2536.0611,-549.7711999999999
2176,76101,21.139583333333334,13.705935137742332,-4.069000000000001,12.743999999999996,-2.981,2234.1025133898524,4988.0962,2537.4504,-552.3483
2177,76102,21.13986111111111,13.779135713098986,-4.3340000000000005,12.792999999999997,-2.7239999999999998,2235.423235258102,4988.5927,2538.8391,-554.9251999999999
2178,76103,21.14013888888889,14.002160618990198,-4.465,12.998999999999999,-2.6740000000000004,2236.743824170542,4989.088,2540.2271,-557.5020000000001
2179,76104,21.140416666666663,14.135731392467811,-4.585,13.088999999999999,-2.734,2238.0643138701007,4989.5821000000005,2541.6145,-560.0786
2180,76105,21.140694444444442,14.129318242576318,-4.553,13.080999999999998,-2.792,2239.384723901357,4990.075,2543.0013,-562.6551999999999
2181,76106,21.14097222222222,14.00838281173098,-4.408,12.992999999999999,-2.8259999999999996,2240.705121597829,4990.5668000000005,2544.3875,-565.2316000000001
2182,76107,21.14125,13.789323224872204,-4.333,12.788999999999998,-2.7950000000000004,2242.0253391329306,4991.0572999999995,2545.7731,-567.8079
2183,76108,21.141527777777778,13.682260924277095,-4.337999999999999,12.671999999999997,-2.7939999999999996,2243.3455531674144,4991.546700000001,2547.1580999999996,-570.3841
2184,76109,21.141805555555557,13.684725426547658,-4.4670000000000005,12.585999999999999,-2.985,2244.6656636394337,4992.034900000001,2548.5425000000005,-572.9601
2185,76110,21.142083333333336,13.98911308839842,-4.713,12.745999999999999,-3.3200000000000003,2245.985536032803,4992.5218,2549.9262,-575.5359000000001
2186,76111,21.142361111111107,14.178323490455421,-4.922,12.841999999999999,-3.447,2247.305447092343,4993.0076,2551.3094,-578.1116
2187,76112,21.14263888888889,14.15648353229007,-4.844,12.802999999999997,-3.6090000000000004,2248.625262252385,4993.4922,2552.692,-580.6872000000001
2188,76113,21.142916666666665,14.04568471097084,-4.909000000000001,12.626999999999999,-3.707,2249.944970551608,4993.9756,2554.074,-583.2625999999999
2189,76114,21.143194444444443,14.051372673159015,-4.983,12.590999999999998,-3.7520000000000002,2251.2644576294215,4994.4577,2555.4553,-585.838
2190,76115,21.143472222222222,14.08497373089492,-5.055,12.603999999999997,-3.7379999999999995,2252.583914161921,4994.938700000001,2556.8360000000002,-588.4131
2191,76116,21.14375,14.120707666402557,-5.1129999999999995,12.595999999999998,-3.8200000000000003,2253.9033163773465,4995.4185,2558.2162,-590.9880999999999
2192,76117,21.144027777777776,14.157427591197488,-5.184,12.627999999999997,-3.754,2255.222573331617,4995.8971,2559.5957000000003,-593.563
2193,76118,21.144305555555555,14.140900042076527,-5.173,12.640999999999998,-3.662,2256.5417189554746,4996.3745,2560.9746000000005,-596.1377
2194,76119,21.144583333333333,14.183145032044196,-5.159000000000001,12.730999999999998,-3.5309999999999997,2257.8607625419404,4996.8507,2562.3529,-598.7122999999999
2195,76120,21.144861111111112,13.979372947310617,-5.072000000000001,12.669999999999998,-3.028,2259.1796926686084,4997.325699999999,2563.7306,-601.2867
2196,76121,21.145138888888887,13.858632363981663,-4.871,12.644999999999998,-2.9050000000000002,2260.4984738413214,4997.7995,2565.1076000000003,-603.861
2197,76122,21.145416666666666,13.725745626376728,-4.858,12.476999999999997,-3.0200000000000005,2261.817150789588,4998.2721,2566.484,-606.4352
2198,76123,21.145694444444445,13.518909941263756,-4.711,12.290999999999999,-3.082,2263.1357117066,4998.7435,2567.8597999999997,-609.0092000000001
2199,76124,21.14597222222222,13.31993892628641,-4.622,12.079999999999998,-3.183,2264.45428965913,4999.2137999999995,2569.2351000000003,-611.583
2200,76125,21.146250000000002,13.095372312385775,-4.606,11.783999999999997,-3.378,2265.7727604967426,4999.6829,2570.6097999999997,-614.1567
2201,76126,21.146527777777777,12.747214989949763,-4.437,11.474999999999998,-3.336,2267.091077991978,5000.1508,2571.9838,-616.7302999999999
2202,76127,21.146805555555556,12.70853229133876,-4.306,11.440999999999999,-3.474,2268.4093216499523,5000.6175,2573.3573,-619.3037
2203,76128,21.147083333333335,12.671597886612403,-4.307,11.337999999999997,-3.6700000000000004,2269.7273993105196,5001.083,2574.7300999999998,-621.8769
2204,76129,21.14736111111111,12.517168569608701,-4.132,11.182999999999998,-3.814,2271.0453666906033,5001.5473,2576.1023,-624.45
2205,76130,21.14763888888889,12.48583681616895,-3.94,11.136,-4.045,2272.363311084274,5002.010499999999,2577.4739,-627.0229999999999
2206,76131,21.147916666666667,12.478600161877132,-3.918,11.007,-4.383,2273.6811323587854,5002.4725,2578.8449,-629.5958
2207,76132,21.148194444444446,12.716056110288283,-4.025,11.136999999999997,-4.633000000000001,2274.9989181296423,5002.9334,2580.2153,-632.1684
2208,76133,21.14847222222222,13.013597849941421,-4.218999999999999,11.401999999999997,-4.642,2276.316590178955,5003.3931,2581.5851,-634.7409
2209,76134,21.14875,13.182990745654037,-4.24,11.661999999999997,-4.4510000000000005,2277.6341021835337,5003.8516,2582.9541999999997,-637.3133
2210,76135,21.14902777777778,13.242350282332811,-4.206,11.865999999999996,-4.107,2278.951487469082,5004.3089,2584.3227,-639.8855
2211,76136,21.149305555555554,13.542983755435873,-4.308,12.210999999999999,-3.968,2280.268756656637,5004.765,2585.6906000000004,-642.4576000000001
2212,76137,21.149583333333332,13.7737591092628,-4.518,12.403999999999998,-3.9300000000000006,2281.585985827238,5005.219999999999,2587.0579000000002,-645.0295
2213,76138,21.14986111111111,13.783624305675193,-4.703,12.330999999999998,-3.9769999999999994,2282.903097048774,5005.6738000000005,2588.4246,-647.6013
2214,76139,21.15013888888889,13.803999348015052,-4.893000000000001,12.27,-4.007000000000001,2284.220078285388,5006.1264,2589.7907000000005,-650.1729
2215,76140,21.150416666666665,13.714361742348784,-4.981,12.130999999999998,-4.014,2285.5370282082868,5006.5779,2591.1562,-652.7444
2216,76141,21.150694444444447,13.69237758754848,-5.082,12.103999999999997,-3.8920000000000003,2286.8538460956775,5007.0282,2592.5211,-655.3156999999999
2217,76142,21.15097222222222,13.773374096422414,-5.0920000000000005,12.240999999999996,-3.7329999999999997,2288.1704548295797,5007.4772,2593.8854,-657.8869
2218,76143,21.151249999999997,13.906070365131912,-4.916,12.410999999999998,-3.896,2289.487018188011,5007.9250999999995,2595.2491,-660.4579
2219,76144,21.151527777777776,13.93748578474611,-4.745,12.502999999999997,-3.9259999999999997,2290.8034471433457,5008.3718,2596.6122,-663.0287000000001
2220,76145,21.151805555555555,13.926912830918413,-4.594,12.496999999999996,-4.0840000000000005,2292.119840525322,5008.8174,2597.9746999999998,-665.5994
2221,76146,21.15208333333333,13.957033531520942,-4.565,12.425999999999998,-4.422,2293.4360978966934,5009.2618,2599.3366,-668.1699
2222,76147,21.152361111111112,13.877010196724651,-4.640000000000001,12.225999999999997,-4.644,2294.7521842611445,5009.705,2600.6978,-670.7403
2223,76148,21.152638888888887,13.792900565145821,-4.571000000000001,12.187999999999997,-4.561,2296.0682207778927,5010.1471,2602.0584,-673.3104999999999
2224,76149,21.152916666666663,13.74997319997388,-4.559,12.180999999999997,-4.461,2297.3841764062076,5010.588,2603.4184999999998,-675.8806000000001
2225,76150,21.153194444444445,13.939292485632114,-4.5649999999999995,12.404999999999998,-4.425,2298.699946563427,5011.027700000001,2604.7779,-678.4505
2226,76151,21.15347222222222,13.842778117126633,-4.376,12.401,-4.3229999999999995,2300.0155880751463,5011.466200000001,2606.1367,-681.0203
2227,76152,21.15375,13.477669271799185,-4.0840000000000005,12.131999999999998,-4.2170000000000005,2301.3311766454403,5011.9036,2607.4949,-683.5899000000001
2228,76153,21.154027777777777,13.143177888166923,-4.09,11.758999999999999,-4.212,2302.6466228256113,5012.3398,2608.8525,-686.1593
2229,76154,21.154305555555556,13.272953476901813,-4.3420000000000005,11.690999999999997,-4.543,2303.962026146127,5012.774899999999,2610.2095,-688.7286
2230,76155,21.15458333333333,13.336226640245732,-4.4399999999999995,11.653999999999998,-4.725,2305.2772854984937,5013.2088,2611.5659,-691.2977
2231,76156,21.15486111111111,13.196596871921184,-4.329000000000001,11.641999999999998,-4.458,2306.5924001423164,5013.6415,2612.9217,-693.8666000000001
2232,76157,21.15513888888889,13.010284124491669,-4.082000000000001,11.611999999999998,-4.215,2307.907457160718,5014.0731,2614.2769,-696.4353000000001
2233,76158,21.155416666666667,12.848391222250354,-4.0200000000000005,11.525999999999998,-4.0089999999999995,2309.222379893287,5014.503500000001,2615.6315000000004,-699.0039
2234,76159,21.155694444444443,12.659285169392463,-3.8580000000000005,11.363999999999997,-4.029,2310.5372436690295,5014.9328000000005,2616.9855000000002,-701.5723
2235,76160,21.15597222222222,12.541590090574639,-3.8480000000000003,11.082999999999998,-4.433,2311.8519715497737,5015.3609,2618.3388999999997,-704.1406
2236,76161,21.156249999999996,12.63168880237318,-3.9270000000000005,11.026999999999997,-4.748,2313.16663833562,5015.7879,2619.6917000000003,-706.7087
2237,76162,21.156527777777775,12.74206019448974,-3.9799999999999995,11.042999999999997,-4.957,2314.481155390418,5016.213699999999,2621.0438999999997,-709.2766
2238,76163,21.156805555555554,12.522967859097937,-3.632,10.851999999999999,-5.086,2315.795575952142,5016.6384,2622.3954,-711.8444
2239,76164,21.15708333333333,12.226388878160222,-3.3289999999999997,10.537999999999998,-5.2299999999999995,2317.1098911257563,5017.0619,2623.7464,-714.412
2240,76165,21.157361111111108,12.170388407935055,-3.399,10.387999999999998,-5.353,2318.424020447026,5017.4842,2625.0967,-716.9795
2241,76166,21.157638888888886,12.230325016122832,-3.528,10.270999999999997,-5.625,2319.7380843549818,5017.905400000001,2626.4464,-719.5468
2242,76167,21.157916666666665,12.35010854203314,-3.499,10.285999999999998,-5.872,2321.052052935872,5018.3254,2627.7956000000004,-722.114
2243,76168,21.158194444444444,12.526886644334256,-3.308,10.451999999999998,-6.061,2322.3659545546775,5018.7443,2629.1441999999997,-724.6809999999999
2244,76169,21.158472222222223,12.758758011656148,-3.253,10.580999999999998,-6.343999999999999,2323.6796545751567,5019.162,2630.4921,-727.2478
2245,76170,21.15875,12.87027334597055,-3.216,10.723999999999998,-6.348000000000001,2324.993332006593,5019.5786,2631.8395,-729.8144
2246,76171,21.159027777777776,12.847667181243448,-3.2439999999999998,10.745999999999999,-6.25,2326.3068518220784,5019.994000000001,2633.1863,-732.3808
2247,76172,21.159305555555555,12.91116013377574,-3.314,10.767999999999999,-6.306,2327.62026809987,5020.408300000001,2634.5324,-734.9471
2248,76173,21.159583333333334,13.076981838329516,-3.842,10.709,-6.447,2328.9335712517777,5020.8214,2635.8779999999997,-737.5132000000001
2249,76174,21.15986111111111,13.09311586292583,-4.2490000000000006,10.540999999999999,-6.501,2330.246769380942,5021.2334,2637.2228999999998,-740.0792
2250,76175,21.160138888888888,13.257699461067896,-4.337,10.554999999999998,-6.749,2331.5598530257657,5021.644200000001,2638.5672999999997,-742.6450000000001
2251,76176,21.160416666666666,13.465757238269221,-4.332,10.664999999999997,-6.987,2332.8728626012203,5022.0539,2639.9111000000003,-745.2106000000001
2252,76177,21.160694444444445,13.53408460147933,-4.399,10.673999999999998,-7.063,2334.18566390282,5022.4624,2641.2542,-747.7760000000001
2253,76178,21.16097222222222,13.72981318154038,-4.74,10.640999999999998,-7.267,2335.4983151672336,5022.8697,2642.5967,-750.3413
2254,76179,21.16125,13.748508137248928,-5.062,10.495999999999999,-7.296000000000001,2336.8108901076675,5023.2759,2643.9386,-752.9064000000001
2255,76180,21.161527777777774,13.61866564682458,-5.307,10.197999999999997,-7.301,2338.1233002185536,5023.6809,2645.2799,-755.4712999999999
2256,76181,21.161805555555553,13.797439291404762,-5.561,10.136999999999997,-7.528999999999999,2339.435599189685,5024.0848000000005,2646.6205,-758.0361
2257,76182,21.16208333333333,13.633136432970954,-5.688000000000001,9.812999999999999,-7.564,2340.7478657213496,5024.4875999999995,2647.9606000000003,-760.6007000000001
2258,76183,21.16236111111111,13.644404347570472,-5.555,9.958999999999998,-7.492,2342.059964809769,5024.8892000000005,2649.3000999999995,-763.1650999999999
2259,76184,21.162638888888885,13.647385024245487,-5.218,10.165,-7.463000000000001,2343.3718960517695,5025.2896,2650.639,-765.7293
2260,76185,21.162916666666668,13.610184017859565,-5.138,10.171999999999997,-7.441,2344.683787335469,5025.689,2651.9772000000003,-768.2932999999999
2261,76186,21.163194444444443,13.512614661863186,-5.333,9.984999999999996,-7.379,2345.995522020078,5026.0872,2653.3148,-770.8572
2262,76187,21.163472222222218,13.492951159772275,-5.459,9.738999999999999,-7.577,2347.3072201425944,5026.4843,2654.6519,-773.4209
2263,76188,21.16375,13.31298324944488,-5.379,9.400999999999998,-7.741,2348.6187883281173,5026.8803,2655.9883,-775.9844
2264,76189,21.164027777777775,13.27970579493386,-5.369,9.327999999999998,-7.779000000000001,2349.930230477455,5027.275100000001,2657.3242,-778.5477
2265,76190,21.164305555555554,13.385707751179988,-5.264,9.579999999999998,-7.726000000000001,2351.2415545073063,5027.6688,2658.6594,-781.1109
2266,76191,21.164583333333333,13.31472301627037,-5.0120000000000005,9.740999999999998,-7.5680000000000005,2352.55275093611,5028.061299999999,2659.9941,-783.6739
2267,76192,21.16486111111111,13.584505659021973,-4.917,10.087,-7.656000000000001,2353.8638603343015,5028.4527,2661.3282,-786.2367
2268,76193,21.165138888888887,13.651644369818603,-4.9030000000000005,10.192999999999998,-7.644,2355.1748490974446,5028.842999999999,2662.6616000000004,-788.7994000000001
2269,76194,21.165416666666665,13.678190450494538,-4.9990000000000006,10.242999999999999,-7.561999999999999,2356.4857353699113,5029.2322,2663.9944,-791.3618
2270,76195,21.165694444444444,13.635792092870878,-5.0040000000000004,10.222999999999997,-7.508999999999999,2357.7965046727604,5029.6202,2665.3267,-793.9241000000001
2271,76196,21.165972222222223,13.569604010434498,-4.840000000000001,10.207999999999998,-7.517,2359.1070960858365,5030.007,2666.6584,-796.4861999999999
2272,76197,21.166249999999998,13.454938052625883,-4.734,10.318999999999999,-7.221000000000001,2360.4175963630305,5030.392699999999,2667.9894999999997,-799.0481000000001
2273,76198,21.16652777777778,13.52706006492172,-4.625,10.645,-6.948,2361.7279171414593,5030.7771999999995,2669.32,-801.6098
2274,76199,21.166805555555555,13.564802578732944,-4.331,10.831999999999997,-6.922,2363.038200079364,5031.160699999999,2670.6498,-804.1714
2275,76200,21.167083333333334,13.580866761735052,-4.223,10.832999999999997,-7.018000000000001,2364.3483343449125,5031.543,2671.9791,-806.7326999999999
2276,76201,21.167361111111113,13.727455809435336,-4.305000000000001,10.896999999999997,-7.1530000000000005,2365.6583882951604,5031.9241999999995,2673.3078,-809.2938999999999
2277,76202,21.167638888888888,13.88681338536671,-4.296,11.139,-7.093000000000001,2366.968213019322,5032.3042000000005,2674.6358,-811.8549
2278,76203,21.167916666666667,14.01419227069473,-4.2219999999999995,11.289999999999997,-7.148999999999999,2368.2779881215943,5032.6831,2675.9633000000003,-814.4156999999999
2279,76204,21.168194444444445,14.147682919828249,-4.2780000000000005,11.291999999999998,-7.372,2369.587680352409,5033.0609,2677.2902000000004,-816.9764
2280,76205,21.168472222222224,13.980212766621255,-4.398000000000001,11.060999999999996,-7.332000000000001,2370.8971733740955,5033.4375,2678.6165,-819.5368000000001
2281,76206,21.16875,13.942066848211565,-4.3020000000000005,11.181999999999999,-7.130000000000001,2372.2066695614963,5033.8131,2679.9422,-822.0971000000002
2282,76207,21.169027777777778,13.998555961241145,-4.182,11.341999999999999,-7.059,2373.515932489698,5034.1875,2681.2672000000002,-824.6572
2283,76208,21.169305555555557,14.134031448953266,-4.28,11.397999999999998,-7.178999999999999,2374.8251418293557,5034.5608,2682.5917,-827.2171000000001
2284,76209,21.169583333333335,14.380761175960052,-4.484,11.543999999999997,-7.31,2376.1341629174103,5034.9329,2683.9156000000003,-829.7768
2285,76210,21.16986111111111,14.423445982150033,-4.585,11.512999999999996,-7.38,2377.443035457344,5035.303900000001,2685.2388,-832.3363000000002
2286,76211,21.170138888888893,14.220416766044515,-4.46,11.436999999999998,-7.178,2378.7518056632844,5035.6738,2686.5614,-834.8956000000001
2287,76212,21.17041666666667,13.854418537058853,-4.227,11.169999999999998,-7.022,2380.060518965742,5036.0426,2687.8835,-837.4547
2288,76213,21.170694444444443,13.88393712172451,-4.183,11.164999999999997,-7.114,2381.3690814030974,5036.4103,2689.2048999999997,-840.0136
2289,76214,21.170972222222225,13.963035844686498,-4.229000000000001,11.284999999999998,-7.052,2382.677498288114,5036.7768,2690.5258,-842.5723
2290,76215,21.17125,14.287499606299203,-4.216,11.566999999999997,-7.25,2383.9858645575837,5037.1422999999995,2691.846,-845.1309000000001
2291,76216,21.17152777777778,14.40556205081912,-4.344,11.480999999999998,-7.539,2385.294022343493,5037.5066,2693.1656000000003,-847.6892
2292,76217,21.171805555555558,14.531368586612892,-4.492,11.439999999999998,-7.753,2386.60208748929,5037.8698,2694.4846,-850.2474
2293,76218,21.172083333333337,14.444557833315631,-4.339,11.388999999999998,-7.752999999999998,2387.910044462757,5038.231900000001,2695.8030000000003,-852.8054
2294,76219,21.172361111111112,14.424267953695258,-4.207,11.456,-7.689,2389.217892473675,5038.592900000001,2697.1208,-855.3632
2295,76220,21.17263888888889,14.705355011015543,-4.312,11.808999999999997,-7.629,2390.525692091516,5038.9528,2698.4381000000003,-857.9209000000001
2296,76221,21.17291666666667,15.094784463515865,-4.574,12.080999999999998,-7.809,2391.83327917462,5039.3115,2699.7547999999997,-860.4783
2297,76222,21.173194444444444,15.53290407489855,-4.873,12.361999999999998,-8.044,2393.1407231386265,5039.6691,2701.0708000000004,-863.0355999999999
2298,76223,21.173472222222223,15.580661635501874,-4.916,12.404999999999998,-8.044,2394.4480144624467,5040.025500000001,2702.3863,-865.5926999999999
2299,76224,21.173750000000002,15.51847018877827,-4.864,12.384999999999996,-7.986,2395.7552801323254,5040.3809,2703.7012,-868.1496000000001
2300,76225,21.17402777777778,15.35349009183254,-4.7,12.396999999999998,-7.743,2397.062344982931,5040.7351,2705.0155000000004,-870.7063
2301,76226,21.174305555555556,15.401863848249015,-4.58,12.498999999999999,-7.747,2398.369295147829,5041.0882,2706.3291999999997,-873.2628000000001
2302,76227,21.174583333333334,15.573712274213877,-4.575000000000001,12.566999999999998,-7.9799999999999995,2399.6761302570494,5041.440199999999,2707.6423000000004,-875.8190999999999
2303,76228,21.174861111111113,15.789948289972326,-4.879,12.414999999999997,-8.449000000000002,2400.982849248077,5041.7911,2708.9548,-878.3752000000001
2304,76229,21.17513888888889,15.711272068168126,-5.061,12.081999999999997,-8.675,2402.289451346262,5042.1409,2710.2667,-880.9311
2305,76230,21.17541666666667,15.222345482874838,-4.936000000000001,11.404999999999998,-8.791,2403.595935899335,5042.489599999999,2711.578,-883.4868
2306,76231,21.175694444444446,14.73433968659607,-4.529,10.801999999999998,-8.939,2404.902301865071,5042.8372,2712.8887,-886.0423000000001
2307,76232,21.17597222222222,14.365502079635085,-4.181,10.316999999999998,-9.08,2406.2085487439163,5043.1837,2714.1987999999997,-888.5975999999998
2308,76233,21.176250000000003,14.16585182754641,-4.103,9.917999999999997,-9.245,2407.514675617781,5043.5291,2715.5083,-891.1527
2309,76234,21.176527777777782,14.298990803549739,-4.089,9.838999999999999,-9.536,2408.8205478672994,5043.8733,2716.8171,-893.7076000000001
2310,76235,21.176805555555557,14.372198544412054,-4.015,9.720999999999998,-9.794999999999998,2410.1264324156923,5044.2165,2718.1254,-896.2623
2311,76236,21.177083333333336,14.246813292803411,-3.942,9.390999999999998,-9.962,2411.432194377403,5044.5586,2719.4331,-898.8168
2312,76237,21.177361111111114,13.894867001882385,-3.692,9.062999999999999,-9.864,2412.7378333957517,5044.8996,2720.7402,-901.3711
2313,76238,21.17763888888889,13.468111486025052,-3.1770000000000005,8.956999999999997,-9.543,2414.0433484243035,5045.2395,2722.0467,-903.9252
2314,76239,21.17791666666667,13.254097705992661,-2.793,8.743999999999996,-9.561,2415.3486518455175,5045.5782,2723.3525999999997,-906.4790999999999
2315,76240,21.178194444444443,13.482150088172137,-2.711,8.980999999999998,-9.683,2416.6538298930927,5045.915800000001,2724.6579,-909.0328
2316,76241,21.178472222222222,13.751739889919383,-3.1510000000000007,9.281999999999998,-9.645,2417.958968374146,5046.2524,2725.9626000000003,-911.5862999999999
2317,76242,21.17875,13.703929071620298,-3.4300000000000006,9.265999999999998,-9.496,2419.263893139771,5046.587799999999,2727.2667,-914.1396000000001
2318,76243,21.17902777777778,13.465067582452008,-3.3200000000000003,9.346999999999998,-9.106,2420.568690119709,5046.9221,2728.5702,-916.6927
2319,76244,21.179305555555555,13.121632749014122,-3.321,9.197999999999997,-8.748999999999999,2421.87344535177,5047.2554,2729.8731,-919.2455999999999
2320,76245,21.179583333333333,12.928892798689297,-3.6130000000000004,8.999999999999996,-8.55,2423.1779844881794,5047.5875,2731.1754,-921.7983
2321,76246,21.179861111111112,12.871424707467312,-3.809,9.086999999999998,-8.282,2424.4824093838006,5047.9185,2732.4771,-924.3509
2322,76247,21.18013888888889,12.85931246218086,-3.9470000000000005,9.207999999999997,-8.062000000000001,2425.78673459828,5048.2484,2733.7783000000004,-926.9032000000001
2323,76248,21.180416666666666,13.043012612123011,-4.331,9.463999999999997,-7.861,2427.090881054517,5048.577200000001,2735.0788000000002,-929.4553
2324,76249,21.18069444444445,13.253623693164068,-4.7540000000000004,9.819999999999997,-7.525,2428.394942296819,5048.9048999999995,2736.3788,-932.0072
2325,76250,21.180972222222223,13.155269552540533,-4.796,9.825999999999999,-7.315,2429.698823388837,5049.2315,2737.6781,-934.5589
2326,76251,21.18125,12.924845685732576,-4.5200000000000005,9.739999999999998,-7.194,2431.002617383948,5049.557,2738.9769,-937.1103999999999
2327,76252,21.18152777777778,13.057318139648737,-4.506,9.963999999999999,-7.135,2432.3062769849757,5049.8814,2740.2751,-939.6616999999999
2328,76253,21.181805555555556,13.342776734997853,-4.829000000000001,10.118999999999998,-7.233,2433.609887833844,5050.2048,2741.5726999999997,-942.2127999999999
2329,76254,21.182083333333335,13.440017485107672,-4.909000000000001,10.289999999999997,-7.117,2434.913275726421,5050.527,2742.8697,-944.7637000000001
2330,76255,21.182361111111113,13.51176158019375,-4.734,10.683999999999997,-6.7829999999999995,2436.216526848119,5050.8481,2744.1661,-947.3144
2331,76256,21.182638888888892,13.406976467496314,-4.548,10.816999999999998,-6.484999999999999,2437.51962398386,5051.168100000001,2745.4619,-949.8648000000001
2332,76257,21.182916666666667,13.287908112265074,-4.593000000000001,10.761999999999997,-6.297,2438.822582558622,5051.486999999999,2746.7571,-952.415
2333,76258,21.183194444444446,12.91739544180637,-4.3100000000000005,10.628999999999998,-5.942,2440.1254182865387,5051.8048,2748.0517,-954.9651
2334,76259,21.183472222222225,12.342701203545353,-3.957,10.429999999999996,-5.282,2441.428200870737,5052.1216,2749.3457000000003,-957.515
2335,76260,21.18375,11.78474463024125,-3.6990000000000003,10.448999999999998,-4.002,2442.73087330665,5052.4373,2750.6392,-960.0646
2336,76261,21.18402777777778,11.479744988456842,-3.476,10.659999999999998,-2.4629999999999996,2444.0333735532654,5052.7519,2751.932,-962.6141000000001
2337,76262,21.184305555555557,11.423212026396076,-3.397,10.849999999999998,-1.108,2445.3357151618698,5053.0653999999995,2753.2242,-965.1632999999999
2338,76263,21.184583333333332,11.528273287877937,-3.2760000000000007,11.052999999999999,-0.010000000000000009,2446.637913667091,5053.3778,2754.5158,-967.7122999999999
2339,76264,21.18486111111111,11.394644136610847,-3.0130000000000003,10.960999999999999,0.7849999999999999,2447.9399684870523,5053.6891,2755.8068,-970.2611
2340,76265,21.18513888888889,11.215336820622017,-2.9280000000000004,10.719999999999999,1.5139999999999998,2449.241965514222,5053.9994,2757.0971999999997,-972.8097
2341,76266,21.185416666666665,11.432969299355262,-2.9050000000000002,10.800999999999998,2.369,2450.5438644040164,5054.308599999999,2758.3871,-975.3581000000001
2342,76267,21.185694444444444,11.963615632408121,-2.787,11.108999999999998,3.457,2451.8455699866417,5054.6167,2759.6763,-977.9063
2343,76268,21.185972222222222,12.499085846572939,-2.9210000000000003,11.325,4.409000000000001,2453.147159461017,5054.9237,2760.965,-980.4541999999999
2344,76269,21.18625,13.277195110413942,-3.165,11.860999999999997,5.058,2454.4485542507396,5055.229600000001,2762.2529999999997,-983.0019
2345,76270,21.18652777777778,13.548144559311433,-3.592,12.126,4.859,2455.7498175912942,5055.5344,2763.5404000000003,-985.5495000000001
2346,76271,21.186805555555555,13.547353837558092,-4.058,12.193999999999997,4.286,2457.050962431794,5055.838099999999,2764.8273,-988.0967999999999
2347,76272,21.187083333333334,13.389699660559979,-4.2509999999999994,12.12,3.7840000000000003,2458.3520439127224,5056.140799999999,2766.1135999999997,-990.6439
2348,76273,21.187361111111112,13.218817420631845,-4.2780000000000005,12.014999999999997,3.475,2459.652974887738,5056.4424,2767.3993,-993.1908000000001
2349,76274,21.187638888888888,13.484001705725195,-4.426,12.274999999999999,3.3989999999999996,2460.953802166366,5056.7429,2768.6845000000003,-995.7375
2350,76275,21.187916666666666,13.69301581098919,-4.299,12.583999999999998,3.2649999999999997,2462.2544604143113,5057.042299999999,2769.9691,-998.2839
2351,76276,21.188194444444445,13.979989449209176,-4.42,12.887999999999996,3.131,2463.554935863249,5057.3406,2771.253,-1000.8302
2352,76277,21.18847222222222,14.184147700866625,-4.651000000000001,13.093999999999998,2.8470000000000004,2464.8553441729937,5057.6379,2772.5363,-1003.3762999999999
2353,76278,21.188750000000002,14.264501568579252,-4.726000000000001,13.176999999999998,2.7399999999999998,2466.1556458361156,5057.9341,2773.8190999999997,-1005.9222
2354,76279,21.189027777777778,14.087322172790682,-4.623,13.026,2.721,2467.4557753468553,5058.2292,2775.1013,-1008.4678
2355,76280,21.189305555555556,14.232890535657187,-4.512,13.201999999999998,2.815,2468.7557494776593,5058.5232,2776.3828999999996,-1011.0132
2356,76281,21.189583333333335,14.39830368480954,-4.328,13.373999999999999,3.117,2470.0556060647928,5058.8162,2777.6638,-1013.5584000000001
2357,76282,21.18986111111111,14.50166945561786,-4.131,13.469999999999999,3.434,2471.3552666680366,5059.108,2778.9442,-1016.1034
2358,76283,21.19013888888889,14.868989272980187,-4.196000000000001,13.734999999999996,3.851,2472.654751968307,5059.3987,2780.2239999999997,-1018.6481
2359,76284,21.190416666666668,15.027027184376822,-4.089,13.754999999999999,4.46,2473.954165271202,5059.6884,2781.5032,-1021.1926
2360,76285,21.190694444444446,15.250025245880739,-3.9830000000000005,13.765999999999996,5.215000000000001,2475.2533892396605,5059.977000000001,2782.7817000000005,-1023.7369999999999
2361,76286,21.19097222222222,15.215019257299675,-3.7690000000000006,13.640999999999996,5.587000000000001,2476.552569654107,5060.2646,2784.0597,-1026.2811
2362,76287,21.191250000000004,14.917805569184763,-3.599,13.358999999999998,5.579,2477.8515505461164,5060.551,2785.3372,-1028.825
2363,76288,21.191527777777775,14.84829693937995,-3.399,13.254999999999999,5.764,2479.150391170843,5060.8364,2786.614,-1031.3686000000002
2364,76289,21.191805555555554,14.765316217406246,-3.185,13.252999999999997,5.6770000000000005,2480.449173333023,5061.120800000001,2787.8902000000003,-1033.9121
2365,76290,21.192083333333333,14.748799578270765,-3.088,13.166999999999996,5.884,2481.7477751030583,5061.404100000001,2789.1657999999998,-1036.4553
2366,76291,21.19236111111111,14.60798880749845,-2.871,12.87,6.286,2483.046174491671,5061.6862,2790.4409000000005,-1038.9983
2367,76292,21.19263888888889,14.61365614759017,-2.7030000000000003,12.640999999999998,6.816,2484.344582029582,5061.9674,2791.7154,-1041.5411
2368,76293,21.19291666666667,14.55750301391004,-2.3500000000000005,12.286999999999997,7.445,2485.642824244858,5062.2474999999995,2792.9893,-1044.0837
2369,76294,21.193194444444448,14.80524008586149,-2.446,12.322999999999997,7.833,2486.94083537724,5062.5265,2794.2625,-1046.626
2370,76295,21.19347222222222,15.078274005999491,-2.697,12.526999999999997,7.947,2488.2387277871467,5062.8044,2795.5352000000003,-1049.1681
2371,76296,21.19375,15.346749395230248,-2.742,12.722999999999999,8.132,2489.536453028886,5063.0812000000005,2796.8073,-1051.71
2372,76297,21.194027777777777,15.986208837620007,-2.962,13.145,8.602,2490.834078508966,5063.357,2798.0788000000002,-1054.2516
2373,76298,21.194305555555555,16.477131121648572,-3.495,13.546999999999997,8.704,2492.1315531727096,5063.6317,2799.3496999999998,-1056.7931
2374,76299,21.194583333333334,16.779975536334966,-3.6590000000000003,13.702999999999998,8.967,2493.42888810939,5063.9053,2800.6201,-1059.3343
2375,76300,21.194861111111113,16.882372433991613,-3.397,13.678999999999998,9.293,2494.7261390100416,5064.177900000001,2801.8899,-1061.8753000000002
2376,76301,21.195138888888888,17.04749741164374,-3.396,14.063999999999998,9.016,2496.023257611043,5064.4495,2803.1589999999997,-1064.4161
2377,76302,21.195416666666667,17.19353486052243,-3.6740000000000004,14.498,8.481,2497.3201864692487,5064.719999999999,2804.4275,-1066.9566
2378,76303,21.195694444444445,17.5473442719974,-4.1610000000000005,15.098999999999998,7.912999999999999,2498.6169906325927,5064.9894,2805.6955,-1069.4969
2379,76304,21.19597222222222,17.527622628297312,-4.303,15.438999999999998,7.094999999999999,2499.9137076903266,5065.2578,2806.9629,-1072.0369999999998
2380,76305,21.19625,17.3122787061669,-4.463,15.496999999999996,6.296,2501.210280829871,5065.5251,2808.2298,-1074.5768
2381,76306,21.196527777777778,17.105368134009858,-4.701,15.356999999999996,5.887,2502.506717956986,5065.7914,2809.496,-1077.1163999999999
2382,76307,21.196805555555557,16.793406741932976,-4.649,15.277999999999997,5.195,2503.8029798159523,5066.0566,2810.7616,-1079.6558
2383,76308,21.19708333333333,16.7142016261621,-4.316,15.537999999999997,4.394,2505.0990953591877,5066.3207,2812.0267,-1082.1949
2384,76309,21.19736111111111,16.881644617749775,-4.36,15.91,3.5849999999999995,2506.3950725050863,5066.583799999999,2813.2911,-1084.7338
2385,76310,21.19763888888889,16.94906159644244,-4.470000000000001,16.13,2.6670000000000003,2507.690872469136,5066.8458,2814.5549,-1087.2724999999998
2386,76311,21.197916666666668,17.002584274162558,-4.696,16.24,1.8159999999999996,2508.986542384462,5067.106699999999,2815.8182,-1089.811
2387,76312,21.198194444444447,16.94457954627379,-4.862,16.204,0.954,2510.2820335418983,5067.3665,2817.0809,-1092.3493
2388,76313,21.19847222222222,16.631041037770302,-4.666,15.962999999999997,-0.051000000000000066,2511.5774313553165,5067.6253,2818.343,-1094.8873999999998
2389,76314,21.19875,16.347147335238645,-4.539000000000001,15.678999999999998,-0.8920000000000001,2512.872696915292,5067.883,2819.6045999999997,-1097.4253
2390,76315,21.19902777777778,16.270550482389954,-4.572,15.501999999999999,-1.875,2514.1678012722937,5068.1397,2820.8655,-1099.9629
2391,76316,21.199305555555554,16.60298316568441,-4.640000000000001,15.660999999999996,-2.977,2515.4627533121543,5068.3953,2822.1259,-1102.5002
2392,76317,21.199583333333333,16.685512218688398,-4.622,15.574999999999998,-3.803,2516.757608983423,5068.649899999999,2823.3857,-1105.0373
2393,76318,21.19986111111111,16.42303562073711,-4.583,15.062999999999997,-4.671,2518.0523198586566,5068.9035,2824.6448,-1107.5742
2394,76319,21.20013888888889,16.138929394479675,-4.723000000000001,14.547,-5.152,2519.346895014103,5069.156,2825.9034,-1110.1109000000001
2395,76320,21.200416666666666,16.299516158463106,-5.023000000000001,14.442999999999994,-5.643,2520.6413150829458,5069.4074,2827.1615,-1112.6473
2396,76321,21.200694444444444,16.125488798793043,-4.878,14.155999999999997,-5.987,2521.935588420968,5069.6578,2828.4189,-1115.1834999999999
2397,76322,21.200972222222223,16.09633455169219,-4.875,14.039999999999997,-6.181,2523.22976185675,5069.9072,2829.6757000000002,-1117.7195
2398,76323,21.201249999999998,16.17012448931671,-5.149,13.991,-6.2620000000000005,2524.5237300497233,5070.155499999999,2830.9319,-1120.2552
2399,76324,21.201527777777777,16.25576740729271,-5.202,14.092999999999998,-6.211,2525.817597092562,5070.4028,2832.1875,-1122.7907
2400,76325,21.201805555555556,16.469908348257434,-5.1579999999999995,14.438999999999998,-6.014,2527.111324236,5070.648999999999,2833.4426000000003,-1125.326
2401,76326,21.202083333333334,16.446834680265987,-5.037000000000001,14.538999999999998,-5.808999999999999,2528.4049007004396,5070.8942,2834.697,-1127.8610999999999
2402,76327,21.20236111111111,16.611543486383198,-5.064,14.8,-5.590999999999999,2529.698336114897,5071.1383000000005,2835.9509000000003,-1130.396
2403,76328,21.202638888888888,16.723792781543306,-5.002,15.079999999999998,-5.221,2530.9915625911085,5071.381299999999,2837.2042,-1132.9306000000001
