,index,time,mod_B,Bx,By,Bz,r_sat,posX,posY,posZ
972,59536,16.537916666666668,8.273249482518946,-2.8899999999999997,-1.9260000000000002,7.509,1235.0133556166556,3583.8947999999996,-1785.2791000000002,2313.9824
973,59537,16.538194444444446,8.722761775951467,-3.278,-3.035,7.492,1236.316303346465,3586.9053999999996,-1784.7644,2312.3184
974,59538,16.53847222222222,8.964249048302932,-3.678,-4.506,6.821000000000001,1237.6193995714625,3589.9144,-1784.2488999999998,2310.6533000000004
975,59539,16.53875,9.669771765662311,-4.286,-6.181,6.077,1238.922819966825,3592.9219000000003,-1783.7326,2308.9873
976,59540,16.53902777777778,10.58184369568933,-4.994000000000001,-7.356,5.738,1240.2264627288066,3595.9279,-1783.2154999999998,2307.3202
977,59541,16.539305555555554,11.093361032617661,-5.439,-8.312999999999999,4.937,1241.5303865274723,3598.9322999999995,-1782.6977,2305.6521999999995
978,59542,16.539583333333333,10.79669250279918,-5.1979999999999995,-8.674000000000001,3.783,1242.8344514752107,3601.9351,-1782.1791,2303.9831
979,59543,16.53986111111111,10.74273224091525,-5.178,-8.806000000000001,3.3240000000000003,1244.1387550458312,3604.9363,-1781.6597000000002,2302.3131
980,59544,16.54013888888889,11.201045844027243,-5.622,-9.139999999999999,3.2120000000000006,1245.4433121337304,3607.936,-1781.1396,2300.6420000000003
981,59545,16.54041666666667,11.314148443431348,-6.055,-9.019,3.1630000000000003,1246.7481817573946,3610.9341999999997,-1780.6187000000002,2298.9700000000003
982,59546,16.540694444444448,11.211001605565846,-6.629,-8.504,3.07,1248.053235070407,3613.9308000000005,-1780.0970000000002,2297.297
983,59547,16.540972222222226,10.961522020230584,-7.186,-7.659999999999999,3.137,1249.3585472768304,3616.9258999999997,-1779.5745,2295.623
984,59548,16.54125,10.65661494096507,-7.603999999999999,-6.499,3.675,1250.6640774006412,3619.9194,-1779.0512999999999,2293.9480000000003
985,59549,16.54152777777778,10.426057452364244,-7.989,-5.093,4.352,1251.969785084157,3622.9112999999998,-1778.5273000000002,2292.272
986,59550,16.54180555555556,10.133529888444599,-7.906000000000001,-3.6340000000000003,5.194000000000001,1253.2758344091053,3625.9017,-1778.0026000000003,2290.5951
987,59551,16.542083333333334,10.126405137066165,-7.683,-2.2139999999999995,6.214,1254.5820079562932,3628.8905,-1777.4771,2288.9171
988,59552,16.542361111111113,10.44195063194612,-7.544,-1.3139999999999998,7.098999999999999,1255.8885192934783,3631.8778000000007,-1776.9508999999998,2287.2382000000002
989,59553,16.542638888888888,9.517539282818852,-6.867999999999999,-0.9709999999999999,6.517,1257.1951513920321,3634.8634999999995,-1776.4239000000002,2285.5582000000004
990,59554,16.542916666666667,7.925097728104052,-5.959,-0.8069999999999998,5.162000000000001,1258.502000882451,3637.8476,-1775.8961,2283.8773
991,59555,16.543194444444445,6.37244450740844,-5.196,-1.0279999999999998,3.543,1259.809133118112,3640.8301999999994,-1775.3676,2282.1954
992,59556,16.543472222222224,5.155908261402641,-4.197,-1.4249999999999996,2.634,1261.1165171255802,3643.8112,-1774.8384,2280.5126
993,59557,16.54375,3.937073659458253,-3.167,-1.7759999999999998,1.522,1262.424093296235,3646.7907,-1774.3084,2278.8287
994,59558,16.544027777777778,2.9761547338806156,-2.2969999999999997,-1.8019999999999996,0.5780000000000001,1263.7319575413117,3649.7686999999996,-1773.7776000000001,2277.1439
995,59559,16.544305555555557,2.7194606082824584,-1.7129999999999999,-2.0759999999999996,-0.38899999999999996,1265.04001868576,3652.7451,-1773.2460999999998,2275.4581000000003
996,59560,16.544583333333335,3.240843871586535,-1.219,-2.722,-1.2679999999999998,1266.3482369419348,3655.7199,-1772.7138,2273.7713
997,59561,16.544861111111114,3.5268546893797588,-0.6280000000000001,-3.0119999999999996,-1.7239999999999998,1267.6568544424542,3658.6933000000004,-1772.1808,2272.0836
998,59562,16.545138888888893,3.433443897896105,-0.26799999999999996,-2.928,-1.7730000000000001,1268.9655465561414,3661.6649999999995,-1771.6470000000002,2270.3949000000002
999,59563,16.54541666666667,2.7059397628180863,-0.315,-2.479,-1.038,1270.2745555865326,3664.6352000000006,-1771.1125,2268.7053
1000,59564,16.545694444444443,1.7025137297537423,-0.11000000000000001,-1.6979999999999997,0.05699999999999992,1271.5837929234285,3667.6038999999996,-1770.5772000000002,2267.0146999999997
1001,59565,16.545972222222225,1.1688772390631958,0.050999999999999976,-0.6079999999999999,0.9969999999999999,1272.8932160754941,3670.571000000001,-1770.0412000000001,2265.3231
1002,59566,16.54625,1.467677757547616,-0.134,0.7910000000000001,1.2289999999999996,1274.2028639530604,3673.5366000000004,-1769.5044000000003,2263.6305
1003,59567,16.54652777777778,2.4937732455056936,-0.327,1.7700000000000002,1.7259999999999998,1275.5127911927204,3676.5006000000003,-1768.9669,2261.9371
1004,59568,16.546805555555558,3.3982280676846868,-0.31100000000000005,2.432,2.3529999999999998,1276.8228606794005,3679.4629999999997,-1768.4286,2260.2427
1005,59569,16.547083333333337,4.429838033156517,-0.376,2.992,3.245,1278.1331873457998,3682.4239000000002,-1767.8896,2258.5472999999997
1006,59570,16.547361111111112,5.733105790058299,-0.48200000000000004,3.843,4.226999999999999,1279.44370096694,3685.3831999999993,-1767.3498,2256.851
1007,59571,16.54763888888889,6.589584053641019,-0.724,4.519,4.741,1280.7543893895963,3688.3409,-1766.8093000000001,2255.1537
1008,59572,16.54791666666667,7.216448226101258,-0.9960000000000001,4.985,5.122,1282.065291742673,3691.2971000000007,-1766.268,2253.4554
1009,59573,16.548194444444444,7.766430196686248,-1.097,5.398000000000001,5.475,1283.376492267985,3694.2517999999995,-1765.7259999999999,2251.7562
1010,59574,16.548472222222223,8.102711336336744,-0.827,5.619,5.779,1284.6879101341608,3697.2048999999997,-1765.1833000000001,2250.0561000000002
1011,59575,16.548750000000002,7.776908125984259,-0.5900000000000001,5.194000000000001,5.758,1285.999536899535,3700.1564999999996,-1764.6398000000002,2248.355
1012,59576,16.54902777777778,6.692733148721828,-0.44000000000000006,3.9210000000000003,5.406,1287.3113396175395,3703.1065000000003,-1764.0955000000001,2246.653
1013,59577,16.549305555555556,5.352880906577317,-0.4950000000000001,2.5780000000000003,4.665,1288.6233056408114,3706.0549,-1763.5505,2244.95
1014,59578,16.549583333333338,3.578333131501314,-0.6620000000000001,1.268,3.28,1289.9355607050386,3709.0018000000005,-1763.0048,2243.2461
1015,59579,16.549861111111113,2.498847334272344,-0.5050000000000001,0.21300000000000024,2.4379999999999997,1291.247986021296,3711.9471000000003,-1762.4583000000002,2241.5413
1016,59580,16.55013888888889,2.6437649290358625,-0.8230000000000001,-2.008,1.5099999999999996,1292.560686318821,3714.8909,-1761.9112,2239.8355
1017,59581,16.55041666666667,4.881154371662506,-1.248,-4.609999999999999,1.0079999999999996,1293.8735056030814,3717.8331,-1761.3633000000002,2238.1287
1018,59582,16.550694444444446,7.143162884885099,-1.7700000000000002,-6.8740000000000006,0.7999999999999997,1295.1866543601777,3720.7738,-1760.8147000000001,2236.4211
1019,59583,16.55097222222222,8.665830139115352,-2.3360000000000003,-8.32,0.6459999999999997,1296.4999182169686,3723.7129,-1760.2653000000003,2234.7125
1020,59584,16.551250000000003,9.000000333333327,-2.761,-8.566,0.022999999999999667,1297.8133750108693,3726.6505000000006,-1759.7151000000001,2233.0029
1021,59585,16.55152777777778,7.528612953260382,-1.996,-7.259,-0.05400000000000034,1299.127028938928,3729.5865000000003,-1759.1642,2231.2924
1022,59586,16.551805555555553,6.3240003953194055,-0.929,-6.252,0.20599999999999968,1300.4408775192132,3732.5208999999995,-1758.6126,2229.5809999999997
1023,59587,16.552083333333336,4.088620427479176,-0.29600000000000004,-4.065,0.32399999999999973,1301.7549510912545,3735.4538000000002,-1758.0602999999999,2227.8686000000002
1024,59588,16.55236111111111,3.020590339652168,0.489,-1.8690000000000004,2.322,1303.0692581264,3738.3851999999997,-1757.5072,2226.1553
1025,59589,16.55263888888889,3.115223426979195,0.7709999999999999,-1.076,2.82,1304.3838341104752,3741.3151,-1756.9533999999999,2224.4411
1026,59590,16.55291666666667,3.29147322638359,1.864,0.696,2.622,1305.69855029467,3744.2433999999994,-1756.3989000000001,2222.7259
1027,59591,16.553194444444443,3.2030405866925884,2.41,1.3599999999999999,1.6130000000000002,1307.0134621644397,3747.1701000000003,-1755.8435999999997,2221.0099
1028,59592,16.553472222222222,2.741541537164812,2.1109999999999998,1.6520000000000004,0.5749999999999998,1308.32859034887,3750.0953,-1755.2876,2219.2929
1029,59593,16.55375,2.9361413453715066,1.873,2.2510000000000003,-0.2140000000000001,1309.6439004967756,3753.0189,-1754.7309,2217.575
1030,59594,16.55402777777778,2.612435070963487,1.598,1.9420000000000002,-0.7070000000000001,1310.9593910613487,3755.9409,-1754.1735,2215.8562
1031,59595,16.554305555555555,1.7467610025415614,0.7100000000000002,0.7570000000000003,-1.405,1312.2751400025343,3758.8614000000002,-1753.6154,2214.1365
1032,59596,16.554583333333333,2.144218505656548,-0.12999999999999995,0.23800000000000043,-2.127,1313.5911449659684,3761.7804000000006,-1753.0566,2212.4159000000004
1033,59597,16.554861111111112,2.6839778315030847,-0.25899999999999995,-1.1399999999999995,-2.4160000000000004,1314.9072874163217,3764.6977999999995,-1752.4969999999998,2210.6944
1034,59598,16.55513888888889,4.587058861623643,-0.586,-2.2519999999999993,-3.9530000000000003,1316.2235560043453,3767.6135999999997,-1751.9367000000002,2208.9719
1035,59599,16.555416666666666,5.5759088945211435,-0.8099999999999999,-2.313999999999999,-5.008,1317.5400756341387,3770.5279,-1751.3757,2207.2485
1036,59600,16.55569444444445,5.840981167577927,-1.25,-2.519999999999999,-5.119000000000001,1318.8567739550494,3773.4406000000004,-1750.8138999999999,2205.5243
1037,59601,16.555972222222223,5.152567515326704,-1.5799999999999998,-2.1539999999999995,-4.406000000000001,1320.1737904317276,3776.3519,-1750.2514999999999,2203.7991
1038,59602,16.55625,4.0668943925309895,-1.645,-1.0569999999999995,-3.5660000000000003,1321.4908551757012,3779.2614999999996,-1749.6883000000003,2202.073
1039,59603,16.556527777777777,3.3834848898731615,-1.052,-0.6709999999999994,-3.1450000000000005,1322.8081637501186,3782.1696,-1749.1244,2200.346
1040,59604,16.556805555555556,2.586517929572498,-0.859,-0.11499999999999941,-2.4370000000000003,1324.1257147278845,3785.0761999999995,-1748.5597999999998,2198.6181
1041,59605,16.557083333333335,1.1870189551982737,-0.621,0.2430000000000006,-0.9820000000000005,1325.443425946034,3787.9811999999997,-1747.9945,2196.8893
1042,59606,16.557361111111113,0.39191963461913987,-0.36599999999999994,0.018000000000000592,-0.13900000000000037,1326.7612580676955,3790.8846,-1747.4284,2195.1596
1043,59607,16.557638888888892,0.829460668145271,-0.46499999999999997,-0.16799999999999943,0.6659999999999997,1328.079327271877,3793.7865000000006,-1746.8615999999997,2193.429
1044,59608,16.557916666666664,2.369745977947847,-0.8480000000000001,-0.9959999999999993,1.9759999999999998,1329.3977152745374,3796.6868999999997,-1746.2941999999998,2191.6976
1045,59609,16.558194444444446,3.751141959457146,-1.003,-1.5839999999999996,3.2489999999999997,1330.7160923506758,3799.5856,-1745.7259999999999,2189.9651999999996
1046,59610,16.55847222222222,3.9355082263921135,-1.403,-1.8899999999999995,3.154,1332.0347814186505,3802.4829,-1745.1571,2188.2319
1047,59611,16.55875,3.1738824804960872,-1.0530000000000002,-0.7639999999999993,2.8949999999999996,1333.3535834831764,3805.3786,-1744.5874,2186.4977
1048,59612,16.55902777777778,2.477749987387751,-0.06700000000000009,-0.18399999999999941,2.4699999999999998,1334.6726504854178,3808.2728,-1744.0171000000003,2184.7626
1049,59613,16.559305555555557,3.085936000632547,0.1539999999999999,0.1380000000000005,3.0789999999999997,1335.991909120215,3811.1654000000003,-1743.4461,2183.0267
1050,59614,16.559583333333332,4.090529794537622,0.4129999999999999,-0.41899999999999943,4.048,1337.3113118993326,3814.0564000000004,-1742.8744,2181.2898999999998
1051,59615,16.55986111111111,4.249491851974774,-0.15400000000000008,-2.031999999999999,3.729,1338.6309009038614,3816.9458999999997,-1742.3019,2179.5522
1052,59616,16.56013888888889,5.059306770694973,-1.6199999999999999,-3.3239999999999994,3.4530000000000003,1339.9507017687508,3819.8339,-1741.7288,2177.8135
1053,59617,16.56041666666667,6.1735217663826205,-2.811,-4.321,3.397,1341.2706873127968,3822.7203,-1741.155,2176.0739999999996
1054,59618,16.560694444444447,6.508099876307983,-3.344,-5.017999999999999,2.4479999999999995,1342.5907728601458,3825.6051000000007,-1740.5804,2174.3336000000004
1055,59619,16.560972222222222,6.894201404078648,-3.3949999999999996,-5.822,1.4519999999999995,1343.911192389898,3828.4884999999995,-1740.0052,2172.5923000000003
1056,59620,16.56125,7.947922558757099,-3.95,-6.757,1.3819999999999997,1345.2316643183663,3831.3702000000003,-1739.4293000000002,2170.8500999999997
1057,59621,16.56152777777778,9.689552414843522,-4.9079999999999995,-8.218999999999998,1.4989999999999994,1346.5523950827023,3834.2504,-1738.8527000000001,2169.1071
1058,59622,16.561805555555555,11.211645240552341,-5.939,-9.361999999999998,1.6679999999999997,1347.873218836726,3837.129,-1738.2753,2167.3632000000002
1059,59623,16.562083333333334,12.036668309794035,-6.5840000000000005,-10.038,0.8779999999999998,1349.1942510950187,3840.0060999999996,-1737.6972,2165.6184
1060,59624,16.562361111111112,12.74766539410256,-7.019,-10.623999999999999,-0.6060000000000004,1350.5154910047324,3842.8816999999995,-1737.1184,2163.8727000000003
1061,59625,16.562638888888888,12.514481291687641,-6.912000000000001,-10.386999999999999,-0.9730000000000002,1351.8369378420289,3845.7557,-1736.539,2162.1261999999997
1062,59626,16.562916666666666,10.876613857262747,-5.922,-9.114,-0.40700000000000036,1353.158471107783,3848.6281000000004,-1735.9587999999999,2160.3788
1063,59627,16.563194444444445,9.768950404214364,-5.256,-8.233999999999998,0.0899999999999996,1354.4802063959717,3851.499,-1735.3779000000002,2158.6305
1064,59628,16.563472222222224,9.282859527106936,-4.586,-8.009,0.9979999999999996,1355.8021788304534,3854.3683999999994,-1734.7964,2156.8813
1065,59629,16.563750000000002,9.014021189236244,-3.999,-7.783999999999999,2.160999999999999,1357.1242781859942,3857.2362000000003,-1734.2141,2155.1313
1066,59630,16.564027777777778,8.7142528079004,-3.3630000000000004,-7.331999999999999,3.2969999999999997,1358.44661963846,3860.1025,-1733.6311,2153.3804999999998
1067,59631,16.564305555555556,8.031148361224563,-2.808,-6.647999999999999,3.5239999999999996,1359.7690755552726,3862.9672,-1733.0474,2151.6288
1068,59632,16.564583333333335,7.614831449218031,-1.9629999999999999,-6.305,3.7919999999999994,1361.0917617016253,3865.8304,-1732.4631000000002,2149.8761999999997
1069,59633,16.564861111111114,7.749565471689364,-1.31,-6.249,4.391999999999999,1362.4146396541764,3868.6921,-1731.8781,2148.1227
1070,59634,16.56513888888889,7.565858973044633,-0.873,-5.5729999999999995,5.042,1363.7376719114727,3871.5522000000005,-1731.2923999999998,2146.3684
1071,59635,16.56541666666667,7.3051441464217515,-0.5409999999999999,-4.752999999999999,5.520999999999999,1365.060774714673,3874.4107000000004,-1730.7059000000002,2144.6132000000002
1072,59636,16.565694444444446,7.265390698372661,-0.627,-4.432999999999999,5.7219999999999995,1366.384146159482,3877.2676999999994,-1730.1187999999997,2142.8572
1073,59637,16.56597222222222,7.246163536658553,-0.542,-4.311,5.7989999999999995,1367.7077030437088,3880.1231999999995,-1729.5310000000002,2141.1003
1074,59638,16.56625,6.786638269423235,-0.8969999999999999,-3.3649999999999993,5.825,1369.03140681496,3882.9771,-1728.9424999999999,2139.3426
1075,59639,16.566527777777775,6.161835440840658,-1.09,-1.9399999999999995,5.7459999999999996,1370.3552111741537,3885.8294,-1728.3533,2137.584
1076,59640,16.566805555555554,5.509575119734731,-0.6249999999999999,-0.5329999999999994,5.447999999999999,1371.6792316970855,3888.6802,-1727.7635000000002,2135.8245
1077,59641,16.567083333333336,6.01041837146134,-0.10599999999999996,0.8220000000000007,5.9529999999999985,1373.0033940935375,3891.5294000000004,-1727.173,2134.0642
1078,59642,16.56736111111111,6.816718418711454,0.8130000000000001,2.2160000000000006,6.394999999999999,1374.3277782299058,3894.3771,-1726.5818,2132.3031
1079,59643,16.567638888888887,7.264135667785948,0.9890000000000001,3.339000000000001,6.374999999999999,1375.652255796143,3897.2232000000004,-1725.9899,2130.5411
1080,59644,16.56791666666667,8.031031876415383,0.8460000000000001,4.154000000000001,6.821,1376.9769515039998,3900.0678,-1725.3973,2128.7783
1081,59645,16.568194444444444,8.500213056153358,0.827,5.003000000000001,6.822,1378.3018553017837,3902.9109,-1724.8040999999998,2127.0145999999995
1082,59646,16.56847222222222,8.180199202953435,1.223,4.9830000000000005,6.3709999999999996,1379.6269739429567,3905.7525,-1724.2102,2125.2500999999997
1083,59647,16.56875,7.551806538835591,1.501,4.710000000000001,5.708999999999999,1380.952223968826,3908.5925,-1723.6155999999999,2123.4847999999997
1084,59648,16.569027777777777,6.33451095192044,1.8980000000000001,3.7390000000000008,4.747999999999999,1382.2775226139183,3911.4309000000003,-1723.0201999999997,2121.7186
1085,59649,16.569305555555555,4.87846154028091,1.861,2.395000000000001,3.820999999999999,1383.603067281752,3914.2678,-1722.4242,2119.9516
1086,59650,16.569583333333334,3.6495551783744817,1.552,0.7450000000000008,3.217999999999999,1384.928775529252,3917.1032,-1721.8275,2118.1837
1087,59651,16.569861111111113,3.3274544324453177,1.52,-0.9829999999999991,2.791999999999999,1386.2546900631307,3919.9371,-1721.2301,2116.415
1088,59652,16.570138888888888,3.594693171885466,1.067,-2.5669999999999993,2.2789999999999995,1387.5806829921937,3922.7694,-1720.632,2114.6454000000003
1089,59653,16.570416666666667,5.1481800667808795,1.0739999999999998,-4.328999999999999,2.5709999999999993,1388.9068789517473,3925.6002,-1720.0331999999999,2112.875
1090,59654,16.570694444444445,6.598497480487508,1.172,-6.028999999999999,2.411999999999999,1390.233185688197,3928.4294,-1719.4338,2111.1037
1091,59655,16.57097222222222,8.157565935988504,1.2349999999999999,-7.616,2.648999999999999,1391.559736089342,3931.2571000000003,-1718.8337,2109.3317
1092,59656,16.57125,9.000438933740954,1.1969999999999998,-8.294,3.283999999999999,1392.8863581173919,3934.0832,-1718.2329000000002,2107.5588000000002
1093,59657,16.571527777777778,8.945512170915649,1.3459999999999999,-8.026,3.7139999999999995,1394.2131297160151,3936.9076999999997,-1717.6315,2105.7851
1094,59658,16.571805555555557,8.42936640560843,0.993,-7.6129999999999995,3.479999999999999,1395.5400878351052,3939.7307,-1717.0294999999999,2104.0105
1095,59659,16.57208333333333,7.756351268476692,0.716,-7.151999999999999,2.914999999999999,1396.8672389282356,3942.5521999999996,-1716.4268,2102.2351000000003
1096,59660,16.57236111111111,6.810621704367377,0.718,-6.388,2.249999999999999,1398.1944631531628,3945.3721000000005,-1715.8233,2100.4589
1097,59661,16.57263888888889,6.035112675004502,0.5900000000000001,-5.912999999999999,1.0539999999999992,1399.5218299758988,3948.1904000000004,-1715.2192,2098.6819
1098,59662,16.572916666666664,5.420322222894132,0.33,-5.406999999999999,0.1879999999999992,1400.8494205228963,3951.0072,-1714.6145000000001,2096.9041
1099,59663,16.573194444444447,4.357418731313299,0.312,-4.122999999999999,-1.3750000000000009,1402.177197287167,3953.8224999999998,-1714.0091,2095.1255
1100,59664,16.57347222222222,3.770710410519482,0.329,-2.7999999999999994,-2.504000000000001,1403.5050756766818,3956.6361999999995,-1713.4029999999998,2093.3461
1101,59665,16.573749999999997,4.006451047997467,0.433,-1.7559999999999991,-3.5750000000000006,1404.8330931771973,3959.4483999999998,-1712.7962,2091.5658
1102,59666,16.57402777777778,5.159791565557663,0.583,-1.225999999999999,-4.978000000000001,1406.1612449069016,3962.2589999999996,-1712.1888,2089.7846999999997
1103,59667,16.574305555555554,6.152675109251261,0.6809999999999999,-1.6249999999999993,-5.895000000000001,1407.489615139544,3965.0682,-1711.5807,2088.0027
1104,59668,16.574583333333333,6.028576697695735,0.7789999999999999,-1.8639999999999994,-5.6800000000000015,1408.8181240630342,3967.8758000000003,-1710.9719,2086.22
1105,59669,16.57486111111111,5.6145060334814865,0.9570000000000001,-2.3099999999999996,-5.027000000000001,1410.146762063776,3970.6818,-1710.3625,2084.4365
1106,59670,16.575138888888887,5.445091918416071,0.8429999999999997,-2.7489999999999997,-4.6240000000000006,1411.4755748079617,3973.4862999999996,-1709.7524,2082.6521999999995
1107,59671,16.575416666666666,5.02965267190489,0.5219999999999999,-2.6689999999999996,-4.231000000000001,1412.8045523313385,3976.2892999999995,-1709.1417000000001,2080.8669999999997
1108,59672,16.575694444444444,4.570836356729478,0.34199999999999997,-2.289999999999999,-3.941000000000001,1414.133625881139,3979.0906999999997,-1708.5302,2079.0811
1109,59673,16.575972222222223,3.360121723985606,0.008999999999999942,-1.8559999999999992,-2.801000000000001,1415.4627786683268,3981.8905,-1707.9181,2077.2943
1110,59674,16.576249999999998,2.220401315077975,-0.04500000000000004,-1.3709999999999993,-1.7460000000000009,1416.7922175733652,3984.6889,-1707.3054,2075.5067
1111,59675,16.576527777777777,0.6965902669432015,-0.085,-0.34699999999999936,-0.598000000000001,1418.1217401218273,3987.4857,-1706.6919999999998,2073.7182999999995
1112,59676,16.576805555555556,1.4735474203431658,-0.6609999999999999,0.7450000000000008,1.085999999999999,1419.4514271943465,3990.2810000000004,-1706.0778999999998,2071.9291000000003
1113,59677,16.577083333333334,3.474306405600979,-0.991,2.0680000000000005,2.6099999999999985,1420.7812728927138,3993.0747,-1705.4631999999997,2070.1392
1114,59678,16.57736111111111,5.213985999214037,-0.849,3.807000000000001,3.4599999999999986,1422.1112796720422,3995.8669,-1704.8478,2068.3485
1115,59679,16.57763888888889,6.929346866768902,-0.778,5.742,3.7999999999999985,1423.4414033484697,3998.6576,-1704.2316999999998,2066.5569
1116,59680,16.577916666666663,8.163603432308554,-0.631,7.0760000000000005,4.021999999999999,1424.7716729724948,4001.4466999999995,-1703.6150999999998,2064.7645
1117,59681,16.578194444444442,9.041100209598387,-0.12600000000000003,7.761,4.635999999999998,1426.1021064869014,4004.2343,-1702.9977,2062.9714
1118,59682,16.578472222222224,9.139414095006309,0.13099999999999995,7.623,5.039999999999999,1427.4326873347825,4007.0204,-1702.3797,2061.1774
1119,59683,16.57875,8.484554142675973,0.303,6.939000000000002,4.872999999999999,1428.7634162707545,4009.8049,-1701.7611000000002,2059.3827
1120,59684,16.579027777777778,7.3141138902809,0.15399999999999994,5.889000000000001,4.334999999999999,1430.0942134754928,4012.5878,-1701.1417999999999,2057.5872
1121,59685,16.579305555555557,4.795206043539735,-0.10400000000000005,4.132000000000001,2.4309999999999987,1431.4251961561827,4015.3691999999996,-1700.5219000000002,2055.7909
1122,59686,16.579583333333336,2.268622709927766,0.09199999999999994,2.2290000000000005,0.41199999999999887,1432.7563273286405,4018.1490999999996,-1699.9013,2053.9937999999997
1123,59687,16.57986111111111,1.463679268145861,0.14599999999999996,1.0040000000000007,-1.055000000000001,1434.0875215487372,4020.9273999999996,-1699.28,2052.1959
1124,59688,16.58013888888889,1.8979573230186193,-0.387,-0.3329999999999992,-1.8280000000000012,1435.4188960721115,4023.704199999999,-1698.6580999999999,2050.3972000000003
1125,59689,16.580416666666668,2.752863963220849,-1.026,-1.8399999999999992,-1.772000000000001,1436.7504921384677,4026.4795000000004,-1698.0356,2048.5978000000005
1126,59690,16.580694444444447,3.557197070728581,-1.8189999999999997,-2.750999999999999,-1.3330000000000013,1438.0821464868318,4029.2532000000006,-1697.4124,2046.7976000000003
1127,59691,16.580972222222222,4.0777754965176785,-2.666,-2.935999999999999,-0.9490000000000011,1439.413934145823,4032.0254,-1696.7886000000003,2044.9965
1128,59692,16.58125,4.202443217938821,-3.2640000000000002,-2.591999999999999,-0.537000000000001,1440.7458543664675,4034.796,-1696.1642,2043.1947
1129,59693,16.581527777777776,4.303175687791517,-3.471,-2.525999999999999,-0.29800000000000104,1442.0779951049444,4037.5652,-1695.5391,2041.3920999999998
1130,59694,16.581805555555555,4.042802245967516,-3.3329999999999997,-2.2809999999999993,-0.18000000000000105,1443.4101877337887,4040.3328,-1694.9133000000002,2039.5886999999998
1131,59695,16.582083333333333,3.6141371030994383,-3.1710000000000003,-1.560999999999999,0.7549999999999991,1444.742465946274,4043.0988000000007,-1694.2869000000003,2037.7844999999998
1132,59696,16.58236111111111,3.7902134504536806,-3.099,-0.8589999999999993,2.005999999999999,1446.07495381228,4045.8633,-1693.6599,2035.9796000000001
1133,59697,16.582638888888887,4.605820013852038,-3.383,-1.0799999999999992,2.932999999999999,1447.4075722189239,4048.6263,-1693.0322,2034.1738999999998
1134,59698,16.582916666666666,4.7807360311985425,-3.22,-1.3659999999999992,3.258999999999999,1448.740354870586,4051.3878000000004,-1692.4039,2032.3673999999999
1135,59699,16.583194444444445,4.384325831869706,-2.848,-1.4529999999999994,2.999999999999999,1450.0731815466258,4054.1477,-1691.7749,2030.5601000000001
1136,59700,16.583472222222223,3.8036000052581755,-2.2689999999999997,-1.3539999999999992,2.735999999999999,1451.4062108117366,4056.9061,-1691.1453000000001,2028.7521000000002
1137,59701,16.58375,3.301061193010513,-1.8050000000000002,-1.2559999999999991,2.461999999999999,1452.739322898394,4059.6629000000003,-1690.515,2026.9434
1138,59702,16.584027777777777,2.954849742372697,-1.448,-1.1829999999999994,2.287999999999999,1454.072676333933,4062.4183000000003,-1689.8841,2025.1339
1139,59703,16.584305555555556,2.7449012732701323,-1.2810000000000001,-0.8309999999999992,2.280999999999999,1455.4059833847823,4065.172,-1689.2524999999998,2023.3236000000002
1140,59704,16.58458333333333,2.942816677946486,-1.509,-0.30499999999999916,2.5079999999999987,1456.7395705974595,4067.9243,-1688.6203,2021.5126
1141,59705,16.58486111111111,3.2485445972004134,-1.7880000000000003,0.39700000000000074,2.682999999999999,1458.0733109517937,4070.6750999999995,-1687.9875,2019.7008
1142,59706,16.58513888888889,3.081574272997488,-1.698,1.3640000000000008,2.179999999999999,1459.4070839135516,4073.4243,-1687.354,2017.8881999999999
1143,59707,16.585416666666664,3.436857139888128,-1.191,2.7750000000000012,1.640999999999999,1460.7410481498869,4076.172,-1686.7199,2016.0749
1144,59708,16.585694444444446,3.7989132656590106,-0.741,3.5690000000000013,1.069999999999999,1462.0750766300712,4078.9181,-1686.0852,2014.2608
1145,59709,16.58597222222222,4.405477613153881,-0.406,4.3690000000000015,0.3939999999999989,1463.409293278795,4081.6627,-1685.4499,2012.446
1146,59710,16.58625,4.926977978436681,-0.03799999999999999,4.912000000000001,-0.3820000000000011,1464.743619965881,4084.4058000000005,-1684.8138999999999,2010.6304
1147,59711,16.58652777777778,5.459271105193441,0.454,5.351000000000001,-0.9820000000000011,1466.0780060495138,4087.1472999999996,-1684.1773,2008.8139999999999
1148,59712,16.586805555555554,5.702613523639842,0.842,5.529000000000001,-1.1140000000000012,1467.4124563823775,4089.8871999999997,-1683.5400000000002,2006.9968999999996
1149,59713,16.587083333333332,5.78785236508327,1.205,5.597,-0.8490000000000011,1468.747166042191,4092.6256999999996,-1682.9022,2005.179
1150,59714,16.58736111111111,5.691341581736244,1.6039999999999999,5.452000000000001,-0.30700000000000094,1470.0818956278831,4095.3625999999995,-1682.2637,2003.3602999999998
1151,59715,16.58763888888889,5.147729402367611,1.8610000000000002,4.7940000000000005,0.23099999999999898,1471.4167258019622,4098.0979,-1681.6245,2001.541
1152,59716,16.587916666666665,3.8710139498586162,1.7469999999999999,3.438000000000001,0.33599999999999897,1472.7518107014962,4100.8318,-1680.9847999999997,1999.7209000000003
1153,59717,16.588194444444447,2.6858326455682233,1.8739999999999999,1.9150000000000005,-0.1860000000000011,1474.0869449897978,4103.5641000000005,-1680.3445,1997.9
1154,59718,16.58847222222222,2.181940879125739,2.055,0.729000000000001,-0.0800000000000011,1475.422218322455,4106.2949,-1679.7035,1996.0783999999999
1155,59719,16.588749999999997,2.54608955066392,2.442,-0.40199999999999925,-0.5980000000000011,1476.7575036650699,4109.0241,-1679.0618000000002,1994.256
1156,59720,16.589027777777776,3.0155679398746766,2.2,-1.6949999999999996,-1.1750000000000012,1478.0929592384027,4111.7518,-1678.4195,1992.4328999999998
1157,59721,16.589305555555555,4.095159703845504,1.741,-3.5559999999999996,-1.0460000000000014,1479.4286178345585,4114.478,-1677.7767,1990.6091000000001
1158,59722,16.58958333333333,5.0125623188146,1.134,-4.8309999999999995,-0.7080000000000013,1480.7643681771733,4117.2027,-1677.1332000000002,1988.7845000000002
1159,59723,16.589861111111112,5.773634383990728,0.09699999999999989,-5.742999999999999,-0.5860000000000012,1482.1001652898929,4119.9258,-1676.489,1986.9592
1160,59724,16.590138888888887,6.691908920480015,-0.9490000000000001,-6.619999999999999,-0.23800000000000116,1483.4361606667371,4122.6474,-1675.8443,1985.1332000000002
1161,59725,16.590416666666663,7.14034873097946,-1.654,-6.9399999999999995,0.2919999999999989,1484.7722772632908,4125.3675,-1675.199,1983.3064
1162,59726,16.590694444444445,6.628267571545372,-2.0909999999999997,-6.142999999999999,1.350999999999999,1486.1084359073277,4128.086,-1674.5529999999999,1981.4788999999996
1163,59727,16.59097222222222,6.332762272500049,-2.4859999999999998,-5.180999999999999,2.6609999999999987,1487.4446786987598,4130.803,-1673.9063,1979.6506000000002
1164,59728,16.59125,5.988857737498861,-2.7199999999999998,-4.175999999999999,3.3209999999999993,1488.7810790908197,4133.5185,-1673.259,1977.8216
1165,59729,16.591527777777777,6.502894278703905,-3.2239999999999993,-3.4029999999999987,4.507,1490.1176697254245,4136.2325,-1672.6112,1975.9918999999998
1166,59730,16.591805555555556,6.943785566965614,-3.349999999999999,-2.516999999999999,5.536999999999999,1491.4543742583032,4138.945,-1671.9628,1974.1614000000002
1167,59731,16.59208333333333,6.595862718401587,-3.2239999999999993,-1.3019999999999992,5.604999999999999,1492.7911970830526,4141.656,-1671.3137,1972.3301999999999
1168,59732,16.59236111111111,5.833668571319422,-2.913,-1.0019999999999993,4.953999999999999,1494.128086373278,4144.365400000001,-1670.664,1970.4983
1169,59733,16.59263888888889,5.105212532304604,-2.093,-1.1389999999999991,4.514999999999999,1495.4651253591749,4147.0733,-1670.0137,1968.6657
1170,59734,16.592916666666667,3.939622570754715,-1.2449999999999999,-0.9149999999999994,3.6239999999999988,1496.8022721025404,4149.7797,-1669.3628,1966.8323
1171,59735,16.593194444444443,2.9323432609433695,-0.827,-1.3319999999999994,2.477999999999999,1498.1395311357635,4152.4846,-1668.7112000000002,1964.9982
1172,59736,16.593472222222225,2.6658810926220986,-0.505,-2.0989999999999993,1.563999999999999,1499.476850200776,4155.1879,-1668.059,1963.1634000000001
1173,59737,16.59375,3.163127724262805,-0.718,-2.781999999999999,1.322999999999999,1500.8143468918174,4157.8897,-1667.4063,1961.3278999999998
1174,59738,16.594027777777775,3.801862832875483,-1.2710000000000001,-3.2879999999999994,1.423999999999999,1502.1518602633682,4160.589900000001,-1666.753,1959.4916
1175,59739,16.594305555555557,4.530633289066771,-1.6969999999999998,-3.7979999999999996,1.7949999999999988,1503.4894796997128,4163.2886,-1666.0989999999997,1957.6546000000003
1176,59740,16.594583333333333,5.29739662475824,-1.9490000000000003,-4.2669999999999995,2.4609999999999994,1504.827152738606,4165.9857,-1665.4443999999999,1955.8168999999998
1177,59741,16.594861111111108,6.0481391353043445,-2.061,-4.821,3.014999999999999,1506.1649626378578,4168.6813,-1664.7892,1953.9785
1178,59742,16.59513888888889,6.314876800065065,-1.77,-4.9399999999999995,3.512999999999999,1507.5029535931183,4171.3755,-1664.1334,1952.1393
1179,59743,16.595416666666665,6.531521262309416,-1.5999999999999999,-4.970999999999999,3.922999999999999,1508.8409932612162,4174.0680999999995,-1663.477,1950.2993999999999
1180,59744,16.59569444444444,6.720114582356464,-2.028,-4.779999999999999,4.265999999999999,1510.1791655810391,4176.7592,-1662.8200000000002,1948.4587999999999
1181,59745,16.595972222222223,6.016192899168043,-2.2600000000000002,-3.435999999999999,4.390999999999999,1511.5173834040936,4179.4487,-1662.1624,1946.6175000000003
1182,59746,16.596249999999998,4.607709843295256,-2.2190000000000003,-2.2019999999999995,3.384999999999999,1512.8557304233957,4182.1367,-1661.5042,1944.7755000000002
1183,59747,16.596527777777773,3.1816616727741485,-1.6849999999999998,-2.1049999999999995,1.6889999999999987,1514.1942052636673,4184.823200000001,-1660.8454000000002,1942.9328
1184,59748,16.596805555555555,2.6730493822598937,-1.114,-2.3509999999999995,-0.6140000000000011,1515.53277272016,4187.508199999999,-1660.1859,1941.0894
1185,59749,16.59708333333333,3.350416242797304,-0.6619999999999999,-2.3859999999999997,-2.257000000000001,1516.8714986561274,4190.1917,-1659.5258999999999,1939.2452999999998
1186,59750,16.59736111111111,4.246245518101845,-0.4149999999999999,-2.7899999999999996,-3.1740000000000013,1518.2103139484511,4192.8737,-1658.8652000000002,1937.4005000000002
1187,59751,16.597638888888888,4.36677340836458,-0.13699999999999993,-2.6539999999999995,-3.465000000000001,1519.5492507000276,4195.5542000000005,-1658.2039,1935.5549999999998
1188,59752,16.597916666666666,4.095686633520685,0.1180000000000001,-2.2819999999999996,-3.399000000000001,1520.8882562785943,4198.2330999999995,-1657.5421,1933.7087999999999
1189,59753,16.59819444444444,4.040933308036648,0.42300000000000004,-2.0219999999999994,-3.473000000000001,1522.2273801496046,4200.9105,-1656.8797,1931.8619000000003
1190,59754,16.59847222222222,3.9359138710088675,1.291,-1.6759999999999995,-3.3190000000000013,1523.5665019652786,4203.5863,-1656.2165999999997,1930.0143
1191,59755,16.59875,3.6848185844081933,2.06,-1.8279999999999994,-2.4480000000000013,1524.9058583388805,4206.260700000001,-1655.5529999999999,1928.1660000000004
1192,59756,16.599027777777778,2.6847457980225986,2.234,-1.4199999999999995,-0.4480000000000011,1526.2453286177183,4208.933599999999,-1654.8888,1926.3169999999998
1193,59757,16.599305555555556,3.0432342992283714,2.305,-0.008999999999999453,1.986999999999999,1527.5847921273737,4211.6049,-1654.2239000000002,1924.4672999999998
1194,59758,16.599583333333335,5.788507493300841,2.179,2.2170000000000005,4.882999999999998,1528.9244005136184,4214.2747,-1653.5584999999999,1922.6168999999998
1195,59759,16.599861111111114,8.481165544900064,1.7690000000000001,4.478,6.981999999999999,1530.264118190311,4216.943,-1652.8925,1920.7658
1196,59760,16.60013888888889,9.974839647833944,1.6010000000000002,6.369,7.508,1531.6038580858828,4219.6097,-1652.2259000000001,1918.914
1197,59761,16.600416666666668,9.612535357542255,1.3760000000000001,7.202000000000001,6.215999999999999,1532.9437042411726,4222.274899999999,-1651.5587,1917.0615000000003
1198,59762,16.600694444444446,9.299400303245367,1.075,8.314000000000002,4.024999999999999,1534.2836941844885,4224.9385999999995,-1650.8908999999999,1915.2084000000002
1199,59763,16.600972222222225,9.860585631695512,0.7890000000000001,9.642,1.9079999999999984,1535.6237873017428,4227.6008,-1650.2224999999999,1913.3546
1200,59764,16.60125,10.122239524927279,0.9180000000000001,10.080000000000002,-0.10300000000000117,1536.9640158818893,4230.2615,-1649.5536,1911.5001
1201,59765,16.60152777777778,10.415683462932234,0.913,10.117,-2.302000000000001,1538.3042253272565,4232.9205999999995,-1648.884,1909.6448999999998
1202,59766,16.601805555555558,10.660349103101643,1.129,9.501000000000001,-4.7010000000000005,1539.6445336323814,4235.578199999999,-1648.2138,1907.789
1203,59767,16.602083333333333,11.399092288423672,1.1760000000000002,8.635000000000002,-7.348000000000001,1540.9849727222343,4238.2343,-1647.5431,1905.9324000000001
1204,59768,16.602361111111115,12.432955642163291,1.2730000000000001,6.9590000000000005,-10.224,1542.3255463455193,4240.8889,-1646.8718000000001,1904.0752
1205,59769,16.60263888888889,14.068944594389446,1.6400000000000001,5.171000000000001,-12.981,1543.6661810092653,4243.5419999999995,-1646.1997999999999,1902.2173000000003
1206,59770,16.602916666666665,15.27434771111356,1.831,3.8360000000000007,-14.671000000000001,1545.0069417949387,4246.1936,-1645.5273000000002,1900.3587
1207,59771,16.603194444444448,15.16335058619961,2.172,2.839000000000001,-14.736,1546.3477077425991,4248.843599999999,-1644.8542000000002,1898.4994
1208,59772,16.603472222222223,14.282396717638116,2.314,1.1340000000000006,-14.048000000000002,1547.688563442177,4251.4921,-1644.1805,1896.6393999999996
1209,59773,16.603749999999998,13.367107016852977,1.8939999999999997,-0.6349999999999996,-13.217000000000002,1549.0295075274535,4254.1391,-1643.5062000000003,1894.7787
1210,59774,16.60402777777778,12.72671764438891,1.137,-1.4979999999999996,-12.587,1550.3705436594726,4256.784600000001,-1642.8312,1892.9173999999998
1211,59775,16.604305555555555,12.24946162082236,0.6589999999999999,-2.2499999999999996,-12.023,1551.7116983833112,4259.4286,-1642.1557,1891.0554
1212,59776,16.604583333333334,11.702962787260327,0.30700000000000005,-2.6919999999999993,-11.385000000000002,1553.0529703725922,4262.071099999999,-1641.4797000000003,1889.1927
1213,59777,16.604861111111113,11.130828405828563,0.08800000000000004,-2.9259999999999997,-10.739,1554.394291830543,4264.7121,-1640.8029999999999,1887.3293
1214,59778,16.605138888888888,10.445123790554137,0.23100000000000004,-3.1849999999999996,-9.945,1555.735727401617,4267.3516,-1640.1258000000003,1885.4652
1215,59779,16.605416666666667,9.896168602039884,0.35600000000000004,-3.6689999999999996,-9.184000000000001,1557.0771943610148,4269.9895,-1639.4479999999999,1883.6004999999998
1216,59780,16.605694444444445,9.653497034753778,0.356,-4.09,-8.737,1558.418739357571,4272.625900000001,-1638.7696,1881.7351000000003
1217,59781,16.605972222222224,9.80381486973311,0.04900000000000008,-4.313,-8.804000000000002,1559.7604803845131,4275.260899999999,-1638.0907,1879.8690000000001
1218,59782,16.60625,9.686211901460757,-0.3309999999999999,-4.278,-8.684000000000001,1561.1022478494303,4277.8943,-1637.4112,1878.0023
1219,59783,16.606527777777778,9.650454807935223,-0.36899999999999994,-4.019,-8.766000000000002,1562.4440891711815,4280.5262,-1636.7311000000002,1876.1349000000002
1220,59784,16.606805555555557,9.81349952871044,-0.42499999999999993,-4.297999999999999,-8.812000000000001,1563.7860357686368,4283.1566,-1636.0505,1874.2668
1221,59785,16.607083333333335,10.14820801915294,-0.4779999999999999,-4.738999999999999,-8.961000000000002,1565.128090717442,4285.7855,-1635.3692999999998,1872.3980999999999
1222,59786,16.607361111111114,10.456860044965698,-0.5439999999999999,-5.218999999999999,-9.045000000000002,1566.4700955999,4288.4128,-1634.6874,1870.5287
1223,59787,16.607638888888893,10.94559208083327,-0.696,-5.632999999999999,-9.359000000000002,1567.8122392049215,4291.0386,-1634.0049999999999,1868.6587
1224,59788,16.607916666666668,11.443679652978757,-0.8179999999999998,-5.754,-9.858,1569.1544866050394,4293.6629,-1633.322,1866.7881000000002
1225,59789,16.608194444444443,11.991627829448346,-0.709,-6.058999999999999,-10.324000000000002,1570.4967941908621,4296.2857,-1632.6384999999998,1864.9167000000002
1226,59790,16.608472222222225,12.048662913369268,-0.18599999999999994,-6.361,-10.231000000000002,1571.839240177304,4298.907,-1631.9544,1863.0448000000001
1227,59791,16.60875,11.880949457008898,-0.051999999999999935,-6.74,-9.784,1573.1816615688917,4301.526699999999,-1631.2697,1861.1721999999997
1228,59792,16.60902777777778,12.191832676017171,-0.18399999999999994,-7.287999999999999,-9.772000000000002,1574.5242299142385,4304.1449999999995,-1630.5844000000002,1859.2989000000002
1229,59793,16.609305555555558,12.665628685541039,-0.309,-7.75,-10.013000000000002,1575.866895075344,4306.761799999999,-1629.8984999999998,1857.425
1230,59794,16.609583333333337,13.083603211653891,-0.48,-8.088,-10.273000000000001,1577.2095639131326,4309.377,-1629.2121000000002,1855.5503999999996
1231,59795,16.609861111111112,12.983718304091475,-0.549,-8.108,-10.126000000000001,1578.5522888066332,4311.9907,-1628.5251,1853.6750999999997
1232,59796,16.61013888888889,12.910146436040144,-0.6839999999999999,-8.107,-10.024000000000001,1579.8952256101652,4314.603,-1627.8376,1851.7992000000002
1233,59797,16.61041666666667,12.484591823523907,-0.748,-8.048,-9.515,1581.2382529320562,4317.2137999999995,-1627.1495,1849.9226999999998
1234,59798,16.610694444444448,11.659223001555464,-0.882,-7.953999999999999,-8.479000000000001,1582.5812450213693,4319.822999999999,-1626.4608,1848.0454999999997
1235,59799,16.610972222222223,10.58097202529144,-1.148,-7.6530000000000005,-7.216000000000001,1583.9243249726692,4322.430699999999,-1625.7715,1846.1677
1236,59800,16.611250000000002,9.601062597442017,-1.5109999999999997,-7.031000000000001,-6.3610000000000015,1585.2675732420073,4325.037,-1625.0817,1844.2892
1237,59801,16.61152777777778,8.55083680115578,-1.527,-6.18,-5.709000000000001,1586.610906287684,4327.641799999999,-1624.3913,1842.4101000000003
1238,59802,16.611805555555556,7.472358864508584,-1.343,-5.3629999999999995,-5.027000000000001,1587.9541986746322,4330.245,-1623.7003,1840.5303
1239,59803,16.612083333333338,6.363951445446453,-0.9649999999999999,-4.802999999999999,-4.062,1589.2976054539995,4332.8467,-1623.0088,1838.6499
1240,59804,16.612361111111113,5.257996006084448,-0.5009999999999999,-4.289,-3.000000000000001,1590.6410923034896,4335.4469,-1622.3166999999999,1836.7689000000003
1241,59805,16.61263888888889,4.538936549457373,-0.28599999999999987,-3.942999999999999,-2.2300000000000013,1591.9846537455628,4338.0455999999995,-1621.6241,1834.8872
1242,59806,16.61291666666667,3.9773756423048603,-0.12499999999999986,-3.6839999999999997,-1.494000000000001,1593.3282926910645,4340.6428,-1620.9309,1833.0049
1243,59807,16.613194444444446,3.482824428534978,-0.023999999999999872,-3.4029999999999996,-0.7410000000000011,1594.6719159362174,4343.2384,-1620.2372,1831.1219
1244,59808,16.61347222222222,3.127572541125145,-0.004999999999999871,-3.0939999999999994,-0.45700000000000107,1596.0157006003774,4345.8326,-1619.5429,1829.2383000000002
1245,59809,16.613750000000003,2.920286287335541,0.0020000000000001293,-2.8079999999999994,-0.802000000000001,1597.3595583685265,4348.425300000001,-1618.8480000000002,1827.3541
1246,59810,16.61402777777778,3.2256179252974153,-0.05099999999999988,-2.7609999999999997,-1.667000000000001,1598.7034001398258,4351.0163999999995,-1618.1525000000001,1825.4693
1247,59811,16.614305555555553,3.9127229648928634,-0.16899999999999987,-2.9419999999999993,-2.5740000000000007,1600.0473078957857,4353.606000000001,-1617.4565,1823.5837999999999
1248,59812,16.614583333333336,4.578796894381755,-0.33699999999999986,-3.0659999999999994,-3.3840000000000012,1601.3913166514812,4356.194100000001,-1616.76,1821.6977
1249,59813,16.61486111111111,5.204131531773578,-0.5719999999999998,-3.101,-4.1400000000000015,1602.7353561162356,4358.7807,-1616.0629,1819.8108999999997
1250,59814,16.61513888888889,5.869900339869494,-0.7349999999999999,-3.1919999999999993,-4.871,1604.0795485017966,4361.3659,-1615.3652,1817.9235
1251,59815,16.61541666666667,6.3585271093233535,-0.7409999999999999,-3.3249999999999993,-5.369000000000001,1605.4237178478768,4363.949500000001,-1614.6669,1816.0355
1252,59816,16.615694444444447,6.907503166846904,-0.7199999999999999,-3.5919999999999996,-5.856000000000001,1606.7679823209803,4366.5316,-1613.9680999999998,1814.1469000000002
1253,59817,16.615972222222222,7.627952084275308,-0.7759999999999998,-3.9339999999999997,-6.489000000000002,1608.1123954350905,4369.1123,-1613.2687,1812.2577
1254,59818,16.61625,7.986554764101979,-0.6629999999999999,-4.252,-6.7280000000000015,1609.4567770319165,4371.691400000001,-1612.5688,1810.3678
1255,59819,16.61652777777778,7.95833933682147,-0.5949999999999999,-4.555999999999999,-6.498,1610.8012493679946,4374.269,-1611.8683999999998,1808.4773
1256,59820,16.616805555555555,7.714923395601541,-0.5749999999999998,-4.893,-5.937000000000001,1612.145742385967,4376.8451000000005,-1611.1673999999998,1806.5861
1257,59821,16.617083333333333,7.598492021447413,-0.46899999999999975,-5.087999999999999,-5.6240000000000006,1613.4902912784241,4379.4197,-1610.4658,1804.6942999999999
1258,59822,16.617361111111112,7.631593673670002,-0.24499999999999983,-5.420999999999999,-5.3660000000000005,1614.8350140385141,4381.992899999999,-1609.7637,1802.8019
1259,59823,16.61763888888889,7.167703955940145,-0.08199999999999984,-5.066,-5.070000000000001,1616.1798219559143,4384.5646,-1609.0611000000001,1800.9089
1260,59824,16.617916666666666,6.693710630136323,0.36900000000000016,-4.2,-5.199000000000001,1617.5245935181797,4387.1347000000005,-1608.3579000000002,1799.0153000000003
1261,59825,16.618194444444445,6.359647317265321,0.9000000000000001,-3.4669999999999996,-5.255000000000001,1618.8695346575937,4389.7034,-1607.6542,1797.1210999999998
1262,59826,16.61847222222222,6.223678172913507,1.3190000000000004,-3.0279999999999996,-5.275000000000001,1620.214436392141,4392.2705000000005,-1606.9499,1795.2262999999998
1263,59827,16.61875,6.235072493564129,1.2420000000000002,-3.1789999999999994,-5.218000000000001,1621.5594171766631,4394.8361,-1606.2451,1793.3308999999997
1264,59828,16.619027777777777,6.308879219005544,0.8810000000000002,-3.536,-5.15,1622.9044435445317,4397.4002,-1605.5396999999998,1791.4349000000002
1265,59829,16.619305555555556,6.523082860120667,0.46400000000000025,-3.9829999999999997,-5.145000000000001,1624.2494785565116,4399.9628,-1604.8337,1789.5382000000002
1266,59830,16.619583333333335,6.5575024208916615,0.11300000000000017,-4.361999999999999,-4.895000000000001,1625.594676274092,4402.524,-1604.1272000000001,1787.6408999999999
1267,59831,16.619861111111113,6.668938746157442,-0.10599999999999983,-4.7379999999999995,-4.692000000000001,1626.9399829487515,4405.0837,-1603.4202,1785.7431000000001
1268,59832,16.620138888888892,6.783998525943237,-0.09799999999999981,-4.866,-4.726000000000001,1628.2852416232759,4407.6418,-1602.7126,1783.8447
1269,59833,16.620416666666664,7.376066566944743,0.0850000000000002,-5.307,-5.122000000000001,1629.630538985464,4410.1984,-1602.0044,1781.9456999999998
1270,59834,16.620694444444446,7.950650476533351,0.037000000000000186,-6.135,-5.057,1630.9758698676926,4412.753500000001,-1601.2957,1780.0459999999998
1271,59835,16.62097222222222,8.528606040848645,-0.03399999999999985,-6.677,-5.306000000000001,1632.3212683205306,4415.3071,-1600.5865000000001,1778.1456999999998
1272,59836,16.62125,8.920572291058463,-0.47699999999999976,-7.0,-5.509000000000001,1633.666788911564,4417.8593,-1599.8767,1776.2448
1273,59837,16.62152777777778,8.153143994803477,-0.5639999999999998,-6.27,-5.181000000000001,1635.0123741330265,4420.410000000001,-1599.1664,1774.3433
1274,59838,16.621805555555557,6.524204855765951,-0.3049999999999998,-4.932,-4.260000000000001,1636.3579910060494,4422.959199999999,-1598.4555,1772.4412
1275,59839,16.622083333333332,5.006461225256818,0.13700000000000015,-4.197,-2.726000000000001,1637.703701934823,4425.5069,-1597.7442,1770.5385
1276,59840,16.62236111111111,5.134226913567416,-0.33099999999999985,-4.385,-2.650000000000001,1639.0494418610701,4428.053099999999,-1597.0323,1768.6352
1277,59841,16.62263888888889,5.253678615979474,-1.3329999999999997,-4.557,-2.249000000000001,1640.3951206579227,4430.5977,-1596.3197999999998,1766.7313000000001
1278,59842,16.622916666666665,4.714828841007911,-2.739,-3.271,-2.007000000000001,1641.7409451333212,4433.1409,-1595.6068,1764.8268
1279,59843,16.623194444444444,4.46008183781419,-3.779,-1.9669999999999999,-1.320000000000001,1643.0868260914824,4435.6826,-1594.8933,1762.9217
1280,59844,16.623472222222222,5.263235601794774,-5.128,-0.9919999999999997,-0.6490000000000011,1644.4327968205769,4438.2228,-1594.1793000000002,1761.0161
1281,59845,16.62375,6.6774268247581725,-6.662000000000001,-0.4439999999999998,-0.09300000000000105,1645.778789276436,4440.7615,-1593.4647,1759.1099
1282,59846,16.624027777777776,7.77289148258227,-7.745,0.23100000000000026,0.615999999999999,1647.1247991231412,4443.2987,-1592.7495999999999,1757.203
1283,59847,16.62430555555556,8.638007177584422,-8.552,0.24000000000000027,1.1919999999999988,1648.4708278862922,4445.8344,-1592.0339,1755.2955000000002
1284,59848,16.624583333333334,9.297307889921683,-9.222,-0.1809999999999997,1.166999999999999,1649.8169375478385,4448.3686,-1591.3178,1753.3874
1285,59849,16.624861111111112,9.947245146270397,-9.925999999999998,0.1630000000000003,0.6289999999999989,1651.1631552315787,4450.9014,-1590.601,1751.4788
1286,59850,16.62513888888889,10.04352174289477,-9.842,1.338,1.488999999999999,1652.5093626852608,4453.4326,-1589.8838,1749.5696
1287,59851,16.625416666666666,9.860211458178775,-9.285,2.3320000000000003,2.360999999999999,1653.8557031509488,4455.9624,-1589.1661,1747.6598000000001
1288,59852,16.625694444444445,9.263255475263541,-8.407,1.6930000000000003,3.501999999999999,1655.2020558735755,4458.4907,-1588.4478000000001,1745.7494
1289,59853,16.625972222222224,8.933742384913502,-7.8420000000000005,0.4580000000000002,4.255,1656.548451035484,4461.0175,-1587.729,1743.8384
1290,59854,16.626250000000002,8.483626170453292,-6.889999999999999,-0.25799999999999984,4.943,1657.8948553767827,4463.5428,-1587.0095999999999,1741.9268
1291,59855,16.626527777777778,8.158312877059815,-5.743,-0.27399999999999985,5.787999999999999,1659.241299306216,4466.0666,-1586.2897,1740.0146
1292,59856,16.626805555555556,7.517642516108356,-4.517999999999999,-0.08099999999999978,6.007999999999999,1660.5878160775915,4468.588900000001,-1585.5693,1738.1019000000001
1293,59857,16.627083333333335,6.495205231553503,-3.4530000000000003,-0.05899999999999983,5.5009999999999994,1661.9343695286013,4471.1097,-1584.8484,1736.1886
1294,59858,16.62736111111111,5.533131572626842,-2.7640000000000002,-0.3569999999999998,4.779999999999999,1663.2810497418038,4473.6291,-1584.1269,1734.2748
1295,59859,16.62763888888889,4.753325046743595,-2.253,-0.6729999999999998,4.130999999999999,1664.6276755950275,4476.1469,-1583.4049,1732.3604
1296,59860,16.627916666666668,3.906306439592264,-1.782,-1.065,3.308999999999999,1665.9743913297775,4478.6633,-1582.6823,1730.4453999999998
1297,59861,16.628194444444446,2.9125387551069593,-1.356,-1.3249999999999997,2.2109999999999994,1667.3211380843939,4481.1782,-1581.9592,1728.5297999999998
1298,59862,16.62847222222222,2.1495034310277332,-1.043,-1.3999999999999997,1.2539999999999991,1668.667826164831,4483.691499999999,-1581.2356,1726.6136
1299,59863,16.628750000000004,1.418429060616004,-0.756,-1.134,0.3929999999999991,1670.014634411748,4486.2034,-1580.5113999999999,1724.6969000000001
1300,59864,16.629027777777775,1.4607593915494776,-0.639,-1.1089999999999995,-0.704000000000001,1671.361500756258,4488.7137999999995,-1579.7868,1722.7796000000003
1301,59865,16.629305555555554,2.533868781132915,-0.599,-1.6569999999999996,-1.821000000000001,1672.7084844389058,4491.2228000000005,-1579.0616,1720.8618
1302,59866,16.629583333333336,3.7396860830823764,-0.6559999999999999,-2.56,-2.6460000000000012,1674.0554036770402,4493.7302,-1578.3358999999998,1718.9434
1303,59867,16.62986111111111,4.697091546904319,-0.6679999999999999,-3.2019999999999995,-3.371000000000001,1675.40240374441,4496.2362,-1577.6096000000002,1717.0243999999998
1304,59868,16.63013888888889,5.343915137799252,-0.61,-3.5449999999999995,-3.952000000000001,1676.7494254605467,4498.7407,-1576.8828,1715.1047999999998
1305,59869,16.63041666666667,5.953297321652935,-0.522,-3.6729999999999996,-4.656000000000001,1678.0964986535787,4501.2437,-1576.1556,1713.1846
1306,59870,16.630694444444448,6.445794287750735,-0.5519999999999999,-3.6179999999999994,-5.306000000000001,1679.443624711112,4503.745199999999,-1575.4279,1711.2639
1307,59871,16.630972222222223,6.779935766657381,-0.7619999999999999,-3.4659999999999997,-5.777000000000001,1680.790737220402,4506.245199999999,-1574.6996,1709.3426
1308,59872,16.63125,6.840522494663694,-0.8099999999999999,-3.142,-6.022,1682.1379884688254,4508.7438,-1573.9707999999998,1707.4207999999999
1309,59873,16.63152777777778,6.945206764380742,-0.485,-3.084,-6.204000000000001,1683.4851658067685,4511.2408000000005,-1573.2414999999999,1705.4984
1310,59874,16.63180555555556,7.175728186044954,-0.11099999999999999,-3.0949999999999998,-6.473000000000001,1684.8324479266237,4513.7364,-1572.5115999999998,1703.5755000000001
1311,59875,16.632083333333334,7.012665256519808,0.255,-2.6319999999999997,-6.495000000000002,1686.1797732699865,4516.2305,-1571.7812999999999,1701.652
1312,59876,16.63236111111111,6.377833566345237,0.744,-1.763,-6.0840000000000005,1687.5270784751701,4518.7231,-1571.0504,1699.7278999999999
1313,59877,16.632638888888888,5.841186523301581,1.2600000000000002,-0.9259999999999999,-5.628000000000001,1688.874457812058,4521.2142,-1570.3191,1697.8033
1314,59878,16.632916666666667,5.735433200726864,1.8150000000000002,-0.1999999999999999,-5.437,1690.2218453318178,4523.7038,-1569.5872999999997,1695.8781
1315,59879,16.633194444444445,5.909888493025907,2.427,0.3370000000000001,-5.378000000000002,1691.5692420217304,4526.1919,-1568.8548999999998,1693.9523999999997
1316,59880,16.63347222222222,6.302368602358958,3.3550000000000004,0.7370000000000001,-5.284000000000001,1692.9166134011007,4528.6785,-1568.1219,1692.0261000000003
1317,59881,16.63375,6.7739365216984435,4.374,0.9840000000000002,-5.078000000000001,1694.2641421190506,4531.1637,-1567.3885,1690.0992999999999
1318,59882,16.634027777777778,7.5344469604610005,5.367,1.161,-5.159000000000001,1695.6116428453686,4533.6474,-1566.6545,1688.1719
1319,59883,16.634305555555553,8.02532510244912,5.906999999999999,1.6150000000000002,-5.187,1696.959265160295,4536.1296999999995,-1565.9201,1686.2439
1320,59884,16.63458333333333,8.352318181199756,6.267,2.399,-4.973000000000001,1698.3068875232468,4538.6105,-1565.1852000000001,1684.3152999999998
1321,59885,16.63486111111111,8.25335616582733,5.896,2.3760000000000003,-5.264000000000001,1699.6544217044425,4541.0896999999995,-1564.4497000000001,1682.3862000000001
1322,59886,16.63513888888889,8.091347600987119,5.104,1.8130000000000002,-6.011000000000001,1701.002195801158,4543.5676,-1563.7138,1680.4566
1323,59887,16.635416666666664,7.89890429110266,4.4079999999999995,1.4150000000000003,-6.400000000000001,1702.349846120344,4546.0439,-1562.9773,1678.5264
1324,59888,16.635694444444443,7.563469375888291,3.633,1.2020000000000002,-6.524000000000001,1703.6975242438998,4548.5187,-1562.2403,1676.5957000000003
1325,59889,16.63597222222222,7.429713991803454,3.087,1.5410000000000004,-6.580000000000001,1705.045285284755,4550.9920999999995,-1561.5028,1674.6644000000001
1326,59890,16.63625,7.389915967045905,2.973,2.3480000000000003,-6.345000000000001,1706.393102111607,4553.464,-1560.7649,1672.7326
1327,59891,16.63652777777778,7.347639757092071,2.849,3.375,-5.872000000000002,1707.7409118078308,4555.9344,-1560.0264000000002,1670.8003
1328,59892,16.636805555555554,7.109808647214074,2.4770000000000003,4.481,-4.933000000000002,1709.0887418924103,4558.4033,-1559.2875,1668.8674000000003
1329,59893,16.637083333333333,7.0333021405311476,2.1870000000000003,5.361000000000001,-3.993000000000001,1710.436562579714,4560.8707,-1558.548,1666.934
1330,59894,16.63736111111111,6.587962507482872,2.1270000000000002,5.561000000000001,-2.820000000000001,1711.784492265325,4563.336700000001,-1557.808,1665.0001
1331,59895,16.63763888888889,6.410472135498289,2.466,5.766,-1.3290000000000008,1713.1324969679713,4565.8013,-1557.0674999999999,1663.0656
1332,59896,16.637916666666666,6.9312259377400185,3.114,6.184,0.3209999999999991,1714.4804290260709,4568.264300000001,-1556.3265000000001,1661.1306
1333,59897,16.638194444444444,7.776857848771573,3.867,6.527000000000001,1.709999999999999,1715.8284662462615,4570.7258999999995,-1555.585,1659.1951000000001
1334,59898,16.638472222222223,8.217832195901787,4.709,6.2620000000000005,2.478999999999999,1717.1764548074789,4573.186,-1554.8429,1657.259
1335,59899,16.638749999999998,8.175664560144332,5.221,5.663,2.7409999999999988,1718.524486767426,4575.6446000000005,-1554.1004,1655.3223999999998
1336,59900,16.639027777777777,7.351363274930711,5.231,4.659000000000001,2.229999999999999,1719.8725893347546,4578.1017999999995,-1553.3573000000001,1653.3853
1337,59901,16.639305555555556,6.457261416421051,5.361,3.5200000000000005,0.7519999999999989,1721.2206999357186,4580.5575,-1552.6137999999999,1651.4476
1338,59902,16.639583333333334,6.208163496558383,5.625,2.49,-0.8370000000000012,1722.5688790042761,4583.011799999999,-1551.8697,1649.5094000000001
1339,59903,16.63986111111111,6.526854295907027,5.9190000000000005,1.1790000000000003,-2.485000000000001,1723.9170959380579,4585.464599999999,-1551.1252,1647.5707000000002
1340,59904,16.640138888888888,7.648756630982581,6.066,0.029000000000000227,-4.659000000000002,1725.2651668968724,4587.9158,-1550.3800999999999,1645.6313999999998
1341,59905,16.640416666666663,9.302941792787916,6.11,-0.0489999999999998,-7.015000000000002,1726.6132729469275,4590.3655,-1549.6346,1643.6916
1342,59906,16.640694444444442,10.986401640209593,5.949,0.08200000000000021,-9.236,1727.9614098594825,4592.8138,-1548.8884999999998,1641.7512
1343,59907,16.64097222222222,12.64888805389628,5.525,0.4380000000000003,-11.370000000000001,1729.3095791500182,4595.2606,-1548.142,1639.8102999999999
1344,59908,16.64125,14.04505154849921,5.3740000000000006,1.4140000000000001,-12.899000000000001,1730.6579013171245,4597.706,-1547.3951000000002,1637.8690000000001
1345,59909,16.641527777777778,14.68262949883297,5.268000000000001,1.451,-13.628000000000004,1732.0062507965213,4600.15,-1546.6475999999998,1635.9270999999999
1346,59910,16.641805555555557,14.663451333161646,4.737,1.1440000000000001,-13.830000000000002,1733.3545068876979,4602.5923999999995,-1545.8997,1633.9846000000002
1347,59911,16.642083333333336,14.030028724133105,3.7159999999999997,0.805,-13.505,1734.702819495796,4605.0334,-1545.1512,1632.0416
1348,59912,16.642361111111107,13.450827409494183,2.401,0.8260000000000002,-13.209,1736.0511581106173,4607.472900000001,-1544.4023000000002,1630.0981000000002
1349,59913,16.64263888888889,13.037761962852366,1.568,1.4380000000000002,-12.863,1737.3994606326294,4609.910900000001,-1543.6528,1628.1541000000002
1350,59914,16.642916666666665,12.284184181295885,1.0260000000000002,1.9310000000000003,-12.088000000000003,1738.7478762273404,4612.347500000001,-1542.9029,1626.2096
1351,59915,16.643194444444443,10.605224985826563,1.171,1.2160000000000004,-10.47,1740.0963431784317,4614.782700000001,-1542.1524000000002,1624.2646
1352,59916,16.643472222222222,9.035710652737837,1.489,0.14500000000000018,-8.911000000000001,1741.4448307112384,4617.2164,-1541.4015,1622.3191
1353,59917,16.64375,7.391727605911897,1.64,-1.126,-7.1190000000000015,1742.7933068371258,4619.6486,-1540.6501,1620.3731
1354,59918,16.644027777777776,5.989194687101097,1.404,-2.7739999999999996,-5.1190000000000015,1744.1417090084858,4622.079299999999,-1539.8980999999999,1618.4265
1355,59919,16.644305555555555,4.971796154308824,1.145,-3.4459999999999993,-3.3960000000000017,1745.4901279713563,4624.5085,-1539.1457,1616.4794000000002
1356,59920,16.644583333333333,4.418244674075894,1.219,-3.7699999999999996,-1.9550000000000014,1746.8386532173267,4626.9363,-1538.3928,1614.5319
1357,59921,16.64486111111111,4.194211964123892,1.705,-3.6499999999999995,-1.1670000000000014,1748.1871310397516,4629.3626,-1537.6394,1612.5837999999999
1358,59922,16.64513888888889,4.443133241306184,2.4739999999999998,-3.594,-0.8390000000000015,1749.5355913414035,4631.7874,-1536.8854999999999,1610.6352
1359,59923,16.645416666666666,4.217617811039782,2.742,-3.19,0.30599999999999855,1750.8841526070623,4634.2108,-1536.1312,1608.6861
1360,59924,16.645694444444445,3.761587563782079,2.9899999999999998,-1.9289999999999998,1.2199999999999984,1752.232693715357,4636.6327,-1535.3764,1606.7365
1361,59925,16.645972222222223,2.817950496371432,2.6130000000000004,-0.8099999999999996,0.6759999999999985,1753.5812133510258,4639.0531,-1534.6210999999998,1604.7864
1362,59926,16.64625,2.0598769380717865,1.9760000000000002,-0.5339999999999996,0.23099999999999854,1754.9297102034245,4641.472,-1533.8653,1602.8358
1363,59927,16.646527777777777,1.6226117835144678,1.2840000000000003,-0.7379999999999995,-0.6630000000000014,1756.2782419522202,4643.889499999999,-1533.109,1600.8845999999999
1364,59928,16.646805555555556,2.230089011676441,0.724,-0.5399999999999995,-2.0390000000000015,1757.6268686425115,4646.305600000001,-1532.3523,1598.9329000000002
1365,59929,16.64708333333333,2.862987600392291,0.43999999999999995,-0.8969999999999996,-2.6830000000000016,1758.9754997486095,4648.720200000001,-1531.5951,1596.9808
1366,59930,16.64736111111111,3.4641760925218583,0.20199999999999996,-1.0839999999999999,-3.2840000000000016,1760.3241620736894,4651.133400000001,-1530.8374,1595.0281
1367,59931,16.64763888888889,3.5287672068301705,0.32299999999999995,-1.3649999999999998,-3.238000000000001,1761.6728263737666,4653.5451,-1530.0792,1593.075
1368,59932,16.647916666666667,3.773667446927459,0.31399999999999995,-2.139,-3.0930000000000013,1763.0214897106703,4655.9553,-1529.3206,1591.1214
1369,59933,16.648194444444446,4.868116884381475,0.5069999999999999,-2.7969999999999997,-3.952000000000001,1764.3700607792903,4658.364,-1528.5614,1589.1672
1370,59934,16.64847222222222,6.347736683259634,0.34199999999999997,-3.979,-4.934000000000002,1765.718779796442,4660.7714,-1527.8017,1587.2125
1371,59935,16.64875,6.18436261873445,0.12399999999999993,-4.089,-4.638000000000002,1767.0674034736935,4663.1772,-1527.0416,1585.2573
1372,59936,16.64902777777778,4.605151029010885,0.6299999999999999,-2.86,-3.554000000000002,1768.4160820663158,4665.5815999999995,-1526.281,1583.3016
1373,59937,16.649305555555554,3.3420170556117763,1.291,-1.3339999999999999,-2.7790000000000012,1769.764845016777,4667.984600000001,-1525.5199,1581.3455
1374,59938,16.649583333333332,2.412149456397759,1.611,0.13800000000000018,-1.7900000000000014,1771.113599442871,4670.3861,-1524.7584000000002,1579.3889
1375,59939,16.64986111111111,2.6154194692247748,1.5310000000000001,1.973,-0.7770000000000014,1772.462284724445,4672.786099999999,-1523.9963,1577.4317999999998
1376,59940,16.650138888888886,3.940348461748022,1.3190000000000002,3.6770000000000005,0.5159999999999986,1773.8109588918592,4675.1846,-1523.2338,1575.4741999999999
1377,59941,16.650416666666665,5.05525231813408,0.654,4.628,1.9259999999999984,1775.1597110722312,4677.5817,-1522.4709,1573.5161
1378,59942,16.650694444444444,5.428045136142477,-0.11100000000000013,4.517,3.0079999999999987,1776.5084810693945,4679.977400000001,-1521.7074,1571.5575
1379,59943,16.65097222222222,4.672133345699797,-1.2730000000000001,2.515,3.725999999999998,1777.8572363406552,4682.3716,-1520.9435,1569.5984
1380,59944,16.651249999999997,5.002188121212555,-2.313,0.5090000000000003,4.405999999999999,1779.2059149647343,4684.7642,-1520.1792,1567.6389
1381,59945,16.651527777777776,5.963805664171158,-3.125,-1.4369999999999996,4.871999999999998,1780.554697436514,4687.1555,-1519.4144000000001,1565.6788000000001
1382,59946,16.651805555555555,7.220183723424217,-4.4590000000000005,-3.0439999999999996,4.793999999999999,1781.9034618615049,4689.5453,-1518.6491,1563.7183
1383,59947,16.652083333333334,9.006055962517665,-5.8020000000000005,-4.452,5.2559999999999985,1783.2521466964986,4691.933599999999,-1517.8833,1561.7572
1384,59948,16.652361111111112,10.757899887989291,-6.752000000000001,-5.885,5.958999999999998,1784.6009014978758,4694.3205,-1517.117,1559.7957000000001
1385,59949,16.652638888888887,12.139323951522176,-7.42,-7.644999999999999,5.818999999999998,1785.9496334224095,4696.7059,-1516.3503,1557.8337
1386,59950,16.652916666666663,13.29340663637429,-8.244,-9.068000000000001,5.149999999999999,1787.2984028846483,4699.0899,-1515.5831000000003,1555.8712
1387,59951,16.653194444444445,14.013934993427078,-8.966000000000001,-9.822999999999999,4.416999999999998,1788.6471177903666,4701.472400000001,-1514.8154,1553.9082
1388,59952,16.65347222222222,13.989619222838053,-9.211,-9.674,4.156999999999998,1789.9958971796382,4703.8535,-1514.0473,1551.9447
1389,59953,16.65375,13.036563696005171,-9.062999999999999,-8.382000000000001,4.189999999999999,1791.344740427001,4706.233200000001,-1513.2787,1549.9808
1390,59954,16.654027777777777,12.28630697158426,-8.707,-7.2829999999999995,4.700999999999999,1792.6935249409712,4708.6114,-1512.5095999999999,1548.0164
1391,59955,16.654305555555556,11.542657016475886,-8.161,-6.439,5.016999999999999,1794.0423710063944,4710.9882,-1511.74,1546.0516
1392,59956,16.65458333333333,10.9514983906313,-7.634,-6.079999999999999,4.9689999999999985,1795.3911555522113,4713.3635,-1510.97,1544.0862
1393,59957,16.65486111111111,10.16882520254921,-6.981,-5.702999999999999,4.705999999999999,1796.740028172432,4715.7374,-1510.1996,1542.1204
1394,59958,16.65513888888889,8.98594591570637,-6.282,-5.26,3.6899999999999986,1798.0887462907165,4718.1097,-1509.4287,1540.1541
1395,59959,16.655416666666667,7.481889467240211,-5.639,-4.245,2.4819999999999984,1799.4375818684407,4720.4807,-1508.6573,1538.1873
1396,59960,16.655694444444443,5.958678544778195,-4.653,-3.4799999999999995,1.3209999999999986,1800.7863814335494,4722.8502,-1507.8854,1536.2201
1397,59961,16.65597222222222,4.706272622787592,-3.5750000000000006,-3.056,0.1709999999999985,1802.1351430390655,4725.2182,-1507.1131,1534.2523999999999
1398,59962,16.65625,4.1348368770726625,-2.946,-2.822,-0.6740000000000015,1803.483836751006,4727.5847,-1506.3402999999998,1532.2842
1399,59963,16.656527777777775,4.012868051655823,-2.5740000000000003,-2.9449999999999994,-0.8970000000000015,1804.832610436714,4729.9498,-1505.5671,1530.3156000000001
1400,59964,16.656805555555554,3.957771216227639,-2.4880000000000004,-2.828,-1.2150000000000014,1806.181375068647,4732.3135,-1504.7934,1528.3464
1401,59965,16.657083333333333,3.8899185081438405,-2.46,-2.5349999999999997,-1.6290000000000013,1807.530126217712,4734.675700000001,-1504.0193,1526.3768
1402,59966,16.657361111111108,4.03105122765762,-2.249,-2.5729999999999995,-2.1380000000000012,1808.8789247454806,4737.0365,-1503.2447,1524.4068000000002
1403,59967,16.65763888888889,4.489925723216366,-2.159,-2.4939999999999993,-3.0460000000000016,1810.2276490778154,4739.3958,-1502.4696,1522.4363
1404,59968,16.657916666666665,4.243765780530308,-2.0260000000000002,-1.686,-3.3260000000000014,1811.5765088857493,4741.7538,-1501.6941,1520.4653
1405,59969,16.65819444444444,3.3050729190140435,-1.871,-0.7149999999999996,-2.629000000000002,1812.92520107479,4744.1102,-1500.9180999999999,1518.4938
1406,59970,16.658472222222223,2.205143986228565,-1.2920000000000003,-0.05999999999999961,-1.7860000000000014,1814.2739353131656,4746.465200000001,-1500.1417,1516.5218
1407,59971,16.65875,1.262494752464343,-0.6820000000000002,0.5450000000000004,-0.9120000000000014,1815.6227106113001,4748.8188,-1499.3647999999998,1514.5494
1408,59972,16.659027777777776,1.365960833991957,-0.020000000000000108,1.2930000000000004,-0.44000000000000145,1816.9715548704273,4751.171,-1498.5875,1512.5765999999999
1409,59973,16.659305555555555,2.3120391432672593,0.3849999999999999,2.2620000000000005,-0.2840000000000015,1818.3203172988397,4753.5217,-1497.8097,1510.6033
1410,59974,16.659583333333334,3.414825764222825,0.835,3.311,0.032999999999998544,1819.6691175584103,4755.871,-1497.0314,1508.6296
1411,59975,16.659861111111113,4.205124730611448,1.3239999999999998,3.977000000000001,0.3369999999999985,1821.0178622313028,4758.2188,-1496.2527,1506.6554
1412,59976,16.660138888888888,4.826556018529154,1.6529999999999998,4.503,0.5349999999999986,1822.3666417719312,4760.565199999999,-1495.4736,1504.6807
1413,59977,16.660416666666663,5.32303560010639,1.888,4.758000000000001,1.4599999999999986,1823.7153638256018,4762.9101,-1494.694,1502.7055999999998
1414,59978,16.66069444444444,5.349267800362961,1.847,4.309,2.5759999999999987,1825.0639983297701,4765.2535,-1493.9139,1500.73
1415,59979,16.66097222222222,5.104554632874448,1.791,3.7060000000000004,3.018999999999999,1826.4127844227337,4767.5956,-1493.1334000000002,1498.7540000000001
1416,59980,16.66125,5.086309565883695,1.34,3.463,3.475999999999998,1827.761509106007,4769.9362,-1492.3524000000002,1496.7776
1417,59981,16.661527777777774,4.535580888927018,0.7109999999999999,2.6630000000000007,3.601999999999999,1829.1101709535426,4772.275299999999,-1491.5710000000001,1494.8007
1418,59982,16.661805555555553,3.777078897772721,-0.12200000000000015,1.0710000000000004,3.6199999999999988,1830.4588320925918,4774.612999999999,-1490.7891,1492.8233
1419,59983,16.66208333333333,4.115832601066276,-0.6770000000000002,-0.14999999999999955,4.056999999999999,1831.8074280466644,4776.9492,-1490.0068,1490.8454000000002
1420,59984,16.66236111111111,4.639053890611747,-1.366,-1.3209999999999995,4.231999999999998,1833.156077976714,4779.284,-1489.2241,1488.8671
1421,59985,16.662638888888885,5.242142787067134,-2.06,-2.3549999999999995,4.205999999999999,1834.5047233265468,4781.6174,-1488.4409,1486.8883
1422,59986,16.662916666666668,5.552079340211196,-2.574,-2.6849999999999996,4.121999999999999,1835.853300006229,4783.9493,-1487.6572,1484.9091
1423,59987,16.66319444444444,5.075587256663015,-2.724,-2.6209999999999996,3.386999999999999,1837.201926581467,4786.279799999999,-1486.8731,1482.9295
1424,59988,16.663472222222218,4.080734370183876,-2.513,-2.4499999999999997,2.081999999999999,1838.5505455927116,4788.6089,-1486.0885,1480.9494
1425,59989,16.66375,3.4132383450324704,-2.254,-2.4839999999999995,0.6319999999999988,1839.8991206096555,4790.936500000001,-1485.3035,1478.9689
1426,59990,16.664027777777775,4.109205032606671,-2.233,-3.378999999999999,-0.6940000000000013,1841.2477136201044,4793.2627,-1484.5181,1476.9879
1427,59991,16.664305555555554,4.953378947748698,-2.447,-4.226999999999999,-0.8250000000000013,1842.5963232330255,4795.5875,-1483.7322,1475.0065
1428,59992,16.664583333333333,4.7098869413182305,-2.465,-3.937,-0.7790000000000012,1843.9448853875358,4797.910800000001,-1482.9459,1473.0247
1429,59993,16.66486111111111,4.682188590819469,-2.6390000000000002,-3.6879999999999997,-1.1650000000000014,1845.29346175492,4800.2327,-1482.1591,1471.0425
1430,59994,16.665138888888887,4.399867498004912,-2.588,-3.2809999999999997,-1.3770000000000016,1846.6419598881773,4802.553099999999,-1481.3718999999999,1469.0598
1431,59995,16.665416666666665,3.9320479396874095,-2.2590000000000003,-2.6759999999999993,-1.7880000000000014,1847.9904701072853,4804.8721000000005,-1480.5842,1467.0767
1432,59996,16.665694444444444,3.871037587004291,-2.148,-2.4819999999999998,-2.052000000000001,1849.3389914138334,4807.1897,-1479.7961,1465.0931
1433,59997,16.665972222222223,3.744428661358099,-2.116,-2.4489999999999994,-1.8830000000000016,1850.6874024605233,4809.505800000001,-1479.0075000000002,1463.109
1434,59998,16.66625,3.950098479785029,-2.287,-2.9899999999999993,-1.1970000000000014,1852.0358783699944,4811.8205,-1478.2185,1461.1246
1435,59999,16.666527777777777,4.35993876103782,-2.565,-3.521,0.17999999999999874,1853.3843617042508,4814.1338,-1477.4291,1459.1397
1436,60000,16.666805555555555,4.3908119977972175,-2.545,-3.1789999999999994,1.6419999999999988,1854.7327591628862,4816.4456,-1476.6392,1457.1544
1437,60001,16.667083333333334,3.989915537953152,-2.3880000000000003,-2.2889999999999993,2.230999999999999,1856.0811617892791,4818.756,-1475.8489,1455.1686
1438,60002,16.667361111111113,3.996568152803101,-2.128,-1.6769999999999996,2.937999999999999,1857.4294762020013,4821.0649,-1475.0580999999997,1453.1824
1439,60003,16.66763888888889,4.484742356033397,-1.98,-1.4149999999999994,3.7669999999999986,1858.7778855312051,4823.3725,-1474.2669,1451.1957
1440,60004,16.667916666666667,4.877838660718493,-1.8150000000000002,-1.5389999999999995,4.257999999999998,1860.1262043395957,4825.6786,-1473.4752,1449.2086
1441,60005,16.668194444444445,5.662974218553355,-1.923,-1.7579999999999996,5.027999999999999,1861.4744593798907,4827.983200000001,-1472.6831,1447.2211000000002
1442,60006,16.668472222222224,6.537341967497187,-1.89,-1.8579999999999994,5.975999999999999,1862.822741496338,4830.2864,-1471.8906,1445.2332000000001
1443,60007,16.66875,7.613400094570098,-2.0500000000000003,-2.079999999999999,7.030999999999999,1864.171141370199,4832.5883,-1471.0976999999998,1443.2449000000001
1444,60008,16.669027777777778,8.497248790049635,-2.169,-2.1699999999999995,7.9239999999999995,1865.5194464155416,4834.8887,-1470.3044,1441.2561
1445,60009,16.66930555555556,8.782182302822005,-2.201,-2.189999999999999,8.215,1866.8676548420383,4837.1876,-1469.5106,1439.2669
1446,60010,16.669583333333335,8.911849751875307,-2.479,-2.4399999999999995,8.204999999999998,1868.215858103352,4839.4851,-1468.7164,1437.2772
1447,60011,16.66986111111111,8.192339104309585,-2.3720000000000003,-3.1199999999999997,7.193999999999998,1869.5640546108757,4841.781199999999,-1467.9217,1435.2871
1448,60012,16.670138888888893,6.494654186328938,-1.9760000000000002,-3.511,5.093999999999999,1870.9122708187017,4844.0759,-1467.1266,1433.2966000000001
1449,60013,16.670416666666668,4.290379586936334,-1.2130000000000003,-3.252,2.521999999999998,1872.26041378017,4846.3691,-1466.3310999999999,1431.3057000000001
1450,60014,16.670694444444443,3.0293052008670234,-0.5030000000000002,-2.9849999999999994,0.11599999999999824,1873.6085740957526,4848.660900000001,-1465.5352,1429.3144
1451,60015,16.670972222222225,2.9418208647026765,-0.22200000000000014,-2.3549999999999995,-1.7490000000000017,1874.9567234597155,4850.9513,-1464.7389,1427.3226
1452,60016,16.67125,2.9731957554120125,-0.3320000000000002,-1.7749999999999992,-2.362000000000002,1876.304860182447,4853.2403,-1463.9421,1425.3304
1453,60017,16.67152777777778,3.107045541990012,-0.41000000000000025,-1.7359999999999993,-2.544000000000002,1877.6529185452284,4855.5278,-1463.1449,1423.3378
1454,60018,16.671805555555558,3.402171365466473,-0.45500000000000024,-1.6069999999999993,-2.9640000000000013,1879.0009896637234,4857.8139,-1462.3473000000001,1421.3448
1455,60019,16.672083333333337,3.8585313268133525,-0.6720000000000003,-1.4739999999999995,-3.5020000000000016,1880.3490445432385,4860.098599999999,-1461.5492,1419.3514
1456,60020,16.672361111111112,4.12906805465834,-0.7870000000000001,-1.1149999999999995,-3.897000000000001,1881.697109904941,4862.3819,-1460.7507,1417.3576
1457,60021,16.67263888888889,3.5035824522907992,-1.0690000000000002,-0.2999999999999995,-3.3230000000000017,1883.0450922385335,4864.6637,-1459.9518,1415.3633999999997
1458,60022,16.67291666666667,2.730176001652642,-1.512,0.35100000000000053,-2.2460000000000018,1884.3930557036779,4866.944100000001,-1459.1525,1413.3687
1459,60023,16.673194444444444,2.4614942616224007,-2.0870000000000006,0.3720000000000005,-1.2510000000000017,1885.74099846982,4869.2231,-1458.3527,1411.3736000000001
1460,60024,16.673472222222223,2.5585701084785626,-2.5000000000000004,0.4600000000000006,-0.2910000000000017,1887.0889467577895,4871.5007,-1457.5525,1409.3781000000001
1461,60025,16.673750000000002,2.5480529821807085,-2.5380000000000003,0.11100000000000051,0.19699999999999837,1888.4368721429873,4873.7769,-1456.7518,1407.3822
1462,60026,16.67402777777778,2.2268610194621488,-2.038,-0.3289999999999995,-0.8350000000000015,1889.7847085530914,4876.051600000001,-1455.9507,1405.3859
1463,60027,16.674305555555556,3.3735721424033622,-1.4420000000000002,0.24500000000000047,-3.040000000000002,1891.132546857544,4878.3249000000005,-1455.1492,1403.3892
1464,60028,16.674583333333338,4.535725079852174,0.17599999999999963,0.8650000000000004,-4.449000000000002,1892.4803587051326,4880.5968,-1454.3472,1401.3921
1465,60029,16.674861111111113,4.9716574700998875,1.1719999999999997,0.7370000000000004,-4.775000000000001,1893.8281715670048,4882.8673,-1453.5449,1399.3945
1466,60030,16.67513888888889,5.29283572388186,1.5939999999999999,0.6350000000000005,-5.0070000000000014,1895.1758895313287,4885.1363,-1452.7421,1397.3966
1467,60031,16.67541666666667,5.455673835558723,1.8099999999999998,0.36100000000000043,-5.134000000000002,1896.5236974491932,4887.404,-1451.9388999999999,1395.3983
1468,60032,16.675694444444446,4.995505279748987,1.5999999999999996,-0.056999999999999516,-4.732000000000001,1897.871381976113,4889.6702,-1451.1352000000002,1393.3996
1469,60033,16.67597222222222,4.302027196566756,1.3699999999999997,-0.2029999999999995,-4.073000000000002,1899.2190892195752,4891.9349999999995,-1450.3312,1391.4005000000002
1470,60034,16.676250000000003,3.6150243429332547,1.1759999999999997,-0.2089999999999995,-3.4120000000000013,1900.5667629918796,4894.198399999999,-1449.5267,1389.401
1471,60035,16.67652777777778,2.9024258819132673,1.0419999999999996,-0.12599999999999953,-2.7060000000000013,1901.9143373152306,4896.460300000001,-1448.7217999999998,1387.4011
1472,60036,16.676805555555553,2.2419493749859756,0.9009999999999996,0.3060000000000005,-2.0300000000000016,1903.2619958980126,4898.7209,-1447.9165,1385.4008000000001
1473,60037,16.677083333333336,1.1614103495319827,0.7919999999999997,0.1330000000000005,-0.8390000000000015,1904.6095261862679,4900.98,-1447.1108,1383.4
1474,60038,16.67736111111111,0.7308967095287825,-0.6550000000000004,-0.1129999999999995,-0.30400000000000166,1905.9570461238468,4903.2377,-1446.3047,1381.3988
1475,60039,16.67763888888889,1.46694273916878,-1.3360000000000003,0.2080000000000005,-0.5690000000000016,1907.3045532797798,4905.494000000001,-1445.4981,1379.3973
1476,60040,16.67791666666667,1.6337542654879293,-1.4380000000000004,0.1970000000000005,-0.7500000000000016,1908.6520214351337,4907.7489000000005,-1444.6911,1377.3953
1477,60041,16.678194444444443,2.002613792022817,-1.4950000000000003,0.22100000000000053,-1.3140000000000016,1909.9993829995724,4910.0023,-1443.8837,1375.3929
1478,60042,16.678472222222222,2.4134757094282113,-1.2400000000000004,0.4890000000000005,-2.012000000000002,1911.3468495245652,4912.2544,-1443.076,1373.3901
1479,60043,16.67875,2.856818160121503,-0.7360000000000002,1.0150000000000006,-2.5670000000000015,1912.6942055602485,4914.505,-1442.2678,1371.387
1480,60044,16.67902777777778,3.3991878441769017,-0.059000000000000254,1.6860000000000006,-2.951000000000002,1914.0415185840225,4916.7542,-1441.4592,1369.3834
1481,60045,16.679305555555555,4.288503351986566,0.8909999999999997,2.4460000000000006,-3.4080000000000013,1915.3888387705672,4919.0019999999995,-1440.6502,1367.3795
1482,60046,16.679583333333333,5.292963820016157,1.4909999999999997,3.128000000000001,-4.001000000000002,1916.736021006435,4921.2483,-1439.8408,1365.3751
1483,60047,16.679861111111112,6.385447595901169,1.9189999999999998,4.0840000000000005,-4.5180000000000025,1918.0832737508288,4923.4933,-1439.0309000000002,1363.3704
1484,60048,16.68013888888889,7.733191385191499,2.3679999999999994,5.192,-5.219000000000001,1919.4304119059866,4925.7368,-1438.2206,1361.3653
1485,60049,16.680416666666666,8.20926732418917,2.085,5.373,-5.846000000000002,1920.7775270408606,4927.9789,-1437.4099,1359.3598
1486,60050,16.68069444444445,7.54459713967552,1.6359999999999997,4.933000000000002,-5.469000000000002,1922.124645048134,4930.2196,-1436.5989000000002,1357.3539
1487,60051,16.68097222222222,6.473966712920296,1.4879999999999998,4.535000000000001,-4.374000000000001,1923.471710726693,4932.4589,-1435.7874,1355.3476
1488,60052,16.68125,5.608898465830881,1.2819999999999996,3.603,-4.1030000000000015,1924.8187485248395,4934.6968,-1434.9753999999998,1353.341
1489,60053,16.68152777777778,5.29229562666335,0.8949999999999999,2.2580000000000005,-4.702000000000002,1926.1657331232595,4936.9333,-1434.163,1351.3339
1490,60054,16.681805555555556,5.425688896352242,0.33799999999999975,0.6160000000000003,-5.380000000000001,1927.5127416311675,4939.1684000000005,-1433.3503,1349.3265000000001
1491,60055,16.682083333333335,6.059160420388292,-0.6600000000000001,-1.2869999999999997,-5.884000000000002,1928.8596948851177,4941.4021,-1432.5372,1347.3186
1492,60056,16.682361111111113,7.192066949076602,-1.2810000000000001,-2.879,-6.465000000000002,1930.206641018951,4943.634400000001,-1431.7236,1345.3105
1493,60057,16.682638888888892,8.470006139313007,-1.7020000000000004,-4.3100000000000005,-7.090000000000002,1931.5534637991252,4945.8652,-1430.9096999999997,1343.3019
1494,60058,16.682916666666667,9.451886425470846,-1.7360000000000002,-5.394,-7.565000000000002,1932.9003447638545,4948.0947,-1430.0953,1341.2930000000001
1495,60059,16.683194444444446,9.53239796693361,-0.9150000000000003,-5.380999999999999,-7.815000000000002,1934.2471252393566,4950.3227,-1429.2805999999998,1339.2837
1496,60060,16.683472222222225,10.18735083326377,0.07299999999999977,-4.642,-9.068000000000001,1935.5939366159314,4952.5494,-1428.4653999999998,1337.274
1497,60061,16.683750000000003,10.107605057579171,0.5079999999999998,-2.996,-9.640000000000002,1936.9407117314663,4954.7747,-1427.6498,1335.2639
1498,60062,16.68402777777778,9.015667862116484,0.9629999999999997,-1.2029999999999998,-8.883000000000001,1938.287382863443,4956.9985,-1426.8339,1333.2534
1499,60063,16.684305555555554,7.160247062776538,1.0279999999999998,0.1230000000000003,-7.085000000000003,1939.6340401735542,4959.2209,-1426.0176,1331.2426
1500,60064,16.684583333333332,5.973459466674233,0.7799999999999997,1.2770000000000006,-5.783000000000001,1940.9806309206942,4961.4419,-1425.2008,1329.2314
1501,60065,16.68486111111111,5.1321462371994055,0.4049999999999997,2.3000000000000007,-4.570000000000002,1942.3271809692983,4963.6615,-1424.3836000000001,1327.2198
1502,60066,16.68513888888889,3.842717267767694,-0.12200000000000025,2.8140000000000005,-2.6140000000000017,1943.6736888275402,4965.8796999999995,-1423.566,1325.2078
1503,60067,16.685416666666665,3.2139964219021784,-0.7330000000000003,3.128000000000001,-0.09000000000000163,1945.0202715226521,4968.0966,-1422.748,1323.1955
1504,60068,16.685694444444444,4.256412339047992,-1.6890000000000005,2.7900000000000005,2.7349999999999985,1946.3667188806824,4970.312,-1421.9297,1321.1826999999998
1505,60069,16.685972222222222,5.805432800403428,-2.557,1.6010000000000004,4.959999999999998,1947.7130942149226,4972.526,-1421.1109000000001,1319.1695
1506,60070,16.686249999999998,7.290188886441831,-3.271,0.3980000000000006,6.502999999999998,1949.0594481264566,4974.7386,-1420.2917000000002,1317.156
1507,60071,16.68652777777778,7.96945418457249,-3.6300000000000003,-1.9199999999999995,6.829999999999998,1950.4057125072372,4976.949699999999,-1419.4722,1315.1422
1508,60072,16.686805555555555,8.27599087723035,-3.7670000000000003,-3.8059999999999996,6.309999999999999,1951.7519704370957,4979.1595,-1418.6522,1313.1279
1509,60073,16.687083333333334,8.662603881051007,-4.1690000000000005,-5.136,5.592999999999998,1953.0981785115982,4981.367899999999,-1417.8318,1311.1132000000002
1510,60074,16.687361111111112,8.716102397287445,-4.077,-5.723999999999998,5.155999999999998,1954.4443604358326,4983.5749000000005,-1417.011,1309.0982000000001
1511,60075,16.687638888888888,8.760170603361555,-3.7089999999999996,-6.2879999999999985,4.841999999999998,1955.790515131111,4985.7805,-1416.1897999999999,1307.0828999999999
1512,60076,16.687916666666666,8.488859876332036,-3.321,-6.6949999999999985,4.025999999999998,1957.1366432032187,4987.9847,-1415.3683,1305.0672
1513,60077,16.688194444444445,8.14089694075536,-2.683,-7.182999999999998,2.7349999999999985,1958.4825974880205,4990.1874,-1414.5463,1303.0511000000001
1514,60078,16.688472222222224,8.434226816964314,-1.973,-8.043,1.5979999999999985,1959.8285210912363,4992.3887,-1413.7239000000002,1301.0347000000002
1515,60079,16.688750000000002,8.526042575544649,-1.8920000000000001,-8.293000000000001,0.5829999999999984,1961.1745061506729,4994.5887,-1412.9011,1299.018
1516,60080,16.689027777777778,8.42316146111423,-1.9780000000000002,-8.186,0.16299999999999848,1962.5203406298722,4996.787200000001,-1412.0778999999998,1297.0009
1517,60081,16.689305555555556,8.067280396763211,-2.272,-7.734999999999999,-0.29800000000000154,1963.866209822057,4998.984399999999,-1411.2543,1294.9834
1518,60082,16.689583333333335,8.236919205625366,-2.599,-7.809,-0.3340000000000016,1965.212044271139,5001.1802,-1410.4303,1292.9656
1519,60083,16.68986111111111,8.203999878108238,-2.15,-7.916999999999999,0.06499999999999843,1966.5578181371843,5003.3746,-1409.6059,1290.9474
1520,60084,16.69013888888889,8.79190656228784,-2.241,-8.475999999999999,0.6579999999999984,1967.9035566062685,5005.5676,-1408.7812,1288.9288000000001
1521,60085,16.690416666666664,9.198871289457198,-2.424,-8.855999999999998,0.5609999999999984,1969.249256311868,5007.7591999999995,-1407.9561,1286.9099
1522,60086,16.690694444444443,9.684215920765089,-2.815,-9.263,0.23799999999999838,1970.594866012257,5009.9493999999995,-1407.1304999999998,1284.8906000000002
1523,60087,16.69097222222222,10.106013160490143,-3.4870000000000005,-9.482,-0.25300000000000156,1971.9404372724061,5012.138199999999,-1406.3046,1282.8709
1524,60088,16.69125,9.787374367009775,-4.162000000000001,-8.761999999999999,-1.3030000000000015,1973.2860599850897,5014.325699999999,-1405.4783,1280.8509000000001
1525,60089,16.691527777777775,9.133330225060298,-4.396,-7.693,-2.216000000000002,1974.6315222592275,5016.5117,-1404.6516,1278.8305
1526,60090,16.691805555555554,8.870055129479185,-4.6049999999999995,-6.978,-2.963000000000002,1975.9770103350443,5018.6964,-1403.8245000000002,1276.8097
1527,60091,16.692083333333336,8.401289484358934,-4.471,-6.331999999999999,-3.240000000000002,1977.3224529572908,5020.8797,-1402.997,1274.7886
1528,60092,16.69236111111111,7.377312044369548,-4.074,-5.140999999999999,-3.376000000000002,1978.6677818545863,5023.061500000001,-1402.1691999999998,1272.7672
1529,60093,16.69263888888889,6.763624028581129,-3.779,-3.7629999999999995,-4.160000000000002,1980.0130396750199,5025.2419,-1401.341,1270.7454
1530,60094,16.69291666666667,6.519899539103346,-3.251,-2.0669999999999993,-5.2600000000000025,1981.3582226592075,5027.4209,-1400.5123,1268.7233
1531,60095,16.693194444444448,6.278631777704441,-2.4330000000000003,-0.027999999999999404,-5.788000000000002,1982.7034258780382,5029.5986,-1399.6832000000002,1266.7008
1532,60096,16.693472222222223,6.293915633371647,-1.4780000000000002,1.6930000000000007,-5.879000000000001,1984.0485810340383,5031.774899999999,-1398.8538,1264.6779
1533,60097,16.69375,5.760251209799796,-0.6540000000000001,2.317,-5.233000000000001,1985.3936843113484,5033.9498,-1398.024,1262.6547
1534,60098,16.69402777777778,5.037309103082718,0.010999999999999899,2.2010000000000005,-4.5310000000000015,1986.7386173754664,5036.1232,-1397.1938,1260.6311
1535,60099,16.694305555555555,4.04151530988069,0.546,1.9830000000000005,-3.4790000000000014,1988.0836159205242,5038.2953,-1396.3633,1258.6072
1536,60100,16.694583333333334,3.183293420343153,0.9709999999999999,1.7800000000000005,-2.4540000000000015,1989.4285596296322,5040.465999999999,-1395.5324,1256.583
1537,60101,16.69486111111111,2.8515436170607678,0.826,1.8120000000000005,-2.0410000000000013,1990.7734234964623,5042.6353,-1394.7011,1254.5584
1538,60102,16.695138888888888,3.105486274321625,0.434,2.2830000000000004,-2.0600000000000014,1992.118180794534,5044.8032,-1393.8692999999998,1252.5334
1539,60103,16.695416666666667,3.5897360627210477,0.28500000000000003,2.9860000000000007,-1.9720000000000018,1993.4629967182161,5046.969800000001,-1393.0371,1250.5082
1540,60104,16.695694444444445,3.605516467858663,0.297,3.2360000000000007,-1.5620000000000016,1994.8077556494723,5049.135,-1392.2046,1248.4825999999998
1541,60105,16.69597222222222,2.96048053531855,-0.08000000000000002,2.6190000000000007,-1.3780000000000017,1996.1523629276962,5051.2987,-1391.3718000000001,1246.4566
1542,60106,16.69625,2.6865131676580347,-0.597,2.1880000000000006,-1.4400000000000017,1997.4969086351025,5053.461,-1390.5386,1244.4303
1543,60107,16.696527777777778,3.682849033017782,-1.276,2.6760000000000006,-2.1850000000000014,1998.8414595459922,5055.622,-1389.7049000000002,1242.4037
1544,60108,16.696805555555553,4.7372276702729845,-2.4339999999999997,2.939000000000001,-2.8070000000000013,2000.1859492982833,5057.7816,-1388.8709000000001,1240.3767
1545,60109,16.697083333333335,6.212300861999523,-3.4530000000000003,3.2080000000000006,-4.0470000000000015,2001.5303738002908,5059.9398,-1388.0365000000002,1238.3494
1546,60110,16.69736111111111,7.566003172084982,-4.072,3.6740000000000004,-5.2120000000000015,2002.8747097124465,5062.0966,-1387.2017,1236.3217
1547,60111,16.69763888888889,8.284495518738604,-4.012,4.109,-5.971000000000002,2004.2189783871283,5064.252,-1386.3664999999999,1234.2937
1548,60112,16.697916666666668,8.69145568935377,-3.969,4.035000000000001,-6.596000000000001,2005.5632986213088,5066.4061,-1385.531,1232.2653999999998
1549,60113,16.698194444444447,9.06144569039621,-4.259,3.5260000000000007,-7.179000000000002,2006.9075267210392,5068.5588,-1384.6951,1230.2367
1550,60114,16.69847222222222,9.494666186865128,-4.481,3.2620000000000005,-7.7090000000000005,2008.25168434952,5070.7101,-1383.8588,1228.2077
1551,60115,16.69875,9.142955594336003,-4.52,3.5190000000000006,-7.126000000000002,2009.595770526593,5072.860000000001,-1383.0221000000001,1226.1784
1552,60116,16.69902777777778,7.998596501887067,-4.615,3.075,-5.764000000000002,2010.9398557993845,5075.0086,-1382.185,1224.1487
1553,60117,16.699305555555558,7.159090514862905,-4.725,2.0940000000000003,-4.954000000000002,2012.2838931015874,5077.1558,-1381.3475999999998,1222.1187
1554,60118,16.699583333333333,7.217708846995702,-4.203,2.484000000000001,-5.316000000000002,2013.6278557457838,5079.3016,-1380.5098,1220.0884
1555,60119,16.69986111111111,7.218952070764844,-3.932,3.3930000000000007,-5.014000000000002,2014.9717199355382,5081.446,-1379.6716000000001,1218.0576999999998
1556,60120,16.70013888888889,6.701240258340243,-3.6079999999999997,4.059,-3.926000000000001,2016.315533311023,5083.589,-1378.8331,1216.0267
1557,60121,16.700416666666666,5.873685810460074,-3.5450000000000004,3.974000000000001,-2.4780000000000015,2017.6593627408815,5085.7307,-1377.9942,1213.9954000000002
1558,60122,16.700694444444444,4.8044914403087455,-3.813,2.8350000000000004,-0.7120000000000017,2019.0031133117664,5087.870999999999,-1377.1549,1211.9638
1559,60123,16.700972222222223,4.509737353771281,-4.375,0.8910000000000002,0.6349999999999982,2020.3466930221596,5090.0098,-1376.3153,1209.9317999999998
1560,60124,16.70125,5.692537746910422,-5.523999999999999,-0.7489999999999998,1.1529999999999982,2021.6901693477666,5092.147199999999,-1375.4753,1207.8994
1561,60125,16.701527777777777,6.520891810174432,-6.1129999999999995,-2.0349999999999993,1.0059999999999982,2023.0336576962277,5094.2833,-1374.6348999999998,1205.8667
1562,60126,16.701805555555552,6.762795353993791,-6.267,-2.5039999999999996,0.43599999999999817,2024.3771107970904,5096.418,-1373.7941999999998,1203.8337999999999
1563,60127,16.70208333333333,6.2007522930689625,-5.6259999999999994,-2.5629999999999997,0.47799999999999815,2025.7204574527327,5098.5513,-1372.9531,1201.8005
1564,60128,16.70236111111111,5.883113631403017,-4.851,-3.0589999999999997,1.3119999999999983,2027.0638129963895,5100.6833,-1372.1116,1199.7669
1565,60129,16.702638888888888,6.281992836672132,-3.9589999999999996,-4.528,1.8129999999999982,2028.4070822049325,5102.813899999999,-1371.2697,1197.733
1566,60130,16.702916666666663,6.043964675608221,-3.4240000000000004,-4.837999999999999,1.1829999999999985,2029.7502642933257,5104.9431,-1370.4274,1195.6988
1567,60131,16.703194444444442,5.292846965480865,-2.575,-4.619999999999999,-0.1980000000000018,2031.0933611768694,5107.0709,-1369.5848,1193.6642
1568,60132,16.703472222222224,4.276015201095525,-1.709,-3.4199999999999995,-1.915000000000002,2032.4363685959681,5109.1973,-1368.7418,1191.6293
1569,60133,16.70375,3.819616472893582,-1.3210000000000002,-1.7949999999999995,-3.1020000000000016,2033.7793799319297,5111.3224,-1367.8984,1189.5941
1570,60134,16.704027777777775,3.8406651767630064,-0.655,-0.5779999999999995,-3.740000000000002,2035.1224193306457,5113.4462,-1367.0547,1187.5585999999998
1571,60135,16.704305555555557,4.241900045969968,-0.7200000000000001,0.05400000000000049,-4.1800000000000015,2036.4653661441691,5115.5686000000005,-1366.2105999999999,1185.5228
1572,60136,16.704583333333332,5.372937185562476,-1.0930000000000002,0.7060000000000004,-5.213000000000002,2037.808197556938,5117.6896,-1365.3661,1183.4866
1573,60137,16.70486111111111,6.3547401205714165,-1.56,1.6290000000000007,-5.941000000000002,2039.1509595520172,5119.8092,-1364.5212999999999,1181.4501
1574,60138,16.70513888888889,6.640342536345548,-1.5750000000000002,2.3180000000000005,-6.020000000000001,2040.493625872035,5121.9274000000005,-1363.6761000000001,1179.4133
1575,60139,16.705416666666668,7.019500267113039,-1.842,3.0180000000000002,-6.064000000000002,2041.8362933039843,5124.0443000000005,-1362.8306,1177.3761
1576,60140,16.705694444444443,6.918306801523046,-2.0780000000000003,2.9030000000000005,-5.926000000000002,2043.1788631979075,5126.159799999999,-1361.9847000000002,1175.3386
1577,60141,16.705972222222222,6.563395462715927,-2.632,2.6440000000000006,-5.400000000000001,2044.521334362161,5128.2739,-1361.1384,1173.3007999999998
1578,60142,16.706249999999997,5.834716359858465,-3.2990000000000004,1.9830000000000005,-4.385000000000002,2045.8638250567597,5130.3867,-1360.2918,1171.2627
1579,60143,16.706527777777776,4.996189047664231,-3.144,1.4250000000000003,-3.612000000000002,2047.2062151289078,5132.4981,-1359.4448,1169.2242999999999
1580,60144,16.706805555555555,4.606190725534496,-3.4760000000000004,0.9290000000000005,-2.8760000000000017,2048.5485033933164,5134.6081,-1358.5974,1167.1856
1581,60145,16.707083333333333,4.2929412993890335,-3.2379999999999995,0.9740000000000005,-2.6450000000000014,2049.89071359321,5136.716699999999,-1357.7496999999998,1165.1466
1582,60146,16.70736111111111,3.551681714343222,-2.857,0.6870000000000005,-1.9950000000000017,2051.232820090238,5138.8239,-1356.9016000000001,1163.1073000000001
1583,60147,16.707638888888887,3.2403077014382453,-2.787,0.2560000000000005,-1.6330000000000016,2052.5749160868195,5140.9298,-1356.0531,1161.0677
1584,60148,16.707916666666666,3.5203056685464125,-3.25,0.1540000000000005,-1.3440000000000016,2053.9169098022035,5143.0343,-1355.2042999999999,1159.0277
1585,60149,16.708194444444445,3.7641013535769736,-3.597,-0.0949999999999995,-1.1050000000000018,2055.258912435243,5145.1375,-1354.3551,1156.9875
1586,60150,16.708472222222223,4.150279267711994,-3.9880000000000004,-0.3549999999999995,-1.0930000000000015,2056.600831981736,5147.2393,-1353.5056,1154.947
1587,60151,16.70875,4.281269087548691,-4.119,-0.2519999999999995,-1.1400000000000017,2057.9426672282043,5149.3397,-1352.6558,1152.9062000000001
1588,60152,16.709027777777777,4.701212822240661,-4.289,-0.015999999999999504,-1.9250000000000014,2059.2843713218585,5151.438700000001,-1351.8056000000001,1150.8650000000002
1589,60153,16.709305555555556,5.107046210873758,-4.536,0.4400000000000005,-2.3050000000000015,2060.626083876776,5153.5364,-1350.9551,1148.8235
1590,60154,16.70958333333333,5.218074261640975,-4.385,0.7930000000000005,-2.7150000000000016,2061.967684406274,5155.6327,-1350.1042000000002,1146.7817
1591,60155,16.70986111111111,5.337850878396661,-4.529999999999999,0.5260000000000005,-2.774000000000002,2063.309266253391,5157.7277,-1349.2529,1144.7395999999999
1592,60156,16.71013888888889,5.830236787644221,-4.789,0.5220000000000005,-3.2840000000000016,2064.650758885632,5159.8213,-1348.4013,1142.6972
1593,60157,16.710416666666667,6.0606978971072305,-4.943,0.6770000000000005,-3.441000000000001,2065.992136498854,5161.913500000001,-1347.5493000000001,1140.6545
1594,60158,16.710694444444446,6.547558399892284,-5.154,0.6470000000000005,-3.9860000000000015,2067.333513588314,5164.0044,-1346.6969000000001,1138.6115999999997
1595,60159,16.71097222222222,6.656341938332196,-4.91,1.1220000000000003,-4.352000000000002,2068.6747774670803,5166.0939,-1345.8442,1136.5683
1596,60160,16.71125,6.251726561518827,-4.458,1.4390000000000005,-4.1400000000000015,2070.0160179328514,5168.1821,-1344.9911,1134.5247
1597,60161,16.71152777777778,6.120636159746796,-4.526999999999999,1.4570000000000005,-3.8530000000000015,2071.357233866573,5170.269,-1344.1375999999998,1132.4807999999998
1598,60162,16.711805555555554,5.479950547222121,-4.237,1.5550000000000006,-3.108000000000002,2072.6983750318977,5172.3544999999995,-1343.2838,1130.4367
1599,60163,16.712083333333332,5.474187245610074,-4.401,2.0300000000000002,-2.5450000000000017,2074.039395220137,5174.4385999999995,-1342.4296,1128.3923
1600,60164,16.71236111111111,5.112884606560176,-4.111,2.6620000000000004,-1.4680000000000017,2075.3803178077073,5176.5213,-1341.5751,1126.3475999999998
1601,60165,16.712638888888886,5.1069997062854835,-3.6390000000000002,3.561000000000001,-0.39800000000000163,2076.72112123342,5178.6026,-1340.7203,1124.3025
1602,60166,16.712916666666665,5.016705093983501,-3.005,3.9440000000000013,0.7629999999999985,2078.061915757485,5180.6826,-1339.8651000000002,1122.2572
1603,60167,16.713194444444444,4.813873803913019,-2.791,3.66,1.4099999999999984,2079.4027044988084,5182.7613,-1339.0095999999999,1120.2116
1604,60168,16.71347222222222,4.717388472449561,-2.773,2.992000000000001,2.3689999999999984,2080.743346844954,5184.8386,-1338.1537,1118.1656
1605,60169,16.713749999999997,5.270472749194326,-3.179,2.7390000000000008,3.1889999999999987,2082.083882587887,5186.914500000001,-1337.2974,1116.1194
1606,60170,16.71402777777778,5.577308669959015,-3.5780000000000003,2.0920000000000005,3.7319999999999984,2083.4243147379575,5188.989,-1336.4408,1114.0729
1607,60171,16.714305555555555,5.204736112426834,-3.4530000000000003,1.6870000000000007,3.509999999999998,2084.764642123643,5191.0621,-1335.5839,1112.0261
1608,60172,16.714583333333334,4.830385698885752,-3.317,1.2110000000000005,3.2959999999999985,2086.1049340573477,5193.1339,-1334.7266,1109.9789999999998
1609,60173,16.714861111111112,4.1635585741046075,-2.9,0.26200000000000057,2.9759999999999986,2087.445119419687,5195.204299999999,-1333.8690000000001,1107.9316000000001
1610,60174,16.71513888888889,4.066158014637404,-3.1559999999999997,-0.7489999999999994,2.451999999999999,2088.785267599916,5197.2734,-1333.011,1105.8839
1611,60175,16.715416666666666,4.4514256143397475,-3.821,-1.7699999999999996,1.4429999999999985,2090.1253978845402,5199.341200000001,-1332.1526,1103.836
1612,60176,16.715694444444445,5.258158327779793,-4.572,-2.5379999999999994,0.5509999999999985,2091.465398296896,5201.4076000000005,-1331.2939,1101.7876999999999
1613,60177,16.71597222222222,5.795428715806969,-5.1530000000000005,-2.5989999999999993,-0.5280000000000015,2092.8052638843455,5203.4726,-1330.4348,1099.7391
1614,60178,16.71625,5.5465074596542285,-4.912000000000001,-2.2799999999999994,-1.1990000000000014,2094.1451329967126,5205.5363,-1329.5754000000002,1097.6903
1615,60179,16.716527777777777,5.413864700932228,-4.5649999999999995,-2.441,-1.5850000000000013,2095.4848892078307,5207.5986,-1328.7157,1095.6412
1616,60180,16.716805555555556,5.340456628416712,-4.3309999999999995,-2.1039999999999996,-2.3100000000000014,2096.824626664994,5209.659600000001,-1327.8556999999998,1093.5918
1617,60181,16.71708333333333,5.25079479698074,-4.165,-1.7299999999999993,-2.6890000000000014,2098.1643201616953,5211.7193,-1326.9953,1091.5421000000001
1618,60182,16.71736111111111,5.3747257604458305,-4.15,-1.5089999999999992,-3.0640000000000014,2099.5038737865952,5213.777599999999,-1326.1345,1089.4921
1619,60183,16.71763888888889,5.676962744285013,-4.0840000000000005,-0.9089999999999993,-3.837000000000002,2100.8434058203893,5215.8346,-1325.2734,1087.4418
1620,60184,16.717916666666664,5.457438410096811,-3.715,-0.07999999999999936,-3.997000000000002,2102.182839858946,5217.8902,-1324.412,1085.3913
1621,60185,16.718194444444443,4.798586979518034,-3.308,0.3020000000000006,-3.463000000000001,2103.5221311446207,5219.9444,-1323.5502000000001,1083.3405
1622,60186,16.71847222222222,4.250342339153401,-2.985,0.44400000000000056,-2.993000000000001,2104.861373965635,5221.9973,-1322.688,1081.2894000000001
1623,60187,16.71875,3.6373739153405724,-2.633,0.5060000000000006,-2.458000000000001,2106.2006348288996,5224.0489,-1321.8256,1079.2381
1624,60188,16.719027777777775,3.6991297625252355,-2.6239999999999997,0.4030000000000006,-2.5760000000000014,2107.5397740241315,5226.0991,-1320.9629,1077.1865
1625,60189,16.719305555555554,4.094060209620763,-2.646,0.4030000000000006,-3.0980000000000016,2108.878766363547,5228.1479,-1320.0998000000002,1075.1345999999999
1626,60190,16.719583333333333,4.286464510526129,-2.596,0.4510000000000005,-3.381000000000001,2110.2177063412355,5230.1954,-1319.2363,1073.0824
1627,60191,16.719861111111108,4.214650044784266,-2.479,0.30300000000000055,-3.395000000000002,2111.5564979366377,5232.2415,-1318.3724,1071.0299
1628,60192,16.72013888888889,4.276626357305489,-2.2600000000000002,0.35800000000000054,-3.6130000000000018,2112.895283024366,5234.2863,-1317.5083,1068.9771
1629,60193,16.720416666666665,4.362746841154092,-2.35,0.48200000000000054,-3.644000000000001,2114.2339370084537,5236.3297,-1316.6437999999998,1066.9241
1630,60194,16.72069444444444,4.84615837545576,-2.5669999999999997,0.10900000000000057,-4.109000000000002,2115.5725344423527,5238.3718,-1315.7788999999998,1064.8708000000001
1631,60195,16.720972222222223,5.784276445675813,-2.875,0.4150000000000006,-5.002000000000002,2116.9111224759195,5240.4126,-1314.9137999999998,1062.8172
1632,60196,16.721249999999998,6.226329978406222,-2.6580000000000004,1.3140000000000005,-5.475000000000001,2118.2496004571176,5242.452,-1314.0484000000001,1060.7634
1633,60197,16.721527777777773,6.50973570892091,-1.8849999999999998,2.0470000000000006,-5.885000000000002,2119.587881011109,5244.49,-1313.1825000000001,1058.7091999999998
1634,60198,16.721805555555555,7.014332042325914,-1.698,3.1990000000000007,-6.0070000000000014,2120.9261443712576,5246.5267,-1312.3163,1056.6548
1635,60199,16.72208333333333,7.32458742865426,-1.576,4.034000000000001,-5.907000000000002,2122.264346801813,5248.5621,-1311.4497,1054.6001
1636,60200,16.72236111111111,6.848670089878766,-1.9120000000000001,4.287000000000001,-4.987000000000002,2123.6024350967646,5250.596100000001,-1310.5828,1052.5452
1637,60201,16.722638888888888,7.132060221282488,-2.073,5.027,-4.615000000000002,2124.940484591475,5252.6288,-1309.7156,1050.49
1638,60202,16.722916666666663,7.314057013723644,-2.275,5.914000000000001,-3.6530000000000014,2126.278393849513,5254.6601,-1308.8480000000002,1048.4346
1639,60203,16.72319444444444,6.569478974774181,-2.287,5.902000000000001,-1.7590000000000017,2127.616261976009,5256.6901,-1307.9801000000002,1046.3789000000002
1640,60204,16.72347222222222,5.662629512867676,-2.155,5.232000000000001,-0.21800000000000158,2128.954088108886,5258.718800000001,-1307.1119,1044.3229
1641,60205,16.72375,4.3488860642697915,-1.832,3.9190000000000005,0.4449999999999985,2130.2917524404284,5260.7461,-1306.2433,1042.2666000000002
1642,60206,16.724027777777774,3.0531107087690086,-1.908,2.2900000000000005,0.6609999999999985,2131.6293915724973,5262.7721,-1305.3744,1040.2101
1643,60207,16.724305555555553,2.703624973993249,-2.428,0.7020000000000008,0.9599999999999984,2132.966909588209,5264.7967,-1304.5052,1038.1534
1644,60208,16.72458333333333,3.0488437152468135,-2.522,-1.2419999999999993,1.1799999999999984,2134.304339441398,5266.820000000001,-1303.6356,1036.0963
1645,60209,16.72486111111111,4.502090736535637,-2.5989999999999998,-3.4239999999999995,1.3379999999999985,2135.6416695003836,5268.8419,-1302.7658,1034.039
1646,60210,16.725138888888885,6.182678545743745,-2.5629999999999997,-5.622999999999999,0.19599999999999848,2136.9789283596106,5270.8625,-1301.8956,1031.9814000000001
1647,60211,16.725416666666668,8.424590079048356,-2.9989999999999997,-7.840999999999998,-0.7060000000000015,2138.3160620653293,5272.8817,-1301.0251,1029.9236
1648,60212,16.72569444444444,10.611112948225554,-2.818,-10.087,-1.7050000000000014,2139.6531459532334,5274.8996,-1300.1543,1027.8654999999999
1649,60213,16.725972222222218,11.887593911300973,-2.995,-10.819999999999999,-3.9080000000000013,2140.9901559842847,5276.9162,-1299.2830999999999,1025.8071
1650,60214,16.72625,12.21129792446323,-3.319,-10.279999999999998,-5.694000000000001,2142.3270192447135,5278.9313999999995,-1298.4116,1023.7484000000001
1651,60215,16.726527777777775,11.74829919605387,-3.5129999999999995,-9.160999999999998,-6.4620000000000015,2143.663848714198,5280.9453,-1297.5398,1021.6894999999998
1652,60216,16.726805555555554,11.073152486984004,-3.468,-7.829000000000001,-7.021000000000003,2145.000601270379,5282.9579,-1296.6676,1019.6303
1653,60217,16.727083333333333,9.838317386626638,-3.3920000000000003,-6.339999999999999,-6.715000000000001,2146.337317907295,5284.9692000000005,-1295.7950999999998,1017.5708999999999
1654,60218,16.72736111111111,8.84300418409943,-3.661,-5.170999999999999,-6.169000000000001,2147.6739024997487,5286.9791,-1294.9223,1015.5112999999999
1655,60219,16.727638888888887,8.42572192752645,-3.747,-4.109,-6.330000000000002,2149.0104306514904,5288.9877,-1294.0492,1013.4513999999999
1656,60220,16.727916666666665,7.4765546878224605,-3.53,-2.7729999999999992,-5.979000000000001,2150.346806511668,5290.9949,-1293.1758,1011.3912
1657,60221,16.728194444444444,6.378861575547789,-3.225,-1.4649999999999994,-5.3050000000000015,2151.683119260265,5293.0008,-1292.3020000000001,1009.3308
1658,60222,16.728472222222223,6.162658273829566,-3.4169999999999994,-0.0779999999999994,-5.128000000000001,2153.0193730319907,5295.0054,-1291.4279,1007.2701000000001
1659,60223,16.728749999999998,5.168758555011059,-3.05,0.5390000000000006,-4.138000000000002,2154.355489754579,5297.0086,-1290.5535,1005.2091999999999
1660,60224,16.729027777777777,4.4455212292823445,-2.8270000000000004,0.5710000000000005,-3.3830000000000013,2155.691563768059,5299.0105,-1289.6788000000001,1003.1481
1661,60225,16.729305555555555,3.9957239644399873,-2.6919999999999997,0.49500000000000066,-2.911000000000002,2157.0275529502023,5301.0111,-1288.8037,1001.0867000000001
1662,60226,16.72958333333333,3.705151413910099,-2.8609999999999998,0.3010000000000006,-2.3350000000000017,2158.363383996165,5303.0103,-1287.9283,999.025
1663,60227,16.729861111111113,4.0878254610489435,-3.3,0.0860000000000006,-2.4110000000000014,2159.699151374526,5305.008199999999,-1287.0526,996.9630000000001
1664,60228,16.730138888888888,4.412492039652877,-3.411,0.2380000000000006,-2.7890000000000015,2161.034776536365,5307.0046999999995,-1286.1766,994.9008
1665,60229,16.730416666666663,4.318037285619476,-3.511,1.1580000000000008,-2.2310000000000016,2162.370408829735,5309.0,-1285.3002000000001,992.8383
1666,60230,16.730694444444445,4.367582970019002,-3.7379999999999995,1.544000000000001,-1.6490000000000016,2163.7059929160755,5310.994,-1284.4235,990.7755999999999
1667,60231,16.73097222222222,4.441066313398169,-3.8890000000000002,1.7650000000000006,-1.2180000000000015,2165.0414141632,5312.9866,-1283.5465,988.7126000000001
1668,60232,16.731249999999996,4.523947391382885,-4.0920000000000005,1.8000000000000012,-0.6940000000000015,2166.3766663042343,5314.9778,-1282.6691,986.6494
1669,60233,16.731527777777778,4.686721348661557,-4.295999999999999,1.7150000000000005,-0.7540000000000014,2167.7118670403993,5316.967699999999,-1281.7914,984.586
1670,60234,16.731805555555553,4.5107402940094,-4.123,1.5930000000000009,-0.9000000000000015,2169.0469977791695,5318.9563,-1280.9134,982.5223
1671,60235,16.732083333333332,4.228998344762031,-3.9229999999999996,1.4470000000000007,-0.6330000000000015,2170.381979818224,5320.943499999999,-1280.0351,980.4584000000001
1672,60236,16.73236111111111,3.9964646876958643,-3.739,1.3970000000000007,-0.20000000000000143,2171.7169076777814,5322.9294,-1279.1564999999998,978.3942999999999
1673,60237,16.732638888888886,3.5330803840275133,-3.3810000000000002,0.9500000000000007,0.3859999999999986,2173.05176289477,5324.914,-1278.2776000000001,976.3299
1674,60238,16.732916666666664,3.2799788109071684,-3.2150000000000007,0.19400000000000076,0.6199999999999986,2174.386538791555,5326.8973,-1277.3983,974.2653
1675,60239,16.733194444444443,3.093959598960529,-3.025,-0.5439999999999993,0.3549999999999986,2175.7211621022225,5328.8792,-1276.5187,972.2005000000001
1676,60240,16.733472222222222,2.6704252470346357,-2.461,-0.9129999999999991,0.4909999999999986,2177.0557101635586,5330.8598,-1275.6388,970.1353999999999
1677,60241,16.73375,3.0937100704493945,-2.3880000000000003,-1.9229999999999994,0.41299999999999865,2178.3901992565325,5332.839099999999,-1274.7586,968.0701000000001
1678,60242,16.734027777777776,3.9501558197114197,-2.649,-2.8989999999999996,-0.4270000000000014,2179.7246111338004,5334.8171,-1273.8781000000001,966.0045
1679,60243,16.734305555555558,4.398869627529327,-2.567,-3.4809999999999994,-0.8020000000000014,2181.0589447921184,5336.7938,-1272.9973,963.9386000000001
1680,60244,16.734583333333333,4.784497988295114,-2.836,-3.6659999999999995,-1.1870000000000016,2182.393098112516,5338.7690999999995,-1272.1161,961.8725000000001
1681,60245,16.734861111111112,5.090574525532457,-3.04,-3.6819999999999995,-1.7650000000000012,2183.7272114308917,5340.743100000001,-1271.2347,959.8062
1682,60246,16.73513888888889,5.315746043595386,-3.272,-3.4239999999999995,-2.4140000000000015,2185.0612212438346,5342.7158,-1270.3529,957.7396000000001
1683,60247,16.73541666666667,5.325632544590362,-3.447,-2.893,-2.8480000000000016,2186.3950707262275,5344.6871,-1269.4707999999998,955.6727999999999
1684,60248,16.735694444444444,5.41566837980318,-3.322,-2.6439999999999992,-3.362000000000001,2187.7288374619775,5346.6571,-1268.5884,953.6057000000001
1685,60249,16.735972222222223,5.454443509653392,-3.4910000000000005,-2.0629999999999997,-3.648000000000001,2189.0625377425945,5348.6258,-1267.7057,951.5384000000001
1686,60250,16.736250000000002,5.814034313624234,-3.9830000000000005,-1.5049999999999994,-3.959000000000002,2190.396170906627,5350.5932,-1266.8227000000002,949.4709
1687,60251,16.736527777777777,6.0145947494407315,-4.345000000000001,-1.1899999999999995,-3.9850000000000017,2191.729735561016,5352.5593,-1265.9394,947.4032
1688,60252,16.736805555555556,5.469985466159852,-4.074,-0.4439999999999994,-3.623000000000002,2193.0632310480146,5354.5241000000005,-1265.0557999999999,945.3353
1689,60253,16.737083333333334,5.454739223830963,-4.328,0.0140000000000006,-3.3200000000000016,2194.39652106597,5356.4875,-1264.1718,943.2671
1690,60254,16.737361111111113,5.472058661966264,-4.607,0.6560000000000006,-2.8790000000000013,2195.7297624468265,5358.4496,-1263.2876,941.1986999999999
1691,60255,16.73763888888889,5.609387399707743,-4.654999999999999,1.5110000000000006,-2.7410000000000014,2197.062892243269,5360.4104,-1262.403,939.1299999999999
1692,60256,16.737916666666667,5.588698327875642,-4.537999999999999,2.2960000000000007,-2.317000000000001,2198.3959494186583,5362.3699,-1261.5181,937.0611000000001
1693,60257,16.738194444444446,5.619149045896541,-4.868,2.3760000000000003,-1.4940000000000015,2199.7289325791617,5364.328100000001,-1260.6329,934.992
1694,60258,16.73847222222222,5.7485548618761575,-5.109,2.5890000000000004,-0.4910000000000013,2201.0618408792484,5366.285,-1259.7474,932.9226999999998
1695,60259,16.738750000000003,5.83460735611232,-5.276999999999999,2.4830000000000005,0.17499999999999857,2202.394656800647,5368.2406,-1258.8615999999997,930.8530999999999
1696,60260,16.73902777777778,6.1049898443813975,-5.351,2.8820000000000006,0.5759999999999985,2203.7272777397475,5370.1948,-1257.9753999999998,928.7833
1697,60261,16.739305555555557,6.144224035628909,-4.725,3.658,1.4299999999999986,2205.0598044168073,5372.1476999999995,-1257.0889,926.7131999999999
1698,60262,16.739583333333336,6.06104520689295,-4.448,3.3890000000000007,2.3379999999999983,2206.3921565219634,5374.0992,-1256.2021,924.6429
1699,60263,16.73986111111111,5.552638021697434,-4.003,2.7140000000000004,2.7279999999999984,2207.724564319205,5376.049499999999,-1255.3151,922.5724999999999
1700,60264,16.74013888888889,4.766438817398162,-3.5170000000000003,1.7630000000000003,2.6909999999999985,2209.0568527885034,5377.9985,-1254.4276999999997,920.5018
1701,60265,16.74041666666667,4.395885121337908,-3.414,0.4210000000000004,2.7369999999999988,2210.389060136723,5379.9462,-1253.54,918.4309000000001
1702,60266,16.740694444444447,4.293590106193184,-3.332,-1.1659999999999997,2.4439999999999986,2211.721111663304,5381.8925,-1252.6520999999998,916.3598000000002
1703,60267,16.740972222222222,3.8112980728355526,-2.9110000000000005,-2.0459999999999994,1.3659999999999988,2213.0530575844286,5383.8375,-1251.7638000000002,914.2885
1704,60268,16.74125,3.829591231450166,-2.801,-2.522,0.6779999999999986,2214.384903246383,5385.781199999999,-1250.8752,912.2169
1705,60269,16.74152777777778,4.3313851133326855,-2.818,-3.258,0.4529999999999985,2215.716567982455,5387.7235,-1249.9863,910.1451000000001
1706,60270,16.741805555555555,5.2403241311964655,-2.9839999999999995,-4.304999999999999,0.1539999999999985,2217.048147011061,5389.6645,-1249.0971,908.0731
1707,60271,16.742083333333333,6.193226864890386,-3.569,-5.003,-0.7670000000000015,2218.3796614611138,5391.6042,-1248.2077000000002,906.0009
1708,60272,16.742361111111116,6.8561099757807265,-4.02,-5.249999999999999,-1.8120000000000012,2219.7111461327936,5393.5427,-1247.3179,903.9284
1709,60273,16.74263888888889,7.295403621459199,-4.447,-5.127,-2.6760000000000015,2221.042445833242,5395.4798,-1246.4278,901.8557000000001
1710,60274,16.742916666666666,7.20963778563112,-4.398,-4.683,-3.272000000000001,2222.3736562432896,5397.4156,-1245.5374,899.7828
1711,60275,16.743194444444445,6.91957578179472,-3.843,-4.638,-3.4060000000000015,2223.704776335909,5399.350100000001,-1244.6466999999998,897.7097
1712,60276,16.743472222222223,6.266103573992375,-2.902,-4.366999999999999,-3.431000000000002,2225.0357892004536,5401.2833,-1243.7557000000002,895.6362999999999
1713,60277,16.74375,5.621500867206195,-1.938,-3.9419999999999993,-3.5080000000000013,2226.366709834811,5403.215200000001,-1242.8644,893.5627000000001
1714,60278,16.74402777777778,5.228500645500583,-1.129,-3.3329999999999997,-3.8670000000000018,2227.6975376244613,5405.1458,-1241.9728,891.4889
1715,60279,16.744305555555556,5.060894486155586,-0.15700000000000003,-2.6479999999999997,-4.310000000000001,2229.028271433932,5407.0751,-1241.0809,889.4149
1716,60280,16.74458333333333,5.160333807032256,0.876,-1.8499999999999996,-4.737000000000002,2230.3589104565535,5409.0031,-1240.1887000000002,887.3407
1717,60281,16.744861111111113,5.282109143135913,1.9100000000000001,-1.2009999999999994,-4.776000000000002,2231.68945346521,5410.9298,-1239.2962000000002,885.2663
1718,60282,16.74513888888889,5.199047797433681,2.849,-0.4159999999999995,-4.3290000000000015,2233.019900273784,5412.8552,-1238.4034,883.1917000000001
1719,60283,16.745416666666667,5.34763826375719,3.783,0.5110000000000005,-3.745000000000002,2234.350233652827,5414.7793,-1237.5103,881.1168
1720,60284,16.745694444444446,5.289278967874544,4.308,0.9980000000000004,-2.9020000000000015,2235.680468734212,5416.7021,-1236.6169000000002,879.0417
1721,60285,16.745972222222225,5.442149024052908,4.488,1.6010000000000004,-2.629000000000002,2237.010508152593,5418.6235,-1235.7232,876.9664
1722,60286,16.74625,5.4357060258994885,4.14,2.216,-2.7380000000000018,2238.3404629010097,5420.5436,-1234.8292000000001,874.891
1723,60287,16.74652777777778,5.1464097194063365,3.7760000000000007,2.309,-2.6260000000000012,2239.670301052354,5422.462399999999,-1233.9349,872.8153
1724,60288,16.746805555555557,4.240803107903031,3.0489999999999995,2.2390000000000008,-1.9170000000000016,2241.000037371848,5424.3799,-1233.0403000000001,870.7394
1725,60289,16.747083333333336,3.389945574784351,2.209,2.2510000000000003,-1.2430000000000014,2242.329670744559,5426.2961000000005,-1232.1453999999999,868.6632999999999
1726,60290,16.74736111111111,2.6031615393594003,1.387,2.115,-0.6160000000000014,2243.6593185558136,5428.2111,-1231.2503000000002,866.5869999999999
1727,60291,16.747638888888893,1.9821314285384817,0.589,1.8820000000000003,-0.20000000000000143,2244.988728086237,5430.124699999999,-1230.3548,864.5103999999999
1728,60292,16.74791666666667,1.963383049738385,0.16800000000000004,1.9550000000000005,-0.0680000000000014,2246.318069382515,5432.036999999999,-1229.4591,862.4336999999999
1729,60293,16.748194444444444,1.6493010640874524,-0.03199999999999994,1.6470000000000007,-0.08100000000000138,2247.647304224493,5433.948,-1228.5631,860.3567999999999
1730,60294,16.748472222222226,1.247949518209772,-0.10899999999999996,1.2190000000000005,-0.24400000000000138,2248.976431829531,5435.8577,-1227.6668,858.2797
1731,60295,16.74875,1.0331572968333531,-0.46299999999999997,0.9030000000000005,-0.19400000000000137,2250.3054360953224,5437.7661,-1226.7702000000002,856.2022999999999
1732,60296,16.749027777777776,0.9267502360398946,-0.833,0.3990000000000006,0.0759999999999986,2251.634427551161,5439.6732999999995,-1225.8733,854.1247
1733,60297,16.74930555555556,1.217705218844035,-1.117,0.2260000000000005,0.4289999999999986,2252.963309356205,5441.5792,-1224.9760999999999,852.0468999999999
1734,60298,16.749583333333334,0.8820719925266864,-0.8089999999999999,-0.12899999999999945,0.32699999999999857,2254.2919840239497,5443.4837,-1224.0786,849.9689000000001
1735,60299,16.74986111111111,0.7398020005379811,-0.3389999999999999,-0.6309999999999996,0.18499999999999858,2255.620643460235,5445.387,-1223.1808,847.8906999999999
1736,60300,16.75013888888889,0.9086798115948209,0.12700000000000006,-0.8869999999999993,-0.1510000000000014,2256.9490937703067,5447.2889,-1222.2827,845.8122999999999
1737,60301,16.750416666666666,1.1577344255052624,0.626,-0.9169999999999995,-0.3280000000000014,2258.2775421690217,5449.1896,-1221.3843,843.7338
1738,60302,16.75069444444444,1.6160884876763397,0.818,-1.3829999999999996,-0.17300000000000143,2259.6057648021233,5451.088900000001,-1220.4856,841.6550000000001
1739,60303,16.750972222222224,1.9640621171439558,0.662,-1.8359999999999996,0.21999999999999859,2260.933886954438,5452.9869,-1219.5866,839.5761
1740,60304,16.75125,2.359931143063288,0.5890000000000001,-2.2449999999999997,0.4269999999999986,2262.26187850532,5454.8836,-1218.6873,837.4968999999999
1741,60305,16.751527777777778,2.5625274632674664,0.7090000000000001,-2.4049999999999994,0.5289999999999986,2263.5898860731836,5456.7791,-1217.7878,835.4176
1742,60306,16.751805555555556,2.712559492435142,1.0030000000000001,-2.4509999999999996,0.5869999999999985,2264.9176577072494,5458.6732,-1216.8879000000002,833.3381000000002
1743,60307,16.75208333333333,2.942794250368176,1.4420000000000002,-2.5349999999999993,0.3929999999999986,2266.2453323703535,5460.566000000001,-1215.9877999999999,831.2584
1744,60308,16.75236111111111,3.1394244695485183,1.7560000000000002,-2.5709999999999993,0.4029999999999986,2267.572984167287,5462.4576,-1215.0874,829.1785
1745,60309,16.75263888888889,3.098991126157027,1.8490000000000002,-2.4469999999999996,0.4439999999999985,2268.900419022896,5464.3478000000005,-1214.1867,827.0984000000001
1746,60310,16.752916666666668,3.1327531023047435,1.842,-2.4429999999999996,0.6729999999999986,2270.2278291018483,5466.236800000001,-1213.2857,825.0181
1747,60311,16.753194444444443,3.1838005590802947,1.7560000000000002,-2.5129999999999995,0.8589999999999985,2271.555027357555,5468.1244,-1212.3845000000001,822.9375
1748,60312,16.75347222222222,3.0746754300250934,1.698,-2.4199999999999995,0.8449999999999986,2272.882213772423,5470.0108,-1211.483,820.8567999999999
1749,60313,16.75375,3.2645351889664163,1.8050000000000002,-2.518,1.0289999999999986,2274.2092617129683,5471.8959,-1210.5812,818.7758
1750,60314,16.75402777777778,3.805000131406042,1.9950000000000003,-3.1399999999999997,0.7989999999999986,2275.5361997853206,5473.7797,-1209.6791,816.6947
1751,60315,16.754305555555558,4.057677414482329,2.307,-3.319,0.35599999999999854,2276.863012146102,5475.662200000001,-1208.7767,814.6134
1752,60316,16.754583333333336,3.9827284617457916,2.3790000000000004,-3.1659999999999995,0.42299999999999854,2278.1897052146514,5477.5434000000005,-1207.8741,812.5318
1753,60317,16.75486111111111,3.7779981471673585,2.223,-3.0099999999999993,0.5209999999999987,2279.516360809497,5479.423400000001,-1206.9711,810.4501
1754,60318,16.755138888888887,3.485364830258089,2.262,-2.61,0.46799999999999853,2280.84281301982,5481.302,-1206.0679,808.3682
1755,60319,16.755416666666665,3.3412294144521115,2.337,-2.3619999999999997,0.3509999999999986,2282.1692330206283,5483.1794,-1205.1644000000001,806.2861
1756,60320,16.755694444444444,3.0585678020929987,2.1980000000000004,-2.0679999999999996,0.49699999999999855,2283.495426521587,5485.0554,-1204.2606,804.2038
1757,60321,16.755972222222223,2.865168406917819,1.919,-1.8899999999999995,0.9769999999999985,2284.821600191433,5486.9302,-1203.3564999999999,802.1214
1758,60322,16.75625,2.614906499284438,1.528,-1.7459999999999998,1.2059999999999984,2286.147628352712,5488.8036999999995,-1202.4521,800.0387
1759,60323,16.75652777777778,2.0799399029779675,1.1470000000000002,-1.3539999999999996,1.0849999999999986,2287.473538190804,5490.6759,-1201.5474,797.9559
1760,60324,16.75680555555555,1.5963893635325925,0.7550000000000002,-0.40499999999999964,1.3469999999999984,2288.7993361077197,5492.546799999999,-1200.6425000000002,795.8729
1761,60325,16.757083333333334,1.8240762045484815,0.15100000000000022,0.19800000000000034,1.8069999999999982,2290.124978854099,5494.4164,-1199.7372,793.7897
1762,60326,16.75736111111111,1.8891932140466718,-0.2909999999999998,0.37300000000000033,1.8289999999999984,2291.4506186085937,5496.284799999999,-1198.8317,791.7064
1763,60327,16.757638888888888,2.234085719035864,-0.8249999999999998,0.6150000000000004,1.9829999999999983,2292.776012213302,5498.1518,-1197.9259000000002,789.6228
1764,60328,16.757916666666667,2.5362292877419415,-1.577,0.6670000000000004,1.8709999999999987,2294.101379763744,5500.017600000001,-1197.0198,787.5391000000001
1765,60329,16.758194444444445,2.596482428209364,-1.9339999999999997,0.4890000000000003,1.6619999999999984,2295.426631062271,5501.8821,-1196.1135,785.4552000000001
1766,60330,16.75847222222222,2.2209673568064874,-1.7419999999999998,0.19400000000000034,1.3639999999999985,2296.7517441082755,5503.7453000000005,-1195.2069,783.3711000000001
1767,60331,16.75875,1.6858048522886617,-1.3999999999999997,0.06300000000000035,0.9369999999999987,2298.076814818775,5505.6073,-1194.3,781.2868000000001
1768,60332,16.759027777777778,1.5628733154033938,-0.9419999999999998,0.07200000000000034,1.2449999999999986,2299.401662698401,5507.467900000001,-1193.3928,779.2024
1769,60333,16.759305555555553,1.5795562668040655,-0.5229999999999998,0.03700000000000035,1.4899999999999987,2300.7264529980353,5509.3273,-1192.4853,777.1177
1770,60334,16.75958333333333,1.2212464943654893,-0.3629999999999998,0.14500000000000032,1.1569999999999987,2302.051101853392,5511.185399999999,-1191.5774999999999,775.0328000000001
1771,60335,16.75986111111111,0.7456057939689027,-0.1659999999999998,-0.035999999999999664,0.7259999999999985,2303.3756427701105,5513.0422,-1190.6695,772.9478
1772,60336,16.76013888888889,0.35142851335655617,0.07500000000000023,-0.25399999999999967,0.23099999999999854,2304.7000403383527,5514.8976999999995,-1189.7612000000001,770.8625999999999
1773,60337,16.760416666666668,0.8064961252231789,0.30400000000000016,-0.4339999999999996,-0.6080000000000015,2306.0243151320965,5516.7519,-1188.8527,768.7772
1774,60338,16.760694444444443,1.4281344474523412,0.5920000000000002,-0.4479999999999997,-1.2200000000000015,2307.3485417433812,5518.6049,-1187.9439,766.6915999999999
1775,60339,16.76097222222222,1.233105429393612,0.4180000000000003,0.4600000000000004,-1.0650000000000015,2308.6726152491487,5520.4565999999995,-1187.0347,764.6058999999999
1776,60340,16.76125,1.781291946874516,-0.18799999999999972,1.4510000000000003,-1.0160000000000016,2309.9965630404117,5522.307,-1186.1253000000002,762.52
1777,60341,16.76152777777778,2.882016308073222,-1.0049999999999997,2.3320000000000003,-1.3630000000000018,2311.3203635657405,5524.1561,-1185.2156,760.4339
1778,60342,16.761805555555558,4.344354612597826,-2.0769999999999995,2.992,-2.368000000000001,2312.6441335547893,5526.003999999999,-1184.3057,758.3475999999999
1779,60343,16.762083333333333,5.957391543284696,-3.1529999999999996,3.7320000000000007,-3.4090000000000016,2313.967671068107,5527.8505000000005,-1183.3955,756.2612
1780,60344,16.76236111111111,6.958751037362956,-3.8939999999999997,4.602,-3.4760000000000013,2315.2911765428344,5529.6957999999995,-1182.4851,754.1745999999999
1781,60345,16.76263888888889,7.7284273950138145,-4.49,5.6530000000000005,-2.7590000000000012,2316.614510442433,5531.5398000000005,-1181.5743,752.0878
1782,60346,16.762916666666666,8.055967849985501,-4.987,6.1850000000000005,-1.3320000000000014,2317.937692893577,5533.3825,-1180.6632,750.0008
1783,60347,16.763194444444444,7.570335329428942,-4.83,5.801,0.5739999999999987,2319.2608539986845,5535.224,-1179.7519,747.9137
1784,60348,16.763472222222223,7.105946946044559,-4.467,5.172,1.9469999999999985,2320.583764994705,5537.0641000000005,-1178.8403,745.8264
1785,60349,16.76375,5.928591485336125,-3.842,3.817,2.4119999999999986,2321.9066396501544,5538.903,-1177.9285,743.7389000000001
1786,60350,16.764027777777777,4.915145369162543,-3.2429999999999994,2.582,2.6409999999999987,2323.229372397779,5540.7406,-1177.0164,741.6513
1787,60351,16.764305555555556,4.223793200430152,-2.4439999999999995,1.5470000000000002,3.0779999999999985,2324.5519498018684,5542.5769,-1176.1039999999998,739.5635
1788,60352,16.76458333333333,4.124412806691394,-1.515,0.6300000000000004,3.783999999999998,2325.874370870958,5544.411900000001,-1175.1913,737.4755
1789,60353,16.76486111111111,4.63419561520659,-0.5369999999999999,-0.21399999999999952,4.597999999999998,2327.1968493942136,5546.2458,-1174.2784,735.3873
1790,60354,16.76513888888889,5.273574973393286,0.2600000000000001,-1.3279999999999996,5.0969999999999995,2328.5190857678,5548.078299999999,-1173.3652,733.2990000000001
1791,60355,16.765416666666667,5.63228284090918,0.8280000000000001,-2.4549999999999996,5.000999999999999,2329.8412808878024,5549.9096,-1172.4518,731.2104999999999
1792,60356,16.765694444444442,5.252027608457517,1.1310000000000002,-3.0719999999999996,4.106999999999998,2331.163329123693,5551.7396,-1171.5381,729.1219
1793,60357,16.765972222222224,4.2026967532764,1.0120000000000002,-2.9699999999999998,2.7959999999999985,2332.485216981678,5553.568300000001,-1170.6241,727.0331
1794,60358,16.766250000000003,2.9512629499927643,0.6830000000000002,-2.2699999999999996,1.7579999999999985,2333.8070611421776,5555.3958,-1169.7099,724.9440999999999
1795,60359,16.766527777777775,1.5117241811917927,0.2590000000000001,-0.8499999999999996,1.2229999999999985,2335.1286462344215,5557.2219000000005,-1168.7954,722.8549
1796,60360,16.766805555555557,0.7327482514479311,-0.4819999999999999,0.5400000000000003,-0.11400000000000148,2336.4502625511477,5559.046899999999,-1167.8806,720.7655
1797,60361,16.767083333333332,2.5898573319779614,-1.034,2.2030000000000003,-0.8860000000000016,2337.77174832578,5560.8706,-1166.9656,718.676
1798,60362,16.76736111111111,3.9957258414460823,-1.3739999999999999,3.493,-1.3700000000000014,2339.093082203689,5562.693000000001,-1166.0503,716.5863999999999
1799,60363,16.76763888888889,4.754817662119128,-1.9089999999999996,4.183000000000001,-1.2110000000000016,2340.4141538755766,5564.514,-1165.1347,714.4966000000001
1800,60364,16.767916666666665,5.067472052216963,-2.428,4.2829999999999995,-1.2000000000000015,2341.7352660076494,5566.3339,-1164.2188,712.4067
1801,60365,16.768194444444443,5.327530947821891,-2.6559999999999997,4.345000000000001,-1.5650000000000017,2343.056231623509,5568.1525,-1163.3027,710.3166
1802,60366,16.768472222222222,5.7291536024093475,-2.63,4.774,-1.7650000000000017,2344.3770295373733,5569.969800000001,-1162.3863000000001,708.2263
1803,60367,16.76875,6.0855901932351655,-2.5679999999999996,5.050000000000001,-2.2220000000000018,2345.697691566759,5571.7858,-1161.4697,706.1359
1804,60368,16.76902777777778,6.26954113153427,-2.675,5.039000000000001,-2.6000000000000014,2347.018184488729,5573.6005000000005,-1160.5528,704.0453
1805,60369,16.769305555555555,6.059970709500171,-2.5789999999999997,4.648000000000001,-2.9100000000000015,2348.338616818083,5575.414,-1159.6356,701.9546
1806,60370,16.769583333333333,5.229349768374651,-1.9769999999999999,4.313000000000001,-2.1990000000000016,2349.658898580837,5577.2262,-1158.7182,699.8637
1807,60371,16.769861111111112,4.381784453849824,-1.7609999999999997,3.665,-1.6330000000000016,2350.9790206823764,5579.0371,-1157.8004999999998,697.7727
1808,60372,16.770138888888887,4.175788308810685,-1.7939999999999998,3.614,-1.0760000000000014,2352.299087650657,5580.8468,-1156.8826,695.6814999999999
1809,60373,16.770416666666666,4.180099879189491,-1.6909999999999996,3.7730000000000006,-0.6150000000000013,2353.6190908600506,5582.6553,-1155.9644,693.5902
1810,60374,16.770694444444445,3.926486979476693,-1.8699999999999997,3.4520000000000004,-0.06400000000000139,2354.9388108558255,5584.4624,-1155.0458999999998,691.4985999999999
1811,60375,16.77097222222222,3.653528978946246,-2.1439999999999997,2.9530000000000003,0.17699999999999863,2356.2584653162075,5586.268300000001,-1154.1271000000002,689.4069
1812,60376,16.77125,3.374263919731235,-2.27,2.4890000000000003,0.19399999999999862,2357.57806163038,5588.072999999999,-1153.2081,687.3149999999999
1813,60377,16.771527777777777,3.67811378290558,-2.764,2.3600000000000003,0.5649999999999986,2358.8974932238843,5589.876399999999,-1152.2888,685.223
1814,60378,16.771805555555552,3.7864010616943364,-2.949,2.1660000000000004,0.9739999999999986,2360.2168570552894,5591.6786,-1151.3691999999999,683.1308999999999
1815,60379,16.772083333333335,3.741877870802306,-3.117,1.8850000000000005,0.8559999999999987,2361.5360629727147,5593.4794999999995,-1150.4494,681.0386
1816,60380,16.77236111111111,3.804297701284692,-3.3229999999999995,1.5160000000000002,1.0639999999999987,2362.8551020068508,5595.2791,-1149.5293000000001,678.9462
1817,60381,16.772638888888885,3.3923503651598246,-3.2039999999999997,0.8200000000000003,0.7549999999999988,2364.1740669695855,5597.0775,-1148.609,676.8534999999999
1818,60382,16.772916666666667,3.014506924855208,-2.9899999999999998,0.37600000000000033,-0.07600000000000132,2365.4928633814066,5598.8746,-1147.6884,674.7607
1819,60383,16.773194444444442,2.886123005001693,-2.756,0.08100000000000032,-0.8530000000000012,2366.811498844578,5600.670400000001,-1146.7676000000001,672.6677000000001
1820,60384,16.773472222222217,2.914313126621778,-2.4069999999999996,0.6140000000000003,-1.5240000000000014,2368.1300815923432,5602.465,-1145.8465999999999,670.5746
1821,60385,16.77375,3.120081088689844,-2.2209999999999996,1.3360000000000003,-1.7370000000000012,2369.448493238246,5604.2582999999995,-1144.9252999999999,668.4814
1822,60386,16.774027777777775,3.3465213281854345,-2.25,1.7760000000000002,-1.727000000000001,2370.7667529337205,5606.050300000001,-1144.0038,666.3881
1823,60387,16.774305555555554,3.4063003390775752,-2.0789999999999997,2.079,-1.7200000000000013,2372.084914158131,5607.8411,-1143.0819999999999,664.2945000000001
1824,60388,16.774583333333332,3.6356612878539725,-2.161,2.4040000000000004,-1.664000000000001,2373.4029021049546,5609.6305999999995,-1142.1599,662.2008
1825,60389,16.774861111111107,3.4956522996430874,-2.1710000000000003,2.438,-1.2500000000000013,2374.7208328678944,5611.4189,-1141.2376,660.107
1826,60390,16.775138888888886,3.417920712948152,-2.2009999999999996,2.2660000000000005,-1.3050000000000013,2376.0385771912397,5613.2059,-1140.315,658.0129999999999
1827,60391,16.775416666666665,3.7944318415277936,-2.4869999999999997,2.56,-1.2880000000000014,2377.356145831158,5614.991599999999,-1139.3921,655.9189
1828,60392,16.775694444444444,3.7500593328639487,-2.748,2.455,-0.6960000000000013,2378.673643507175,5616.7761,-1138.469,653.8246
1829,60393,16.77597222222222,3.782453436593767,-2.836,2.4330000000000003,-0.5870000000000013,2379.9910612527046,5618.5594,-1137.5456,651.7302
1830,60394,16.776249999999997,3.9240378438542107,-2.9859999999999998,2.474,-0.6010000000000012,2381.3083203522997,5620.341399999999,-1136.622,649.6357
1831,60395,16.77652777777778,4.049400696399407,-3.0769999999999995,2.614,-0.3110000000000013,2382.6254086341387,5622.1221,-1135.6982,647.5409999999999
1832,60396,16.776805555555555,3.978545085832257,-2.896,2.7270000000000003,-0.07400000000000129,2383.942383653005,5623.9016,-1134.774,645.4461
1833,60397,16.77708333333333,3.9990421353119046,-2.86,2.787,0.21299999999999875,2385.259306254856,5625.6799,-1133.8496,643.3512
1834,60398,16.777361111111112,3.9359369913655886,-2.768,2.724,0.6399999999999988,2386.5760559357827,5627.4569,-1132.925,641.2561000000001
1835,60399,16.77763888888889,4.182034313584717,-2.981,2.757,1.0009999999999988,2387.8926121288614,5629.232599999999,-1132.0001,639.1608
1836,60400,16.777916666666666,4.42252088745774,-2.977,2.931,1.4509999999999987,2389.2091023367184,5631.007100000001,-1131.075,637.0654000000001
1837,60401,16.778194444444445,4.602248798142056,-2.703,3.0620000000000003,2.1209999999999987,2390.525397878814,5632.7803,-1130.1496000000002,634.9698
1838,60402,16.778472222222224,4.674654853569405,-2.678,3.1250000000000004,2.2169999999999987,2391.8416256518503,5634.5523,-1129.2240000000002,632.8741
1839,60403,16.778749999999995,5.235011174773172,-3.1049999999999995,3.5789999999999997,2.2259999999999986,2393.1576874381303,5636.322999999999,-1128.2982,630.7783000000001
1840,60404,16.779027777777777,5.761114735882284,-3.251,4.351000000000001,1.920999999999999,2394.4736300401046,5638.092500000001,-1127.3719999999998,628.6823
1841,60405,16.779305555555553,6.117919744488317,-2.953,5.003,1.9179999999999986,2395.7894048003627,5639.8607,-1126.4456000000002,626.5862
1842,60406,16.77958333333333,6.585287693032097,-2.8979999999999997,5.667,1.688999999999999,2397.1051282739863,5641.627699999999,-1125.5191,624.49
1843,60407,16.77986111111111,7.142230883974558,-2.8489999999999998,6.21,2.0809999999999986,2398.4206521238702,5643.393399999999,-1124.5923,622.3936
1844,60408,16.78013888888889,7.254629763123684,-2.735,6.292,2.3579999999999988,2399.736084141333,5645.1579,-1123.6652,620.2971
1845,60409,16.780416666666664,6.825748530381119,-2.401,5.909000000000001,2.4309999999999987,2401.051315402364,5646.9211000000005,-1122.7378,618.2004
1846,60410,16.780694444444443,5.907548899501383,-2.3169999999999993,5.063000000000001,1.9739999999999989,2402.3664724098157,5648.6831,-1121.8102000000001,616.1036
1847,60411,16.78097222222222,5.026060186667087,-2.4,4.305000000000001,0.9839999999999989,2403.6815547685646,5650.4439,-1120.8824,614.0067
1848,60412,16.781249999999996,4.506476006815081,-2.1529999999999996,3.911,0.6139999999999989,2404.996444252279,5652.2034,-1119.9542999999999,611.9097
1849,60413,16.78152777777778,3.5794470243321106,-1.5659999999999998,3.1930000000000005,0.4059999999999988,2406.3111297593628,5653.9616,-1119.0259,609.8125
1850,60414,16.781805555555554,2.81372422244967,-1.2319999999999998,2.486,0.4679999999999989,2407.6257381854257,5655.7186,-1118.0973,607.7152
1851,60415,16.782083333333333,2.3942368303908452,-1.3969999999999998,1.9400000000000002,-0.13100000000000112,2408.9402576912244,5657.4744,-1117.1685,605.6177
1852,60416,16.78236111111111,2.4022593531923238,-1.72,1.6130000000000002,-0.45900000000000113,2410.254562235734,5659.2289,-1116.2393,603.5201
1853,60417,16.78263888888889,2.4501112219652406,-1.3669999999999998,1.5500000000000003,-1.3160000000000012,2411.5687768088114,5660.9822,-1115.3098999999997,601.4223
1854,60418,16.78291666666667,2.649249138907099,-1.166,1.6070000000000004,-1.754000000000001,2412.882813325324,5662.7342,-1114.3803,599.3244000000001
1855,60419,16.783194444444444,3.240036419548399,-1.454,1.9260000000000002,-2.1620000000000017,2414.1967688201244,5664.485,-1113.4505,597.2264
1856,60420,16.783472222222223,3.775427657895196,-1.565,2.7270000000000003,-2.090000000000001,2415.5105251774903,5666.2345000000005,-1112.5203999999999,595.1283
1857,60421,16.78375,4.111283011421131,-1.55,3.428,-1.6580000000000013,2416.824198748622,5667.9828,-1111.5901,593.0301000000001
1858,60422,16.78402777777778,4.3566603034893605,-1.5819999999999999,3.7930000000000006,-1.446000000000001,2418.1377592279446,5669.7299,-1110.6595,590.9317
1859,60423,16.784305555555555,4.520204641385167,-1.6320000000000001,4.101,-0.9750000000000011,2419.451235332473,5671.4758,-1109.7287000000001,588.8332
1860,60424,16.784583333333337,4.123628741775865,-1.396,3.8370000000000006,-0.5770000000000012,2420.764528581804,5673.2204,-1108.7977,586.7346
1861,60425,16.784861111111113,3.776065280156052,-1.3359999999999999,3.5070000000000006,-0.4180000000000012,2422.077706621374,5674.9637999999995,-1107.8664,584.6358
1862,60426,16.785138888888888,3.1843971171950276,-1.2599999999999998,2.9160000000000004,-0.2230000000000012,2423.390700202747,5676.7059,-1106.9348999999997,582.5369000000001
1863,60427,16.78541666666667,3.08265518668566,-1.515,2.6770000000000005,-0.20300000000000118,2424.703489680883,5678.4467,-1106.0031,580.4379000000001
1864,60428,16.785694444444445,3.0558563447910965,-1.513,2.592,-0.5750000000000012,2426.016190563262,5680.1863,-1105.0711,578.3388
1865,60429,16.785972222222224,3.3366958207184547,-1.273,2.899,-1.0530000000000013,2427.328802357796,5681.9247000000005,-1104.1389,576.2396000000001
1866,60430,16.786250000000003,3.444784318357247,-1.1289999999999998,2.8970000000000002,-1.4830000000000012,2428.6412952409664,5683.6619,-1103.2064,574.1402
1867,60431,16.78652777777778,3.5425802743198362,-1.275,2.7530000000000006,-1.829000000000001,2429.9535996165073,5685.397800000001,-1102.2737,572.0407
1868,60432,16.786805555555556,3.471643270844515,-1.5429999999999997,2.4330000000000007,-1.9370000000000007,2431.2657148006156,5687.1324,-1101.3408,569.9411
1869,60433,16.787083333333335,3.5697700206035687,-1.8909999999999996,2.0360000000000005,-2.241000000000001,2432.577709186414,5688.8658,-1100.4076,567.8412999999999
1870,60434,16.787361111111114,3.721096881297235,-2.032,2.0630000000000006,-2.337000000000001,2433.8896103547563,5690.598,-1099.4742,565.7414
1871,60435,16.787638888888893,3.4129888660820447,-2.0439999999999996,2.0690000000000004,-1.786000000000001,2435.2013012905495,5692.3288999999995,-1098.5404999999998,563.6414000000001
1872,60436,16.787916666666668,2.9681927161153134,-2.01,1.858,-1.148000000000001,2436.5128974151776,5694.0586,-1097.6066,561.5413
1873,60437,16.78819444444445,2.796215299292957,-2.308,1.4340000000000004,-0.6600000000000013,2437.8243982471913,5695.7871,-1096.6725000000001,559.4411
1874,60438,16.788472222222225,3.095225032206867,-2.835,1.2130000000000003,-0.26800000000000124,2439.135774443667,5697.5144,-1095.7381,557.3407
1875,60439,16.78875,3.243786984374899,-3.177,0.6040000000000003,0.2529999999999988,2440.44705368259,5699.2405,-1094.8035,555.2402
1876,60440,16.789027777777783,3.5288590224037,-3.4869999999999997,0.1860000000000004,0.5089999999999988,2441.758137507285,5700.9653,-1093.8687,553.1396
1877,60441,16.789305555555558,3.6762286381562284,-3.598,-0.29799999999999965,0.6929999999999987,2443.0691039259204,5702.688899999999,-1092.9336,551.0389
1878,60442,16.789583333333333,3.695150335236714,-3.604,-0.6459999999999997,0.4979999999999987,2444.3799430869885,5704.4113,-1091.9982,548.938
1879,60443,16.789861111111115,3.5934703282481686,-3.492,-0.8459999999999998,-0.057000000000001314,2445.690612627653,5706.1323999999995,-1091.0627,546.8371
1880,60444,16.79013888888889,3.861166015596843,-3.6389999999999993,-0.9809999999999995,-0.8390000000000013,2447.0011533110737,5707.8523000000005,-1090.1269,544.7360000000001
1881,60445,16.790416666666665,4.367420863621915,-3.7019999999999995,-1.2439999999999996,-1.9550000000000012,2448.3115926003784,5709.571000000001,-1089.1909,542.6348
1882,60446,16.790694444444448,5.333138006839876,-3.7309999999999994,-0.9439999999999996,-3.6920000000000015,2449.621901631769,5711.288500000001,-1088.2546,540.5334
1883,60447,16.790972222222223,5.732042742338896,-3.2310000000000003,-0.3319999999999997,-4.723000000000001,2450.9320188238476,5713.0046999999995,-1087.3181,538.432
1884,60448,16.791249999999998,5.82673570706618,-2.3519999999999994,0.7280000000000004,-5.2810000000000015,2452.242023279002,5714.7197,-1086.3814,536.3304
1885,60449,16.79152777777778,5.810379849889335,-1.7319999999999998,1.9530000000000005,-5.191000000000002,2453.551806644635,5716.4334,-1085.4443999999999,534.2286999999999
1886,60450,16.791805555555555,5.403230145015111,-1.2639999999999998,2.96,-4.340000000000002,2454.861484568718,5718.1459,-1084.5072,532.1269
1887,60451,16.792083333333334,5.018780031043402,-0.7449999999999998,3.7580000000000005,-3.2420000000000018,2456.171037762443,5719.8572,-1083.5697,530.025
1888,60452,16.792361111111113,4.546320930158803,-0.5319999999999998,4.009,-2.0770000000000013,2457.480404968669,5721.5671999999995,-1082.6321,527.923
1889,60453,16.79263888888889,4.314496726154744,0.05200000000000023,4.127000000000001,-1.2570000000000012,2458.789743616978,5723.2761,-1081.6942000000001,525.8208999999999
1890,60454,16.792916666666667,4.356532221848015,0.5860000000000002,4.204000000000001,-0.9810000000000013,2460.0987782557204,5724.9836000000005,-1080.7561,523.7187000000001
1891,60455,16.793194444444445,4.682042396219838,0.5310000000000001,4.622000000000001,-0.5260000000000014,2461.407685399442,5726.689899999999,-1079.8177,521.6164
1892,60456,16.793472222222224,5.21334566281577,0.6540000000000002,5.059,1.0759999999999987,2462.7165011432858,5728.3949999999995,-1078.8792,519.5139999999999
1893,60457,16.793750000000003,5.3399013099494645,0.22300000000000017,4.824000000000001,2.278999999999999,2464.025178640986,5730.0989,-1077.9404,517.4114000000001
1894,60458,16.794027777777778,4.612695199121658,-0.4749999999999998,3.5440000000000005,2.913999999999999,2465.333655842933,5731.8015,-1077.0014,515.3088
1895,60459,16.79430555555556,3.6231980348857546,-0.8699999999999998,2.0500000000000003,2.8579999999999988,2466.6421003744904,5733.503000000001,-1076.0620999999999,513.2061000000001
1896,60460,16.794583333333335,2.422750709421007,-1.2819999999999996,0.8340000000000003,1.8789999999999984,2467.950325278393,5735.2032,-1075.1226,511.1032
1897,60461,16.79486111111111,2.3360284672922966,-1.9659999999999997,-0.19199999999999964,1.2469999999999988,2469.25843645829,5736.9022,-1074.1829,509.00020000000006
1898,60462,16.795138888888893,2.0514862904733233,-1.8599999999999999,-0.7599999999999996,0.4139999999999988,2470.56641496828,5738.6,-1073.2429,506.8971
1899,60463,16.795416666666668,2.416416561770756,-2.338,-0.5399999999999996,-0.28500000000000125,2471.874171712192,5740.2964999999995,-1072.3027,504.79380000000003
1900,60464,16.795694444444447,2.9741803913011062,-2.96,-0.2649999999999997,-0.11800000000000126,2473.1819007343956,5741.991899999999,-1071.3622,502.6905
1901,60465,16.795972222222225,2.910651817033429,-2.898,-0.27099999999999963,-0.007000000000001272,2474.4895314428913,5743.6861,-1070.4216,500.5871
1902,60466,16.796250000000004,3.6033120875106004,-3.473,-0.6519999999999998,-0.7050000000000013,2475.7969285000863,5745.379,-1069.4806999999998,498.4836
1903,60467,16.796527777777776,3.8815891075692184,-3.6229999999999998,-0.7419999999999997,-1.1790000000000014,2477.1042073599974,5747.0707,-1068.5396,496.37999999999994
1904,60468,16.796805555555558,3.8836773810397798,-3.539,-0.2899999999999997,-1.573000000000001,2478.4113408464527,5748.7612,-1067.5982,494.2762000000001
1905,60469,16.797083333333333,3.945971490013581,-3.429,0.5450000000000003,-1.875000000000001,2479.7182749032486,5750.4504,-1066.6567,492.1723
1906,60470,16.797361111111112,3.652430697494479,-2.976,1.5930000000000004,-1.3950000000000011,2481.0251767777604,5752.1385,-1065.7148999999997,490.06839999999994
1907,60471,16.79763888888889,3.6247467497743897,-2.292,2.478,-1.321000000000001,2482.3318512460532,5753.8252999999995,-1064.7729,487.9643
1908,60472,16.79791666666667,4.07488355661852,-2.5239999999999996,2.9539999999999997,-1.228000000000001,2483.6384120984503,5755.5109,-1063.8307,485.86019999999996
1909,60473,16.798194444444444,4.2941688369229265,-2.8939999999999997,3.0170000000000003,-0.9810000000000011,2484.944832378875,5757.1953,-1062.8881999999999,483.75600000000003
1910,60474,16.798472222222223,4.560493503997128,-2.9799999999999995,3.375,-0.7260000000000011,2486.2511210960242,5758.878500000001,-1061.9455,481.6516
1911,60475,16.798750000000002,4.655508028131839,-3.043,3.5050000000000003,-0.3590000000000012,2487.557187633749,5760.5604,-1061.0026,479.54709999999994
1912,60476,16.799027777777777,4.388291353135068,-2.8459999999999996,3.339,-0.09200000000000105,2488.8631114150307,5762.2411,-1060.0593999999999,477.4425
1913,60477,16.799305555555556,4.374537689859352,-2.888,3.2800000000000002,-0.1940000000000011,2490.168909596705,5763.9205999999995,-1059.116,475.3378000000001
1914,60478,16.799583333333334,4.588582678780018,-3.1129999999999995,3.3690000000000007,0.11899999999999888,2491.474607731098,5765.5989,-1058.1725,473.2330999999999
1915,60479,16.799861111111113,4.428322594391696,-3.251,2.9880000000000004,0.33599999999999886,2492.7801607166944,5767.276,-1057.2287000000001,471.12829999999997
1916,60480,16.80013888888889,4.579616031939795,-3.787,2.567,0.20499999999999888,2494.0854799700187,5768.9518,-1056.2847000000002,469.0233
1917,60481,16.800416666666667,4.7553651805092745,-4.208,2.1950000000000003,-0.29700000000000115,2495.3906786794187,5770.6264,-1055.3404999999998,466.9183
1918,60482,16.800694444444446,4.86072535739266,-4.178999999999999,2.3490000000000006,-0.8030000000000012,2496.6957223162817,5772.2998,-1054.396,464.8131
1919,60483,16.80097222222222,4.5638760938482985,-3.846,2.2070000000000003,-1.0800000000000012,2498.0006617601275,5773.972,-1053.4514,462.7079
1920,60484,16.80125,4.325250166175363,-3.621,1.8980000000000004,-1.4120000000000013,2499.3054706630965,5775.643,-1052.5066000000002,460.60260000000005
1921,60485,16.80152777777778,4.309630726640045,-3.567,1.8380000000000003,-1.572000000000001,2500.61013020036,5777.312800000001,-1051.5615,458.4972000000001
1922,60486,16.801805555555557,4.228007923360599,-3.4230000000000005,1.9390000000000005,-1.549000000000001,2501.914657761335,5778.9814,-1050.6162,456.39169999999996
1923,60487,16.802083333333336,4.008254732424076,-3.151,2.0130000000000003,-1.444000000000001,2503.219052353616,5780.6488,-1049.6707000000001,454.2861
1924,60488,16.80236111111111,3.724114525628878,-2.8419999999999996,1.7320000000000004,-1.6710000000000007,2504.523295483025,5782.315,-1048.7249,452.1804
1925,60489,16.80263888888889,3.83858372319792,-2.815,1.8100000000000005,-1.8800000000000012,2505.8273061423197,5783.9799,-1047.7789,450.07460000000003
1926,60490,16.80291666666667,3.658862391509143,-2.6229999999999998,1.6920000000000006,-1.9090000000000011,2507.1311819859557,5785.6436,-1046.8327,447.9687
1927,60491,16.803194444444447,3.612651934521233,-2.6229999999999998,1.6940000000000004,-1.8170000000000013,2508.4350023631387,5787.3062,-1045.8862000000001,445.8627
1928,60492,16.803472222222222,3.63380819526843,-2.707,1.7880000000000003,-1.6370000000000011,2509.7386060418403,5788.967500000001,-1044.9396000000002,443.7566
1929,60493,16.80375,3.5452736142644903,-2.8059999999999996,1.7770000000000004,-1.240000000000001,2511.0420545711036,5790.6276,-1043.9927,441.6504
1930,60494,16.80402777777778,3.5266376337809366,-3.016,1.4790000000000003,-1.074000000000001,2512.3453653646015,5792.2865,-1043.0456,439.54409999999996
1931,60495,16.804305555555555,3.577848795016358,-3.0669999999999997,1.3920000000000003,-1.2070000000000012,2513.648537576446,5793.9442,-1042.0983,437.43770000000006
1932,60496,16.804583333333333,3.4171992918177896,-2.957,1.2610000000000003,-1.1590000000000011,2514.951570626089,5795.600700000001,-1041.1508,435.33119999999997
1933,60497,16.804861111111112,3.3662339490891013,-3.059,0.7090000000000003,-1.213000000000001,2516.2544460116524,5797.256,-1040.203,433.2246
1934,60498,16.80513888888889,3.4288331834605197,-3.1079999999999997,0.6320000000000003,-1.303000000000001,2517.5570825011932,5798.910000000001,-1039.255,431.1179
1935,60499,16.805416666666666,3.3755149236820157,-3.066,0.4570000000000004,-1.336000000000001,2518.8596756504694,5800.5629,-1038.3068,429.0111
1936,60500,16.805694444444445,3.400233080246118,-2.9839999999999995,0.4730000000000004,-1.560000000000001,2520.1621339164362,5802.2146,-1037.3584,426.9043
1937,60501,16.80597222222222,3.253182134464654,-2.8529999999999998,0.47900000000000037,-1.4880000000000009,2521.464351105643,5803.865,-1036.4098,424.79740000000004
1938,60502,16.80625,3.155119490605705,-2.751,0.4330000000000004,-1.483000000000001,2522.76652292607,5805.5143,-1035.461,422.69039999999995
1939,60503,16.80652777777778,3.3516367643287364,-2.804,0.6370000000000002,-1.7220000000000009,2524.068550280688,5807.1624,-1034.5120000000002,420.58329999999995
1940,60504,16.806805555555556,3.2659946417592307,-2.694,0.8540000000000003,-1.6370000000000011,2525.370334537519,5808.809200000001,-1033.5628,418.4761
1941,60505,16.80708333333333,3.123756712677862,-2.6079999999999997,0.7960000000000003,-1.5240000000000011,2526.671962601003,5810.4548,-1032.6133,416.36890000000005
1942,60506,16.807361111111113,3.3686069821218387,-2.739,1.1560000000000004,-1.584000000000001,2527.9734617251074,5812.0992,-1031.6637,414.2616
1943,60507,16.807638888888892,3.4104259264789794,-2.61,1.6240000000000006,-1.477000000000001,2529.27481378001,5813.7424,-1030.7139000000002,412.15420000000006
1944,60508,16.807916666666667,3.292884753525395,-2.4959999999999996,1.7430000000000003,-1.2550000000000012,2530.5761161994515,5815.3845,-1029.7639,410.0467
1945,60509,16.808194444444446,3.0101112936235435,-2.191,1.8920000000000006,-0.8250000000000011,2531.877154479206,5817.0253,-1028.8136,407.9391
1946,60510,16.808472222222225,2.930994882288265,-2.0589999999999997,2.0650000000000004,-0.2950000000000011,2533.178141632229,5818.665,-1027.8631,405.8314
1947,60511,16.808750000000003,3.028516138309321,-1.927,2.3340000000000005,0.10499999999999891,2534.4788805553676,5820.3034,-1026.9124,403.7236
1948,60512,16.80902777777778,3.3536407082452944,-1.9089999999999996,2.7080000000000006,0.5189999999999989,2535.779458319238,5821.9406,-1025.9614,401.6158
1949,60513,16.809305555555557,3.8804263940964017,-1.875,3.2400000000000007,1.021999999999999,2537.0798845917548,5823.576599999999,-1025.0102,399.50789999999995
1950,60514,16.809583333333332,4.290860170175672,-2.0709999999999997,3.5940000000000003,1.097999999999999,2538.380158927368,5825.2114,-1024.0588,397.3999
1951,60515,16.80986111111111,4.706722214025382,-2.383,3.8160000000000003,1.382999999999999,2539.6803787008057,5826.8451000000005,-1023.1072,395.2918
1952,60516,16.81013888888889,4.266917036924903,-2.1659999999999995,3.3270000000000004,1.563999999999999,2540.9804450360625,5828.4776,-1022.1554,393.1836
1953,60517,16.810416666666665,4.044038204567311,-2.3199999999999994,3.0230000000000006,1.353999999999999,2542.2803638063015,5830.1089,-1021.2034,391.07540000000006
1954,60518,16.810694444444444,4.0358798297273415,-2.5909999999999997,2.9290000000000003,0.997999999999999,2543.5800294790015,5831.738899999999,-1020.2512,388.96709999999996
1955,60519,16.810972222222222,4.238842294778139,-3.2419999999999995,2.7180000000000004,0.2639999999999988,2544.8796380808767,5833.3678,-1019.2988000000001,386.8587
1956,60520,16.81125,4.6634265299241076,-3.897,2.4870000000000005,-0.6130000000000011,2546.1789983925305,5834.9954,-1018.3462,384.75030000000004
1957,60521,16.81152777777778,5.438865138978903,-4.577,2.5340000000000003,-1.4870000000000012,2547.478300055243,5836.6219,-1017.3933999999999,382.6418
1958,60522,16.811805555555555,5.903095713267743,-4.997,2.4590000000000005,-1.9570000000000012,2548.777444052899,5838.2472,-1016.4404000000001,380.5332
1959,60523,16.812083333333334,5.923821486169211,-5.156999999999999,1.9640000000000004,-2.154000000000001,2550.0764296417883,5839.871300000001,-1015.4872000000001,378.4245
1960,60524,16.812361111111112,5.757677048949516,-4.944,1.3900000000000001,-2.603000000000001,2551.3752625587013,5841.494199999999,-1014.5338000000002,376.3158
1961,60525,16.81263888888889,6.186218473348642,-4.915,1.2430000000000003,-3.545000000000001,2552.6738312537186,5843.1158000000005,-1013.5802,374.2069
1962,60526,16.81291666666667,6.844250579866288,-5.235,1.7540000000000002,-4.045000000000001,2553.972327132472,5844.7363000000005,-1012.6262999999999,372.098
1963,60527,16.813194444444445,6.990432390060003,-5.258,2.165,-4.066000000000001,2555.2705633933465,5846.3555,-1011.6722,369.989
1964,60528,16.813472222222224,6.9393871487329495,-5.161,2.378,-3.9830000000000014,2556.5687363507664,5847.9736,-1010.7179,367.8799
1965,60529,16.813750000000002,6.759037209543976,-4.952,2.6980000000000004,-3.7260000000000013,2557.8667700278374,5849.5905,-1009.7634999999998,365.7708
1966,60530,16.814027777777778,6.372808250685094,-4.491,2.8600000000000003,-3.502000000000001,2559.164617318903,5851.2062000000005,-1008.8088,363.6615
1967,60531,16.814305555555556,6.138319395404577,-4.13,2.983,-3.424000000000001,2560.462306841912,5852.820699999999,-1007.8539000000001,361.55219999999997
1968,60532,16.81458333333333,6.146112104412025,-3.897,3.2380000000000004,-3.4790000000000014,2561.759831917094,5854.433999999999,-1006.8987999999999,359.4428
1969,60533,16.81486111111111,6.385954039922305,-3.597,3.6400000000000006,-3.820000000000001,2563.057191813885,5856.0461000000005,-1005.9435,357.33329999999995
1970,60534,16.81513888888889,6.444477092829178,-3.6159999999999997,4.098000000000001,-3.4150000000000014,2564.3544841561834,5857.657099999999,-1004.9879999999999,355.2237
1971,60535,16.815416666666668,5.847381465237239,-3.293,3.91,-2.8390000000000013,2565.6516161414575,5859.2669,-1004.0323000000001,353.1141
1972,60536,16.815694444444443,5.536427277586151,-3.155,3.7409999999999997,-2.5890000000000013,2566.9484825101144,5860.8754,-1003.0764000000001,351.0044
1973,60537,16.81597222222222,5.195271215249499,-2.955,3.503,-2.447000000000001,2568.245279266147,5862.4828,-1002.1202999999999,348.89459999999997
1974,60538,16.81625,4.9492572169973155,-2.9589999999999996,3.271000000000001,-2.2450000000000014,2569.5419133424425,5864.089,-1001.164,346.7848
1975,60539,16.81652777777778,4.85040534388622,-2.944,3.14,-2.236000000000001,2570.8383779582036,5865.694,-1000.2075000000001,344.6749
1976,60540,16.816805555555558,4.769018871843558,-2.9259999999999997,3.1440000000000006,-2.0730000000000013,2572.134678481915,5867.297799999999,-999.2508,342.565
1977,60541,16.817083333333336,4.491237357343742,-2.8659999999999997,2.7840000000000003,-2.051000000000001,2573.4309011118467,5868.900500000001,-998.2939,340.4549
1978,60542,16.81736111111111,4.224883075305162,-2.687,2.4080000000000004,-2.1980000000000013,2574.726958143155,5870.502,-997.3368,338.34479999999996
1979,60543,16.817638888888887,4.212395755386714,-2.8509999999999995,1.9710000000000005,-2.394000000000001,2576.022848785155,5872.1023000000005,-996.3795,336.23470000000003
1980,60544,16.817916666666665,4.472434348316363,-2.898,1.8690000000000004,-2.848000000000001,2577.3184683495583,5873.7013,-995.4219999999999,334.1245
1981,60545,16.818194444444444,4.6880269837107384,-3.0439999999999996,2.0300000000000002,-2.9310000000000014,2578.6140185899885,5875.2992,-994.4643,332.0143
1982,60546,16.818472222222223,4.791959307005852,-2.9639999999999995,1.9730000000000003,-3.2070000000000016,2579.9093948940326,5876.8958999999995,-993.5064,329.904
1983,60547,16.81875,5.058416352970562,-3.0919999999999996,2.2460000000000004,-3.3140000000000014,2581.2045965494376,5878.4914,-992.5483,327.79359999999997
1984,60548,16.81902777777778,4.896708894757785,-2.947,2.6180000000000003,-2.905000000000001,2582.4997213300144,5880.0858,-991.5899999999999,325.6831
1985,60549,16.81930555555555,4.625655521112657,-2.8979999999999997,2.483,-2.614000000000001,2583.7945768092604,5881.6789,-990.6315000000001,323.57259999999997
1986,60550,16.819583333333334,4.6766403539293036,-3.03,2.3840000000000003,-2.647000000000001,2585.0893541127925,5883.2709,-989.6728,321.462
1987,60551,16.81986111111111,4.535396013580292,-3.1079999999999997,2.4530000000000003,-2.212000000000001,2586.3838611408682,5884.861599999999,-988.7139,319.3514
1988,60552,16.820138888888888,4.459210468233139,-3.325,2.282000000000001,-1.9030000000000011,2587.6782885542184,5886.4511999999995,-987.7547999999999,317.2407
1989,60553,16.820416666666667,4.33806685056835,-3.4379999999999997,2.274,-1.3520000000000012,2588.9725371479176,5888.039599999999,-986.7955,315.1299
1990,60554,16.820694444444445,4.133752895372437,-3.585,1.842,-0.9180000000000013,2590.2667050468212,5889.6269,-985.836,313.01899999999995
1991,60555,16.82097222222222,4.229773989233941,-3.79,1.6580000000000006,-0.8820000000000012,2591.560594401112,5891.2129,-984.8763000000001,310.908
1992,60556,16.82125,4.31525039829672,-4.0409999999999995,1.4320000000000004,-0.49100000000000127,2592.8544068624237,5892.7978,-983.9163999999998,308.797
1993,60557,16.821527777777778,4.3429294260901825,-4.1659999999999995,1.0780000000000005,-0.5860000000000014,2594.1480431375007,5894.3815,-982.9563,306.686
1994,60558,16.821805555555553,4.803545877786534,-4.52,0.8630000000000002,-1.3780000000000014,2595.4414975814734,5895.964,-981.9960000000001,304.57489999999996
1995,60559,16.82208333333333,5.155532368242876,-4.763,1.0790000000000002,-1.6520000000000015,2596.7348675719923,5897.5454,-981.0355,302.4637
1996,60560,16.82236111111111,5.272031961208126,-4.914,0.9700000000000003,-1.6450000000000014,2598.0280544881184,5899.1256,-980.0748,300.35240000000005
1997,60561,16.82263888888889,5.44851447644218,-5.07,0.7790000000000004,-1.837000000000001,2599.321062400867,5900.704599999999,-979.1139000000001,298.2411
1998,60562,16.822916666666668,5.6311498825728314,-5.182,0.7020000000000003,-2.0890000000000013,2600.6138858150457,5902.2824,-978.1528000000001,296.1297
1999,60563,16.823194444444443,5.841544829922989,-5.218999999999999,0.7910000000000004,-2.5020000000000016,2601.906528732046,5903.859,-977.1915000000001,294.0183
2000,60564,16.82347222222222,5.83670908988961,-5.016,1.2260000000000004,-2.721000000000001,2603.1989907517623,5905.4344,-976.2300000000001,291.90690000000006
2001,60565,16.82375,5.497241671966042,-4.484,1.4330000000000003,-2.8390000000000013,2604.4913647943094,5907.0087,-975.2683,289.7954
2002,60566,16.82402777777778,5.398033530833243,-4.0809999999999995,1.6990000000000005,-3.098000000000001,2605.7835678188408,5908.5818,-974.3065,287.68379999999996
2003,60567,16.824305555555554,5.419187208428955,-3.8910000000000005,2.3150000000000004,-2.978000000000001,2607.0756814867837,5910.1538,-973.3444999999999,285.5721
2004,60568,16.824583333333333,4.97172344363602,-3.693,2.3230000000000004,-2.3840000000000012,2608.367512925749,5911.724499999999,-972.3823,283.46040000000005
2005,60569,16.82486111111111,4.866155155767231,-3.721,2.3070000000000004,-2.1240000000000014,2609.65925361184,5913.2941,-971.4199000000001,281.3486
2006,60570,16.82513888888889,4.880192004419499,-3.697,2.6090000000000004,-1.8280000000000012,2610.950809324374,5914.8625,-970.4573,279.2368
2007,60571,16.825416666666666,4.733089266007985,-3.4619999999999997,2.8530000000000006,-1.509000000000001,2612.2422730437625,5916.4298,-969.4945,277.12489999999997
2008,60572,16.825694444444444,4.310423297078838,-3.098,2.7910000000000004,-1.0920000000000012,2613.5334677644355,5917.9958,-968.5316,275.013
2009,60573,16.825972222222223,3.789072445863235,-2.8099999999999996,2.4130000000000003,-0.7990000000000012,2614.8245530596146,5919.5607,-967.5683999999999,272.901
2010,60574,16.82625,3.7014738956259032,-2.8689999999999998,2.2020000000000004,-0.7880000000000011,2616.1154504004976,5921.1244,-966.6049999999999,270.78900000000004
2011,60575,16.826527777777777,3.884795618819606,-3.136,2.1900000000000004,-0.6790000000000012,2617.4062695300545,5922.687,-965.6415000000001,268.67690000000005
2012,60576,16.82680555555556,4.085723436553189,-3.428,2.136,-0.6160000000000012,2618.696883261463,5924.2483999999995,-964.6777,266.5648
2013,60577,16.82708333333333,3.97729191787578,-3.5089999999999995,1.737,-0.6990000000000013,2619.987307030959,5925.808599999999,-963.7137,264.4527
2014,60578,16.82736111111111,4.107971153744875,-3.5489999999999995,1.749,-1.105000000000001,2621.2776344768,5927.367700000001,-962.7494999999999,262.34049999999996
2015,60579,16.827638888888888,3.978986177407507,-3.2689999999999997,1.6170000000000004,-1.5910000000000013,2622.567671873823,5928.925499999999,-961.7851,260.2283
2016,60580,16.827916666666667,3.960806104822603,-3.0479999999999996,1.56,-1.991000000000001,2623.8576276633794,5930.4822,-960.8206,258.116
2017,60581,16.828194444444442,4.3268682670032845,-3.155,1.6920000000000002,-2.4300000000000015,2625.1473907220825,5932.0377,-959.8559000000001,256.00370000000004
2018,60582,16.828472222222224,4.544263856775925,-3.1729999999999996,1.841,-2.6820000000000013,2626.437054662054,5933.5921,-958.891,253.89130000000006
2019,60583,16.82875,4.711989601007201,-3.1109999999999998,2.1250000000000004,-2.830000000000001,2627.726536437316,5935.1453,-957.926,251.77880000000005
2020,60584,16.829027777777775,4.664139041666748,-3.065,2.3080000000000003,-2.652000000000001,2629.01591795055,5936.697399999999,-956.9608000000001,249.66619999999998
2021,60585,16.829305555555553,4.388133657946167,-3.126,2.0800000000000005,-2.2710000000000012,2630.304993728784,5938.2482,-955.9952999999999,247.5537
2022,60586,16.829583333333332,4.10748755323738,-3.1769999999999996,1.7250000000000003,-1.9500000000000015,2631.5939838424883,5939.7979,-955.0297,245.4411
2023,60587,16.82986111111111,3.870672680555668,-3.1469999999999994,1.5530000000000004,-1.6330000000000013,2632.882773170403,5941.3464,-954.0639000000001,243.32840000000002
2024,60588,16.83013888888889,3.5241086816385225,-3.097,1.0930000000000004,-1.2780000000000014,2634.1713652541052,5942.8937,-953.0979000000001,241.21570000000003
2025,60589,16.830416666666668,3.2405758747481905,-3.01,0.7760000000000004,-0.9160000000000013,2635.459853834044,5944.439899999999,-952.1316999999999,239.1029
2026,60590,16.830694444444443,3.0904208451277313,-2.9499999999999997,0.20000000000000034,-0.8990000000000012,2636.7481437485576,5945.9848999999995,-951.1653,236.99009999999998
2027,60591,16.830972222222222,2.9382459052979213,-2.7079999999999997,-0.3799999999999996,-1.075000000000001,2638.0362460000615,5947.5287,-950.1987999999999,234.8772
2028,60592,16.83125,3.101828170611648,-2.725,-0.5319999999999996,-1.3830000000000013,2639.3242311404056,5949.0714,-949.232,232.76429999999996
2029,60593,16.83152777777778,3.2865874398835038,-2.8139999999999996,-0.5849999999999996,-1.5940000000000012,2640.612015621469,5950.6129,-948.265,230.65139999999997
2030,60594,16.831805555555555,3.3807283238970864,-2.722,-0.5139999999999996,-1.9380000000000013,2641.899598718075,5952.1532,-947.2977999999999,228.53850000000003
2031,60595,16.832083333333337,3.546296377913161,-2.649,-0.09099999999999966,-2.356000000000001,2643.1870866227887,5953.6924,-946.3305,226.4254
2032,60596,16.832361111111112,3.496437758633779,-2.284,0.21000000000000033,-2.639000000000001,2644.4743717531696,5955.2304,-945.3629999999999,224.3123
2033,60597,16.832638888888887,3.6994519864433983,-2.325,0.5920000000000003,-2.816000000000001,2645.761552256401,5956.7673,-944.3952999999999,222.19920000000002
2034,60598,16.832916666666666,3.8047363903429643,-2.085,1.0250000000000001,-3.0130000000000012,2647.0485407541296,5958.303,-943.4275,220.086
2035,60599,16.833194444444445,3.836202419059767,-2.026,1.4380000000000002,-2.9230000000000014,2648.3354232151223,5959.837600000001,-942.4595000000002,217.9728
2036,60600,16.83347222222222,3.782658985422821,-1.9099999999999997,1.9280000000000004,-2.635000000000001,2649.6221001983095,5961.371,-941.4913,215.8596
2037,60601,16.83375,3.6410991472356264,-1.925,2.1430000000000002,-2.227000000000001,2650.9086508186765,5962.9033,-940.5228,213.74630000000002
2038,60602,16.834027777777777,3.3041001800792915,-1.9209999999999998,2.0710000000000006,-1.714000000000001,2652.1950102466963,5964.4344,-939.5542000000002,211.63299999999998
2039,60603,16.834305555555552,2.9139955387748975,-1.9829999999999999,1.7090000000000003,-1.2800000000000014,2653.481158935068,5965.9643,-938.5854000000002,209.5196
2040,60604,16.834583333333335,2.833173838648099,-2.308,1.2410000000000003,-1.0770000000000013,2654.767213688002,5967.493100000001,-937.6165000000001,207.40619999999998
2041,60605,16.83486111111111,2.9917463127745316,-2.52,1.0050000000000003,-1.2610000000000015,2656.0530599614294,5969.020699999999,-936.6474000000001,205.2928
2042,60606,16.835138888888885,3.319612176143473,-2.7199999999999998,1.3270000000000004,-1.3640000000000012,2657.3387922457428,5970.5472,-935.6781000000001,203.1793
2043,60607,16.835416666666667,3.034587945669066,-2.5799999999999996,1.0900000000000003,-1.1680000000000013,2658.6243145074004,5972.0725,-934.7085999999999,201.0658
2044,60608,16.835694444444442,3.1463645688317814,-2.761,0.9080000000000001,-1.2050000000000014,2659.909724925297,5973.5967,-933.7389,198.95229999999998
2045,60609,16.835972222222217,3.3188071652327142,-2.84,0.7200000000000002,-1.5590000000000013,2661.1948220475615,5975.1196,-932.769,196.8387
2046,60610,16.83625,3.4163973715011555,-2.775,0.5650000000000002,-1.9110000000000014,2662.4798027374477,5976.6414,-931.7989,194.725
2047,60611,16.836527777777775,3.4675260633483354,-2.6049999999999995,0.6840000000000003,-2.184000000000001,2663.76468523175,5978.1621,-930.8287,192.6113
2048,60612,16.836805555555554,3.502469557326659,-2.472,0.8530000000000001,-2.330000000000001,2665.0493541949772,5979.681600000001,-929.8582999999999,190.49759999999998
2049,60613,16.837083333333332,3.4118168180604314,-2.1369999999999996,1.1250000000000004,-2.4100000000000015,2666.333923470948,5981.2,-928.8877999999999,188.38389999999998
2050,60614,16.837361111111107,2.964255893137434,-1.754,1.2510000000000001,-2.0360000000000014,2667.618259650615,5982.7172,-927.917,186.2701
2051,60615,16.837638888888886,2.391507056230444,-1.613,0.9690000000000003,-1.4760000000000013,2668.902479539058,5984.2333,-926.9460000000001,184.15630000000002
2052,60616,16.837916666666665,2.111200132625991,-1.7389999999999997,0.39800000000000024,-1.1290000000000011,2670.1864836889863,5985.7482,-925.9748,182.0425
2053,60617,16.838194444444444,2.2274220525082358,-1.8409999999999997,0.06800000000000028,-1.2520000000000013,2671.4702835662515,5987.2618999999995,-925.0035,179.9286
2054,60618,16.83847222222222,2.3889621177406735,-1.8799999999999997,-0.00799999999999972,-1.4740000000000013,2672.753965093954,5988.7744999999995,-924.0320000000002,177.81470000000002
2055,60619,16.838749999999997,2.224708744982139,-1.677,0.10600000000000027,-1.4580000000000013,2674.037542874502,5990.286,-923.0604000000001,175.70080000000002
2056,60620,16.839027777777776,2.3412323677926556,-1.784,0.1570000000000003,-1.5080000000000013,2675.320899590396,5991.7963,-922.0886,173.5868
2057,60621,16.839305555555555,2.533844707159459,-1.904,0.2570000000000003,-1.6520000000000015,2676.60403728763,5993.305399999999,-921.1166000000001,171.4728
2058,60622,16.83958333333333,2.5425202064093813,-1.9149999999999998,0.3280000000000003,-1.6400000000000012,2677.8870510707616,5994.8134,-920.1444000000001,169.3587
2059,60623,16.839861111111112,2.5166257171061424,-2.021,0.24200000000000035,-1.4800000000000013,2679.1698444545864,5996.3202,-919.1720000000001,167.2446
2060,60624,16.84013888888889,2.47827238212429,-1.9969999999999999,0.11600000000000035,-1.4630000000000014,2680.4525308128686,5997.8259,-918.1995000000001,165.13049999999998
2061,60625,16.840416666666663,2.4372779898895414,-1.8419999999999999,0.012000000000000321,-1.5960000000000012,2681.734993047297,5999.3304,-917.2268,163.0163
2062,60626,16.840694444444445,2.2749323066851908,-1.5209999999999997,-0.07599999999999969,-1.6900000000000013,2683.0172480352935,6000.8337,-916.2540000000001,160.9021
2063,60627,16.84097222222222,2.1009602566445666,-1.2719999999999998,-0.1309999999999997,-1.6670000000000011,2684.2993788726326,6002.3359,-915.2810000000002,158.7879
2064,60628,16.84125,1.9021937335613328,-1.1859999999999997,-0.0239999999999997,-1.4870000000000012,2685.581283657607,6003.8369,-914.3077999999999,156.6736
2065,60629,16.841527777777777,2.1020195051426147,-1.4489999999999998,0.04900000000000031,-1.5220000000000014,2686.863062972898,6005.3368,-913.3344,154.5593
2066,60630,16.841805555555556,2.229109463440502,-1.5769999999999997,0.22000000000000028,-1.5600000000000012,2688.14471903967,6006.8356,-912.3608,152.4451
2067,60631,16.84208333333333,2.7063007962900216,-1.7119999999999997,0.7320000000000003,-1.9640000000000015,2689.4261621836763,6008.3332,-911.3870999999999,150.3308
2068,60632,16.84236111111111,3.331644638913341,-2.072,1.3640000000000003,-2.2240000000000015,2690.7074780095927,6009.8297,-910.4132,148.2165
2069,60633,16.84263888888889,3.765680018270274,-2.511,1.7010000000000005,-2.2320000000000015,2691.988663565741,6011.3251,-909.4390999999999,146.1021
2070,60634,16.842916666666664,4.293873775508545,-2.8899999999999997,1.7440000000000002,-2.6540000000000012,2693.2696216331706,6012.8193,-908.4648,143.9877
2071,60635,16.843194444444443,4.8372646195964935,-3.257,2.3660000000000005,-2.6820000000000013,2694.550465743575,6014.312400000001,-907.4904,141.8733
2072,60636,16.84347222222222,5.04186443689237,-3.778,2.483,-2.2320000000000015,2695.831162888406,6015.8044,-906.5156999999999,139.7588
2073,60637,16.84375,5.676975603259186,-4.444,2.72,-2.2540000000000013,2697.1116455108154,6017.2952,-905.5409,137.6443
2074,60638,16.844027777777775,5.920026520210868,-4.747,2.8870000000000005,-2.0440000000000014,2698.391997361968,6018.7849,-904.5658999999999,135.5298
2075,60639,16.844305555555557,5.907383346287933,-4.897,2.6200000000000006,-2.0130000000000017,2699.672118541591,6020.2734,-903.5907000000001,133.4153
2076,60640,16.844583333333333,6.2316202547973045,-5.275,2.625000000000001,-2.0290000000000012,2700.9520213082133,6021.760700000001,-902.6154,131.30069999999998
2077,60641,16.844861111111108,6.338858730086986,-5.859999999999999,2.087,-1.2190000000000012,2702.2317912892913,6023.2469,-901.6399000000001,129.18609999999998
2078,60642,16.84513888888889,6.478297152801806,-6.2669999999999995,1.0490000000000004,-1.2620000000000011,2703.5113435013145,6024.731900000001,-900.6643,127.07150000000001
2079,60643,16.845416666666665,6.683165342859624,-6.2829999999999995,0.6230000000000004,-2.191000000000001,2704.7907617777937,6026.2158,-899.6885,124.95690000000002
2080,60644,16.84569444444444,6.6859629074651625,-6.146,0.5600000000000003,-2.5720000000000014,2706.070043252459,6027.6986,-898.7125,122.8422
2081,60645,16.845972222222223,6.697833754282051,-5.911,0.4600000000000003,-3.116000000000001,2707.349090606626,6029.1802,-897.7362999999999,120.7275
2082,60646,16.846249999999998,6.772276057574736,-5.5409999999999995,0.7490000000000003,-3.8210000000000015,2708.6280186852814,6030.6607,-896.76,118.61290000000001
2083,60647,16.846527777777776,6.42481797407522,-4.991,0.8190000000000003,-3.962000000000001,2709.9068080437087,6032.1401000000005,-895.7834999999999,116.4982
2084,60648,16.846805555555555,6.286186920542533,-4.764,0.5590000000000003,-4.063000000000001,2711.185376058435,6033.6183,-894.8068999999999,114.3835
2085,60649,16.84708333333333,6.095040442851879,-4.4350000000000005,0.5620000000000003,-4.143000000000002,2712.463804321854,6035.0954,-893.8300999999999,112.26870000000001
2086,60650,16.84736111111111,5.732270841472864,-3.9210000000000003,0.5280000000000002,-4.1480000000000015,2713.7420942511694,6036.5714,-892.8530999999999,110.1539
2087,60651,16.847638888888888,5.376481098264924,-3.084,0.6070000000000003,-4.362000000000001,2715.0201462702657,6038.0462,-891.8759,108.0391
2088,60652,16.847916666666666,4.852514193693823,-2.2659999999999996,1.1170000000000004,-4.143000000000002,2716.2980567261507,6039.5199,-890.8985,105.9242
2089,60653,16.84819444444444,4.092898972610979,-1.7389999999999997,1.4700000000000002,-3.401000000000001,2717.5757426777095,6040.9924,-889.9209999999999,103.80930000000001
2090,60654,16.84847222222222,3.52542891007605,-1.4849999999999999,1.9680000000000004,-2.520000000000001,2718.8533038778623,6042.4637999999995,-888.9433999999999,101.6945
2091,60655,16.848750000000003,2.8820641908187965,-1.3009999999999997,1.8770000000000002,-1.7580000000000013,2720.130723618632,6043.9341,-887.9655999999999,99.5797
2092,60656,16.849027777777778,2.6141358036643783,-1.379,1.7830000000000006,-1.3240000000000012,2721.4079005593876,6045.4032,-886.9876,97.4648
2093,60657,16.849305555555553,2.4687739872252386,-1.4449999999999998,1.8160000000000003,-0.8420000000000012,2722.684934785648,6046.8712,-886.0093999999999,95.3499
2094,60658,16.849583333333335,2.4896248713410625,-1.4739999999999998,1.8840000000000003,-0.6900000000000013,2723.9617267061176,6048.338,-885.031,93.23499999999999
2095,60659,16.84986111111111,2.6281265190245313,-1.6079999999999999,2.056,-0.3070000000000013,2725.238389188996,6049.8036999999995,-884.0525,91.12010000000001
2096,60660,16.85013888888889,2.478209434248849,-1.7169999999999999,1.7870000000000001,-0.008000000000001294,2726.514921556679,6051.268300000001,-883.0739,89.00519999999999
2097,60661,16.850416666666668,2.51567943108815,-1.9069999999999996,1.6350000000000002,0.13699999999999868,2727.791308765654,6052.7318,-882.0950999999999,86.8903
2098,60662,16.850694444444446,2.4429805566152183,-2.029,1.3520000000000003,0.1529999999999987,2729.0674512490286,6054.1941,-881.1161,84.7754
2099,60663,16.850972222222225,2.6233209868409166,-2.338,1.1880000000000004,-0.06500000000000128,2730.3434603994892,6055.6553,-880.137,82.6604
2100,60664,16.85125,2.704440977355579,-2.4479999999999995,1.0440000000000005,-0.4810000000000013,2731.619222051631,6057.1153,-879.1577,80.5453
2101,60665,16.851527777777783,3.012147572746063,-2.6339999999999995,1.0710000000000004,-0.9940000000000012,2732.894836237231,6058.574200000001,-878.1782,78.43019999999999
2102,60666,16.851805555555558,3.2064654995804966,-2.709,1.2140000000000004,-1.212000000000001,2734.1703165628087,6060.032,-877.1986,76.3151
2103,60667,16.852083333333333,3.480604114230747,-2.8019999999999996,1.2400000000000004,-1.6510000000000011,2735.445549160168,6061.4886,-876.2188,74.2
2104,60668,16.852361111111115,3.558407649497174,-2.642,1.1750000000000003,-2.074000000000001,2736.720745524713,6062.9442,-875.2389,72.08489999999999
2105,60669,16.85263888888889,3.6815445128369704,-2.469,1.3030000000000004,-2.4000000000000012,2737.9956928758374,6064.3986,-874.2588,69.96979999999999
2106,60670,16.852916666666665,3.796519195262946,-2.2619999999999996,1.6170000000000002,-2.5850000000000013,2739.270390578923,6065.8517999999995,-873.2785,67.85470000000001
2107,60671,16.853194444444448,3.8818254726352666,-2.148,1.8030000000000004,-2.6840000000000015,2740.5449503776654,6067.3039,-872.2981,65.73949999999999
2108,60672,16.853472222222223,4.050778814006019,-2.0159999999999996,2.208,-2.7330000000000014,2741.819358433321,6068.7549,-871.3174999999999,63.62429999999999
2109,60673,16.85375,4.001304912150536,-1.654,2.4780000000000006,-2.671000000000001,2743.0936151254464,6070.2048,-870.3367000000001,61.5092
2110,60674,16.85402777777778,4.021055334113174,-1.5569999999999997,2.6140000000000003,-2.6290000000000013,2744.3677187907697,6071.6536,-869.3557000000001,59.3941
2111,60675,16.854305555555555,3.7687203398501206,-1.5719999999999998,2.7350000000000003,-2.062000000000001,2745.6415840624227,6073.101199999999,-868.3746000000001,57.278999999999996
2112,60676,16.854583333333334,3.456873442867124,-1.4369999999999998,2.6140000000000003,-1.747000000000001,2746.9152950406774,6074.5477,-867.3933,55.1639
2113,60677,16.854861111111113,3.3744506219531507,-1.3599999999999999,2.8460000000000005,-1.1990000000000012,2748.1888645865647,6075.9931,-866.4119000000001,53.0487
2114,60678,16.85513888888889,3.5068869385824235,-1.432,3.156,-0.5360000000000011,2749.4621796033543,6077.4373,-865.4303,50.9335
2115,60679,16.855416666666667,3.474689770324827,-1.5339999999999998,3.1170000000000004,0.06799999999999877,2750.735338640037,6078.8804,-864.4485000000001,48.8183
2116,60680,16.855694444444445,3.3753313911377645,-1.8329999999999997,2.758,0.6529999999999988,2752.0083550538466,6080.3224,-863.4666000000001,46.7031
2117,60681,16.855972222222224,3.1889216045553703,-1.9959999999999998,2.3430000000000004,0.8339999999999987,2753.2812145810763,6081.7633000000005,-862.4844999999999,44.587900000000005
2118,60682,16.85625,3.1103711997123424,-2.074,2.1020000000000003,0.9769999999999988,2754.5539303862424,6083.203100000001,-861.5022999999999,42.4727
2119,60683,16.856527777777778,3.130159900069004,-2.336,1.6940000000000002,1.2129999999999987,2755.826388685152,6084.6417,-860.5199,40.3575
2120,60684,16.85680555555556,3.076126460339366,-2.545,1.1950000000000003,1.2479999999999989,2757.098701975305,6086.0792,-859.5373999999999,38.2423
2121,60685,16.857083333333335,2.7462115723301435,-2.545,0.7170000000000003,0.7419999999999989,2758.3708552655717,6087.515600000001,-858.5547,36.126999999999995
2122,60686,16.85736111111111,2.7303605988953175,-2.6949999999999994,0.33000000000000035,0.2879999999999988,2759.64276326823,6088.9508000000005,-857.5718999999999,34.011700000000005
2123,60687,16.857638888888893,2.9749169736313648,-2.8649999999999998,-0.34099999999999964,-0.7250000000000012,2760.9145112043634,6090.3849,-856.5889,31.896499999999996
2124,60688,16.857916666666668,3.5195062153660137,-3.006,-0.3219999999999997,-1.802000000000001,2762.186097722286,6091.8179,-855.6057000000001,29.781299999999998
2125,60689,16.858194444444443,4.007763466074315,-3.058,-0.0519999999999996,-2.590000000000001,2763.4575359132555,6093.2498,-854.6224,27.666000000000004
2126,60690,16.858472222222225,4.3644145082702686,-2.863,0.20100000000000037,-3.288000000000001,2764.728811487625,6094.6806,-853.6388999999999,25.5507
2127,60691,16.85875,4.794297133052978,-2.8999999999999995,0.5140000000000005,-3.7830000000000013,2765.9998393185047,6096.1102,-852.6553,23.435499999999998
2128,60692,16.85902777777778,5.238188809120955,-3.0269999999999997,0.8870000000000002,-4.182000000000001,2767.270703263882,6097.5387,-851.6715,21.3202
2129,60693,16.859305555555558,5.265702707141756,-2.7779999999999996,1.3300000000000005,-4.271000000000002,2768.5414166484143,6098.9661,-850.6876,19.2049
2130,60694,16.859583333333337,5.344439540307291,-2.3429999999999995,2.067,-4.336,2769.8119651489806,6100.3924,-849.7035,17.0896
2131,60695,16.859861111111112,5.376072358144002,-1.9279999999999997,2.559,-4.317000000000002,2771.0823624498166,6101.817599999999,-848.7193000000001,14.9744
2132,60696,16.86013888888889,5.4006967143138125,-1.3849999999999998,3.156,-4.158000000000001,2772.3525935309563,6103.2417000000005,-847.7349,12.859100000000002
2133,60697,16.86041666666667,5.002355245281968,-1.0699999999999998,3.6730000000000005,-3.223000000000001,2773.62267172454,6104.664699999999,-846.7503999999999,10.7438
2134,60698,16.860694444444444,4.228978481855873,-1.0029999999999997,3.3830000000000005,-2.3310000000000013,2774.8924836934684,6106.086499999999,-845.7656999999999,8.628499999999999
2135,60699,16.860972222222223,3.7331467959350335,-1.029,3.0380000000000003,-1.9100000000000013,2776.1621418645177,6107.5072,-844.7809000000001,6.5132
2136,60700,16.861250000000002,3.4762009435589314,-1.1449999999999998,2.9080000000000004,-1.5220000000000011,2777.4316316627346,6108.926799999999,-843.7958999999998,4.3979
2137,60701,16.86152777777778,3.293344045191757,-1.1309999999999998,2.8270000000000004,-1.2550000000000012,2778.700952467231,6110.345299999999,-842.8107,2.2826
2138,60702,16.861805555555556,2.874278692124339,-0.9989999999999999,2.5860000000000003,-0.7590000000000012,2779.970117650464,6111.7627,-841.8254000000001,0.16739999999999994
2139,60703,16.862083333333334,2.712110801571352,-1.3369999999999997,2.274,-0.6300000000000012,2781.239112786535,6113.179,-840.8399,-1.9479
2140,60704,16.862361111111113,2.717356251947838,-1.6239999999999999,2.085,-0.6320000000000012,2782.507838264856,6114.5941,-839.8542,-4.0632
2141,60705,16.86263888888889,2.8228547606988217,-2.1439999999999997,1.7820000000000005,-0.4430000000000012,2783.7764060522604,6116.0081,-838.8684,-6.1785000000000005
2142,60706,16.86291666666667,3.257422907760059,-2.6079999999999997,1.8660000000000003,-0.5720000000000012,2785.0448020904864,6117.421,-837.8824000000001,-8.2937
2143,60707,16.863194444444446,3.388242022052144,-2.82,1.7220000000000002,-0.7500000000000012,2786.313039492009,6118.8328,-836.8963,-10.409
2144,60708,16.86347222222222,3.6163080620986925,-2.886,1.932,-1.0080000000000013,2787.5811175063836,6120.2435,-835.9101,-12.5243
2145,60709,16.863750000000003,3.632627836704443,-2.815,2.168,-0.7560000000000012,2788.849021869393,6121.6530999999995,-834.9236999999999,-14.639500000000002
2146,60710,16.86402777777778,3.348269553067674,-2.4769999999999994,2.2020000000000004,-0.4760000000000012,2790.116653526643,6123.0615,-833.9370999999999,-16.7548
2147,60711,16.864305555555557,3.212461050347537,-2.392,2.101,-0.42900000000000116,2791.3842230622395,6124.468900000001,-832.9504,-18.8701
2148,60712,16.864583333333336,3.2739827427767545,-2.3269999999999995,2.2470000000000003,-0.5050000000000012,2792.6515183105716,6125.875099999999,-831.9635000000001,-20.985400000000002
2149,60713,16.86486111111111,3.2131498564492755,-2.246,2.23,-0.5540000000000012,2793.9186509323595,6127.2802,-830.9765,-23.1006
2150,60714,16.86513888888889,3.38527354876973,-2.501,2.22,-0.5260000000000012,2795.1856206479406,6128.6842,-829.9894,-25.2158
2151,60715,16.86541666666667,3.4612380732911165,-2.4939999999999998,2.322,-0.6070000000000012,2796.45241393081,6130.0871,-829.0021,-27.331100000000003
2152,60716,16.865694444444447,3.392888150234252,-2.5759999999999996,2.1050000000000004,-0.6670000000000013,2797.7190431266454,6131.4889,-828.0147000000001,-29.4464
2153,60717,16.865972222222222,3.5865422066385895,-2.7319999999999998,2.1700000000000004,-0.8310000000000011,2798.9853947188594,6132.889499999999,-827.0271,-31.5616
2154,60718,16.86625,3.656732010962795,-2.912,2.0760000000000005,-0.7630000000000011,2800.251666806601,6134.2891,-826.0393,-33.6768
2155,60719,16.86652777777778,3.8172175730497733,-3.187,1.8340000000000003,-1.0250000000000012,2801.5176738514538,6135.6875,-825.0514,-35.792
2156,60720,16.86680555555556,4.276734501930182,-3.6350000000000002,1.7430000000000003,-1.4280000000000013,2802.7836139786073,6137.0849,-824.0634,-37.9072
2157,60721,16.867083333333333,4.554144156699478,-3.9219999999999997,1.7930000000000004,-1.4640000000000013,2804.0492746298396,6138.481099999999,-823.0752,-40.022400000000005
2158,60722,16.867361111111116,5.088753580200166,-4.551,1.5540000000000005,-1.6640000000000015,2805.3147677017773,6139.876200000001,-822.0869,-42.1376
2159,60723,16.867638888888887,5.527965358068012,-4.917,1.6940000000000002,-1.8740000000000012,2806.5800792309556,6141.2702,-821.0984000000001,-44.25279999999999
2160,60724,16.867916666666666,5.757359985271027,-5.183999999999999,1.5170000000000003,-1.9930000000000014,2807.8452088335193,6142.6631,-820.1097,-46.368
2161,60725,16.868194444444445,6.30778083005426,-5.647,1.6830000000000005,-2.2510000000000012,2809.110168475513,6144.0549,-819.1209,-48.4831
2162,60726,16.86847222222222,6.903330645420368,-6.116999999999999,2.0770000000000004,-2.4340000000000015,2810.3749581122875,6145.4456,-818.132,-50.5982
2163,60727,16.86875,7.095533313289425,-6.21,2.1170000000000004,-2.702000000000001,2811.6395640236697,6146.8351999999995,-817.1429,-52.713300000000004
2164,60728,16.86902777777778,7.197244542184182,-6.252,2.1870000000000003,-2.816000000000001,2812.903999963014,6148.2237000000005,-816.1537000000001,-54.828500000000005
2165,60729,16.869305555555556,7.179481945098826,-6.136,2.0040000000000004,-3.1430000000000016,2814.1682510606674,6149.6111,-815.1643,-56.9437
2166,60730,16.86958333333333,7.259138309744484,-5.9879999999999995,2.0890000000000004,-3.5320000000000014,2815.4323292326853,6150.9974,-814.1748,-59.0588
2167,60731,16.869861111111113,7.191090181606681,-5.76,2.1270000000000002,-3.7430000000000008,2816.6962215691033,6152.3826,-813.1851,-61.1739
2168,60732,16.87013888888889,6.8413560790240995,-5.4239999999999995,1.9240000000000002,-3.6990000000000007,2817.9599405081663,6153.7667,-812.1953000000001,-63.289
2169,60733,16.870416666666667,6.501349013858586,-5.0169999999999995,1.5410000000000006,-3.837000000000001,2819.2234724695422,6155.1497,-811.2053,-65.4041
2170,60734,16.870694444444446,6.211162612587116,-4.593999999999999,1.2560000000000004,-3.987000000000001,2820.4867438572337,6156.5315,-810.2153000000001,-67.5192
2171,60735,16.870972222222225,5.679747969760632,-3.9560000000000004,0.8950000000000005,-3.9760000000000013,2821.7499262590018,6157.9123,-809.2251,-69.6343
2172,60736,16.871250000000003,5.131509524496668,-3.383,0.27000000000000035,-3.8490000000000015,2823.012820815723,6159.291899999999,-808.2347,-71.7494
2173,60737,16.87152777777778,4.857467858874622,-3.033,-0.12899999999999964,-3.7920000000000007,2824.2756254405003,6160.6705,-807.2441,-73.86449999999999
2174,60738,16.871805555555554,4.761087795871864,-2.722,-0.37699999999999967,-3.888000000000001,2825.5381531413177,6162.0479,-806.2533999999999,-75.9795
2175,60739,16.872083333333332,4.564400179651211,-2.6569999999999996,-0.28999999999999965,-3.7000000000000015,2826.800589750465,6163.424300000001,-805.2625,-78.09450000000001
2176,60740,16.87236111111111,4.29721072324828,-2.6399999999999997,-0.40799999999999964,-3.366000000000001,2828.062749269243,6164.799499999999,-804.2715000000001,-80.2095
2177,60741,16.87263888888889,4.238422347996953,-2.5519999999999996,-0.5679999999999997,-3.336000000000001,2829.324828118034,6166.1737,-803.2804,-82.3244
2178,60742,16.872916666666665,4.318529147753898,-2.4629999999999996,-0.6349999999999996,-3.490000000000001,2830.5867278036517,6167.5468,-802.2891999999999,-84.4393
2179,60743,16.873194444444444,4.312179147484484,-2.5599999999999996,-0.49199999999999966,-3.435000000000001,2831.848447923513,6168.9188,-801.2979,-86.5542
2180,60744,16.873472222222222,4.338606573544092,-2.5229999999999997,-0.6069999999999997,-3.477000000000001,2833.1100612976425,6170.2898000000005,-800.3063,-88.6691
2181,60745,16.873749999999998,4.472710252184911,-2.525,-0.7539999999999998,-3.6140000000000017,2834.3713948212608,6171.6596,-799.3146,-90.784
2182,60746,16.87402777777778,4.425833367852885,-2.52,-0.9049999999999997,-3.524000000000002,2835.6325470386446,6173.0283,-798.3228,-92.8989
2183,60747,16.874305555555555,4.493562617790032,-2.54,-0.7409999999999997,-3.6320000000000006,2836.893515892709,6174.3958999999995,-797.3309,-95.0137
2184,60748,16.874583333333334,4.591682698096637,-2.435,-0.9099999999999998,-3.7850000000000015,2838.1543887111184,6175.7625,-796.3388,-97.1285
2185,60749,16.874861111111112,4.690019296335572,-2.258,-1.0809999999999997,-3.966000000000001,2839.414979487994,6177.1279,-795.3466000000001,-99.2433
2186,60750,16.875138888888888,4.879024902580434,-2.1879999999999997,-1.1519999999999997,-4.206000000000001,2840.675373946701,6178.4922,-794.3542,-101.35810000000001
2187,60751,16.87541666666667,4.853349152904622,-2.206,-1.0989999999999998,-4.181000000000002,2841.9355840598955,6179.8553999999995,-793.3617,-103.47290000000001
2188,60752,16.875694444444445,4.920055792366587,-2.113,-1.2559999999999998,-4.262000000000001,2843.195596751503,6181.217500000001,-792.369,-105.5877
2189,60753,16.875972222222224,5.012843504439372,-1.94,-1.2499999999999996,-4.450000000000001,2844.4554242769746,6182.5785000000005,-791.3761999999999,-107.70250000000001
2190,60754,16.876250000000002,5.003182687050314,-1.8499999999999996,-1.0689999999999995,-4.524000000000001,2845.7150643320538,6183.938400000001,-790.3833000000001,-109.8172
2191,60755,16.876527777777778,4.962427430199862,-1.7689999999999997,-0.9259999999999996,-4.543000000000001,2846.974505459858,6185.2972,-789.3901999999999,-111.9319
2192,60756,16.876805555555556,4.9832937902555985,-1.7799999999999998,-0.7039999999999996,-4.601000000000001,2848.233846293679,6186.655000000001,-788.3969,-114.04660000000001
2193,60757,16.877083333333335,4.8318127033236715,-1.781,-0.7819999999999997,-4.423000000000001,2849.492900323369,6188.0116,-787.4035,-116.16130000000001
2194,60758,16.877361111111114,4.720211012232399,-1.866,-0.5999999999999996,-4.294000000000001,2850.751766500006,6189.3670999999995,-786.41,-118.276
2195,60759,16.87763888888889,4.761415125779311,-1.884,-0.2929999999999997,-4.363000000000001,2852.0105413487704,6190.7216,-785.4164,-120.39060000000002
2196,60760,16.87791666666667,4.650717579040895,-1.8849999999999998,-0.2699999999999997,-4.243,2853.2691271526246,6192.075,-784.4227,-122.50520000000002
2197,60761,16.878194444444443,4.483727913243623,-1.8820000000000001,-0.21399999999999966,-4.064000000000002,2854.5274113627374,6193.4272,-783.4288,-124.61980000000001
2198,60762,16.87847222222222,4.419404258494577,-1.9099999999999997,-0.05299999999999967,-3.9850000000000008,2855.785604604527,6194.7784,-782.4348,-126.73440000000001
2199,60763,16.87875,4.288877825259191,-2.024,0.04400000000000033,-3.781000000000001,2857.043592472931,6196.1285,-781.4406,-128.84890000000001
2200,60764,16.87902777777778,4.209191965211376,-2.0609999999999995,-0.02599999999999967,-3.6700000000000017,2858.301391122612,6197.477499999999,-780.4463000000001,-130.9635
2201,60765,16.879305555555554,4.099682914567907,-2.2139999999999995,-0.12999999999999967,-3.4480000000000013,2859.5589958290875,6198.8254,-779.4519,-133.078
2202,60766,16.879583333333336,4.122285045942361,-2.307,-0.17099999999999965,-3.4120000000000013,2860.816405960567,6200.172199999999,-778.4574,-135.1924
2203,60767,16.87986111111111,4.392362576108672,-2.2119999999999997,-0.16799999999999965,-3.7910000000000013,2862.0737120823032,6201.518,-777.4627,-137.30689999999998
2204,60768,16.880138888888887,4.424076061733118,-2.116,-0.30799999999999966,-3.873000000000001,2863.330822455312,6202.8627,-776.4679,-139.42130000000003
2205,60769,16.88041666666667,4.244205461567573,-2.2199999999999998,-0.3919999999999996,-3.5960000000000014,2864.587627004293,6204.2062,-775.4729,-141.5357
2206,60770,16.880694444444444,4.280416101268662,-2.2569999999999997,0.012000000000000321,-3.6370000000000013,2865.8443239417293,6205.5487,-774.4777,-143.6501
2207,60771,16.880972222222223,4.287039771217431,-2.245,-0.2129999999999997,-3.646000000000001,2867.1008379457185,6206.8901,-773.4825,-145.7645
2208,60772,16.88125,4.30991914077283,-2.377,-0.1249999999999997,-3.593000000000001,2868.357141549004,6208.2303999999995,-772.4871,-147.8788
2209,60773,16.88152777777778,4.378524979944732,-2.374,-0.08899999999999966,-3.6780000000000017,2869.6132365455433,6209.5696,-771.4915000000001,-149.9931
2210,60774,16.881805555555555,4.478811896027786,-2.418,-0.17399999999999965,-3.766000000000001,2870.8692316101046,6210.9078,-770.4957999999999,-152.1073
2211,60775,16.882083333333334,4.478123379273957,-2.372,-0.04899999999999967,-3.798000000000001,2872.125031797391,6212.2449,-769.5,-154.22160000000002
2212,60776,16.882361111111113,4.392346753160548,-2.247,-0.024999999999999665,-3.774000000000001,2873.3806217849415,6213.5809,-768.5040000000001,-156.33589999999998
2213,60777,16.88263888888889,4.124268177507375,-2.308,3.3306690738754696e-16,-3.4180000000000006,2874.636023232394,6214.915800000001,-767.508,-158.4501
2214,60778,16.882916666666667,4.182660516943732,-2.327,0.25800000000000034,-3.466000000000001,2875.891213376476,6216.2496,-766.5118,-160.5643
2215,60779,16.883194444444445,4.218192622439141,-2.3299999999999996,0.4680000000000003,-3.4850000000000008,2877.1463032277925,6217.5824,-765.5155,-162.67849999999999
2216,60780,16.88347222222222,4.066050048880364,-2.389,0.08900000000000034,-3.2890000000000015,2878.401091356528,6218.914,-764.5191,-164.7926
2217,60781,16.88375,4.110799070740384,-2.3869999999999996,0.35400000000000037,-3.3280000000000016,2879.6557657809776,6220.2446,-763.5225,-166.9067
2218,60782,16.884027777777778,4.05197346980456,-2.315,0.19200000000000034,-3.320000000000001,2880.9102241165615,6221.5741,-762.5256999999999,-169.02069999999998
2219,60783,16.884305555555553,4.032084076504359,-2.411,-0.10899999999999968,-3.2300000000000013,2882.1644929530194,6222.902499999999,-761.5289,-171.13469999999998
2220,60784,16.88458333333333,3.8675902057999894,-2.517,0.3290000000000003,-2.918000000000001,2883.418547453294,6224.2298,-760.5319000000001,-173.2487
2221,60785,16.88486111111111,3.774882912091447,-2.532,0.3790000000000003,-2.774000000000001,2884.6723844819944,6225.556,-759.5347,-175.3626
2222,60786,16.885138888888886,3.7832167529762297,-2.553,0.43400000000000033,-2.7580000000000013,2885.9260303032506,6226.8811000000005,-758.5375,-177.4765
2223,60787,16.885416666666664,3.8720365442490348,-2.6229999999999998,0.48300000000000026,-2.8070000000000013,2887.1795564028303,6228.205199999999,-757.5400999999999,-179.5903
2224,60788,16.885694444444443,3.8478960484919558,-2.6759999999999997,0.26800000000000035,-2.752000000000001,2888.432878170548,6229.528200000001,-756.5426,-181.7041
2225,60789,16.88597222222222,3.8738600904007883,-2.8099999999999996,0.05600000000000031,-2.6660000000000013,2889.6859831137867,6230.8501,-755.5449,-183.8179
2226,60790,16.88625,3.840054166284638,-2.972,0.27600000000000036,-2.4160000000000013,2890.938981884257,6232.171,-754.5471,-185.9317
2227,60791,16.886527777777776,3.671033641905234,-3.066,0.3740000000000003,-1.984000000000001,2892.191759662372,6233.4908,-753.5491,-188.0454
2228,60792,16.886805555555558,3.5980080600243247,-2.931,0.6740000000000004,-1.9750000000000014,2893.4443458727746,6234.8095,-752.5511,-190.1592
2229,60793,16.887083333333333,3.567378449225706,-2.883,0.9540000000000003,-1.8720000000000012,2894.6968092118072,6236.127200000001,-751.5528999999999,-192.2729
2230,60794,16.88736111111111,3.415926960577466,-2.7649999999999997,0.8560000000000002,-1.8140000000000012,2895.9489659266223,6237.4437,-750.5546,-194.3866
2231,60795,16.88763888888889,3.544146723825074,-2.716,0.9440000000000005,-2.0720000000000014,2897.201010677669,6238.7591999999995,-749.5562,-196.5002
2232,60796,16.887916666666666,3.5861284137632334,-2.636,1.0050000000000003,-2.214000000000001,2898.452834923972,6240.073600000001,-748.5576,-198.6138
2233,60797,16.888194444444444,3.5685236443100674,-2.6839999999999997,1.1630000000000003,-2.0440000000000014,2899.7044498358982,6241.3868999999995,-747.5589,-200.7274
2234,60798,16.888472222222223,3.6424302326880613,-2.743,1.5450000000000004,-1.8320000000000012,2900.95584003939,6242.6991,-746.5600000000001,-202.84089999999998
2235,60799,16.88875,3.6591130072737577,-2.662,1.8400000000000003,-1.7080000000000009,2902.207131342996,6244.0103,-745.5611,-204.9544
2236,60800,16.889027777777777,3.722051719146311,-2.604,1.8170000000000006,-1.9420000000000008,2903.4581968124853,6245.3204000000005,-744.562,-207.06779999999998
2237,60801,16.88930555555556,3.9121725422072076,-2.71,1.6130000000000002,-2.315000000000001,2904.7090509436516,6246.6294,-743.5627999999999,-209.1812
2238,60802,16.88958333333333,3.963167041647375,-2.952,1.5670000000000004,-2.1300000000000012,2905.9596898494638,6247.9373,-742.5635,-211.29449999999997
2239,60803,16.88986111111111,3.906079748289838,-2.9509999999999996,1.4230000000000005,-2.127000000000001,2907.210119862654,6249.2441,-741.5641,-213.4079
2240,60804,16.890138888888888,3.954173112042517,-3.1149999999999998,1.2540000000000002,-2.088000000000001,2908.4604212746044,6250.5499,-740.5645,-215.5212
2241,60805,16.890416666666663,3.8784905569048385,-3.3009999999999997,1.1820000000000002,-1.6580000000000013,2909.7105092213437,6251.854600000001,-739.5648,-217.63449999999997
2242,60806,16.890694444444442,3.9260939876676413,-3.441,1.278,-1.3930000000000011,2910.9604791135866,6253.1583,-738.5649999999999,-219.74769999999998
2243,60807,16.890972222222224,3.867899429923172,-3.4139999999999993,1.1730000000000003,-1.3890000000000013,2912.2102228353983,6254.4609,-737.565,-221.86090000000004
2244,60808,16.89125,3.7954302786377205,-3.461,0.9390000000000004,-1.2430000000000014,2913.459763279663,6255.7624000000005,-736.565,-223.9741
2245,60809,16.891527777777775,3.7147503280839755,-3.34,0.7570000000000003,-1.4390000000000014,2914.709073137036,6257.0628,-735.5648000000001,-226.08720000000002
2246,60810,16.891805555555557,3.5673745247730864,-3.252,0.6710000000000003,-1.3040000000000014,2915.9581670346283,6258.3621,-734.5645000000001,-228.20030000000003
2247,60811,16.892083333333332,3.3338975689123984,-3.0319999999999996,0.5000000000000002,-1.2930000000000013,2917.20713991017,6259.6604,-733.5641,-230.31329999999997
2248,60812,16.89236111111111,3.351333615144873,-2.941,0.2700000000000003,-1.5840000000000012,2918.4558840394902,6260.9576,-732.5635,-232.4263
2249,60813,16.89263888888889,3.4978103150399686,-2.932,0.27800000000000025,-1.8870000000000011,2919.704506357558,6262.2538,-731.5627999999999,-234.53920000000002
2250,60814,16.892916666666668,3.508695769085716,-2.721,0.11900000000000024,-2.212000000000001,2920.952910772878,6263.5489,-730.5620000000001,-236.65210000000002
2251,60815,16.893194444444447,3.5339077520501303,-2.6839999999999997,-0.06199999999999976,-2.2980000000000014,2922.201092656435,6264.842900000001,-729.5611,-238.76489999999998
2252,60816,16.893472222222222,3.5040476594932333,-2.679,-0.19699999999999973,-2.2500000000000013,2923.449043929969,6266.1358,-728.5600000000001,-240.8777
2253,60817,16.89375,3.552801289123838,-2.723,-0.011999999999999744,-2.2820000000000014,2924.6967757365887,6267.4276,-727.5588,-242.99049999999997
2254,60818,16.89402777777778,3.7379296408573564,-2.4549999999999996,0.09800000000000028,-2.817000000000001,2925.944470448543,6268.7185,-726.5573999999999,-245.10319999999996
2255,60819,16.894305555555555,3.9504800974058845,-2.432,0.030000000000000283,-3.1130000000000013,2927.1918453877356,6270.008199999999,-725.5559000000001,-247.21589999999998
2256,60820,16.894583333333333,4.291253196911132,-2.287,0.018000000000000283,-3.6310000000000016,2928.439094469052,6271.296899999999,-724.5543,-249.3285
2257,60821,16.89486111111111,4.526514442703128,-2.1279999999999997,0.13000000000000028,-3.993000000000001,2929.6861257840287,6272.5845,-723.5526,-251.44120000000004
2258,60822,16.895138888888887,4.4807011728076676,-1.9189999999999998,0.3810000000000003,-4.0310000000000015,2930.933030155645,6273.8711,-722.5508000000001,-253.5538
2259,60823,16.895416666666666,4.381957667527153,-1.8579999999999999,0.5300000000000002,-3.933000000000001,2932.179696418035,6275.1566,-721.5488,-255.6663
2260,60824,16.89569444444444,4.314693268356398,-1.8799999999999997,0.7870000000000003,-3.8030000000000017,2933.426151058856,6276.441,-720.5468000000001,-257.7788
2261,60825,16.89597222222222,4.360962623091376,-1.843,0.8450000000000003,-3.8610000000000015,2934.6724697029376,6277.7244,-719.5446,-259.8913
2262,60826,16.89625,4.3371619753013615,-1.8669999999999998,0.6870000000000003,-3.8540000000000014,2935.918560107977,6279.0067,-718.5423,-262.0037
2263,60827,16.896527777777777,4.314545398996285,-1.845,0.45100000000000023,-3.874000000000001,2937.1645209726403,6280.2880000000005,-717.5399,-264.116
2264,60828,16.896805555555556,4.098214733271063,-1.968,0.6020000000000003,-3.5440000000000014,2938.410157221368,6281.5681,-716.5373999999999,-266.22830000000005
2265,60829,16.897083333333335,3.8502044101579864,-2.0,0.7430000000000002,-3.205000000000001,2939.6557620881094,6282.8473,-715.5348,-268.3405
2266,60830,16.897361111111113,3.723853514841851,-2.02,0.9330000000000004,-2.986000000000001,2940.9011293570475,6284.1254,-714.5319999999999,-270.4527
2267,60831,16.89763888888889,3.6591459386037073,-2.158,1.0320000000000003,-2.769000000000001,2942.1462656241224,6285.402400000001,-713.5291,-272.5648
2268,60832,16.897916666666667,3.6830490086340157,-2.223,1.0000000000000002,-2.761000000000001,2943.3911633110224,6286.6783,-712.5260000000001,-274.6769
2269,60833,16.898194444444446,3.7732008957912657,-2.2600000000000002,1.1380000000000003,-2.7990000000000013,2944.6358444377142,6287.953100000001,-711.5229,-276.789
2270,60834,16.89847222222222,3.8694177856623346,-2.143,1.1330000000000005,-3.016000000000001,2945.880381064545,6289.2269,-710.5196,-278.901
2271,60835,16.89875,4.121959485487455,-1.9499999999999997,1.5050000000000003,-3.305000000000001,2947.124684368017,6290.4996,-709.5162,-281.0129
2272,60836,16.899027777777775,4.468361332748283,-1.795,1.7220000000000002,-3.712000000000001,2948.3688576678082,6291.7713,-708.5127,-283.1248
2273,60837,16.899305555555554,4.731456224039277,-1.658,1.9750000000000003,-3.9670000000000014,2949.6128011981286,6293.041899999999,-707.5091,-285.23670000000004
2274,60838,16.899583333333332,4.636503208237864,-1.781,1.7760000000000002,-3.895000000000001,2950.856609055644,6294.3115,-706.5054,-287.34849999999994
2275,60839,16.89986111111111,4.693752656457304,-1.8039999999999998,1.5330000000000001,-4.053000000000001,2952.1001750765267,6295.58,-705.5015000000001,-289.4603
2276,60840,16.900138888888886,4.64475941249921,-1.845,1.4260000000000004,-4.017000000000001,2953.3436155638246,6296.8475,-704.4976,-291.572
2277,60841,16.900416666666665,4.469555011407736,-1.7599999999999998,1.2890000000000001,-3.901000000000001,2954.5868132257447,6298.113899999999,-703.4935,-293.6837
2278,60842,16.900694444444444,4.337448674047915,-2.072,1.0810000000000002,-3.6540000000000012,2955.8298732467797,6299.3793000000005,-702.4893000000001,-295.7953
2279,60843,16.90097222222222,3.9206517315364815,-2.011,1.0580000000000003,-3.195000000000001,2957.0726894807185,6300.643599999999,-701.4849,-297.9069
2280,60844,16.901249999999997,3.6829131132841035,-2.017,1.1620000000000004,-2.8540000000000014,2958.315377968133,6301.9069,-700.4805,-300.0184
2281,60845,16.90152777777778,3.2546032016207453,-1.7049999999999996,1.1960000000000002,-2.5010000000000012,2959.557821548811,6303.1691,-699.4759,-302.1299
2282,60846,16.901805555555555,2.989423690278781,-1.6329999999999998,1.1070000000000002,-2.2460000000000013,2960.8001253547745,6304.4303,-698.4712,-304.2413
2283,60847,16.90208333333333,2.6048942396957315,-1.6369999999999998,0.9970000000000002,-1.7640000000000011,2962.042194522908,6305.6903999999995,-697.4664,-306.35269999999997
2284,60848,16.902361111111112,2.61432209186244,-1.6039999999999999,1.2300000000000002,-1.6580000000000013,2963.284028243243,6306.9493999999995,-696.4615,-308.46410000000003
2285,60849,16.902638888888887,2.7407205257012257,-1.7729999999999997,1.7620000000000005,-1.1240000000000012,2964.5257207799045,6308.2074,-695.4565,-310.5754
2286,60850,16.902916666666663,2.762218130416206,-1.9319999999999997,1.8030000000000002,-0.8040000000000014,2965.767166019335,6309.464300000001,-694.4513,-312.6867
2287,60851,16.903194444444445,3.1674628648178342,-2.102,2.2710000000000004,-0.6760000000000013,2967.0084798525163,6310.7202,-693.4460999999999,-314.7979
2288,60852,16.90347222222222,3.2025630360697046,-1.907,2.5200000000000005,-0.5190000000000012,2968.249551285552,6311.975,-692.4408,-316.909
2289,60853,16.90375,3.269105688104929,-2.046,2.5060000000000002,-0.4700000000000012,2969.490479372275,6313.2288,-691.4354,-319.02
2290,60854,16.904027777777777,3.4087659057201334,-2.4299999999999997,2.3840000000000003,-0.1770000000000012,2970.731158206202,6314.4815,-690.4298,-321.131
2291,60855,16.904305555555556,3.769382708083646,-2.9539999999999997,2.341,-0.04300000000000122,2971.971697737158,6315.733200000001,-689.4241,-323.242
2292,60856,16.90458333333333,4.121112713818927,-3.191,2.5670000000000006,0.45999999999999874,2973.2119927691465,6316.9838,-688.4183,-325.3529
2293,60857,16.90486111111111,4.322612635895102,-3.492,2.5040000000000004,0.46999999999999875,2974.452032356746,6318.2333,-687.4123,-327.4637
2294,60858,16.90513888888889,4.3641797625670735,-3.522,2.5410000000000004,0.4299999999999988,2975.691925658136,6319.4818,-686.4062,-329.5744
2295,60859,16.905416666666664,4.139164650022996,-3.4299999999999997,2.31,0.17799999999999877,2976.931578385538,6320.7292,-685.4000000000001,-331.68510000000003
2296,60860,16.905694444444443,4.249909410799247,-3.4559999999999995,2.4250000000000003,0.48699999999999877,2978.1710839570137,6321.9756,-684.3937,-333.7957
2297,60861,16.90597222222222,4.209189114306935,-3.6060000000000003,2.0390000000000006,0.7459999999999988,2979.4103477896074,6323.2209,-683.3873000000001,-335.9063
2298,60862,16.90625,4.312015074185154,-3.7840000000000003,1.8770000000000002,0.8669999999999988,2980.64946855062,6324.465200000001,-682.3808,-338.01689999999996
2299,60863,16.906527777777775,4.32824502541157,-3.9379999999999997,1.6950000000000003,0.5939999999999988,2981.888330707704,6325.7084,-681.3741,-340.12739999999997
2300,60864,16.906805555555554,4.3167678881311184,-3.8,2.0090000000000003,0.3979999999999987,2983.127043639948,6326.9506,-680.3673,-342.2378
2301,60865,16.907083333333333,4.176693548729664,-3.6919999999999993,1.8970000000000002,0.46399999999999875,2984.3655238312717,6328.191699999999,-679.3605,-344.3482
2302,60866,16.907361111111108,4.016885111625673,-3.661,1.653,0.0059999999999987615,2985.6038484393775,6329.4318,-678.3534999999999,-346.45860000000005
2303,60867,16.90763888888889,3.8373424397621854,-3.464,1.6510000000000002,0.009999999999998765,2986.84203300228,6330.6709,-677.3465,-348.5689
2304,60868,16.907916666666665,3.7323077311497235,-3.4849999999999994,1.3360000000000003,-1.2434497875801752e-15,2988.07996176299,6331.9089,-676.3393,-350.6792
2305,60869,16.90819444444444,3.644464295338891,-3.3579999999999997,1.4160000000000004,0.02999999999999876,2989.3177332300506,6333.1458999999995,-675.332,-352.7893
2306,60870,16.908472222222223,3.483204846115141,-3.182,1.374,-0.34600000000000125,2990.5552691057774,6334.3818,-674.3247,-354.8994
2307,60871,16.908749999999998,3.3669942084892277,-2.997,1.3800000000000003,-0.6710000000000013,2991.7926416323935,6335.6167,-673.3172,-357.0094
2308,60872,16.909027777777776,3.4220441259574668,-2.864,1.5830000000000004,-1.0010000000000012,2993.029756661561,6336.8505,-672.3095000000001,-359.1194
2309,60873,16.909305555555555,3.3575574455249466,-2.648,1.7820000000000005,-1.0420000000000011,2994.2667282954126,6338.0833,-671.3018,-361.22929999999997
2310,60874,16.90958333333333,3.337935589552321,-2.63,1.7150000000000003,-1.1330000000000013,2995.5034519250594,6339.3150000000005,-670.2940000000001,-363.3392
2311,60875,16.90986111111111,3.429658146229738,-2.635,1.7970000000000002,-1.2610000000000015,2996.740004559078,6340.545700000001,-669.2860000000001,-365.4489
2312,60876,16.910138888888888,3.477549855861164,-2.6089999999999995,1.9140000000000001,-1.2740000000000014,2997.9763187783656,6341.7753,-668.278,-367.55859999999996
2313,60877,16.910416666666666,3.5512990580912787,-2.5249999999999995,1.9920000000000002,-1.5060000000000013,2999.212466533748,6343.0039,-667.2698,-369.6682
2314,60878,16.91069444444444,3.60773308325325,-2.469,2.121,-1.5560000000000014,3000.448463823196,6344.2315,-666.2615,-371.7778
2315,60879,16.91097222222222,3.7219579524760893,-2.681,2.089,-1.5170000000000015,3001.6842105840105,6345.4580000000005,-665.2531,-373.88739999999996
2316,60880,16.91125,3.6498501339096108,-2.8289999999999997,1.8310000000000002,-1.4020000000000015,3002.9197894467643,6346.683500000001,-664.2445,-375.9969
2317,60881,16.911527777777778,3.8652558776877894,-3.0509999999999997,1.951,-1.3510000000000013,3004.155210396959,6347.908,-663.2358,-378.10630000000003
2318,60882,16.911805555555553,3.9009109192597573,-3.1639999999999997,1.8590000000000004,-1.3230000000000013,3005.3903840833855,6349.1314,-662.2271,-380.21560000000005
2319,60883,16.912083333333335,3.9958164372253147,-3.289,1.9120000000000004,-1.2220000000000013,3006.6254046016547,6350.3538,-661.2183000000001,-382.32489999999996
2320,60884,16.91236111111111,3.8951756057975104,-3.2199999999999998,1.7520000000000002,-1.3170000000000013,3007.860255422508,6351.5752,-660.2093,-384.43410000000006
2321,60885,16.912638888888885,4.011629220154824,-3.2779999999999996,1.6830000000000003,-1.5860000000000012,3009.0948632681866,6352.7955,-659.2003,-386.5433
2322,60886,16.912916666666664,4.1020410773174865,-3.409,1.6440000000000006,-1.5820000000000012,3010.32930044888,6354.0148,-658.1911,-388.6524
2323,60887,16.913194444444443,4.253941819066171,-3.6699999999999995,1.5610000000000004,-1.480000000000001,3011.5635929649425,6355.2330999999995,-657.1818999999999,-390.76149999999996
2324,60888,16.91347222222222,4.204929131388542,-3.656999999999999,1.6820000000000004,-1.216000000000001,3012.797618635936,6356.4502999999995,-656.1726,-392.87039999999996
2325,60889,16.91375,3.975021006233804,-3.482,1.4020000000000004,-1.3080000000000012,3014.031389188459,6357.6664,-655.1632,-394.9793
2326,60890,16.91402777777778,4.057299348088578,-3.2979999999999996,1.685,-1.6570000000000011,3015.2650034556027,6358.8815,-654.1537000000001,-397.08820000000003
2327,60891,16.91430555555555,3.9452612080824263,-3.0909999999999997,1.7140000000000004,-1.7530000000000012,3016.498355331228,6360.0955,-653.1441000000001,-399.197
2328,60892,16.914583333333333,3.8245708255959916,-3.002,1.8070000000000004,-1.5330000000000013,3017.7316391779277,6361.308599999999,-652.1343,-401.3058
2329,60893,16.914861111111108,3.6261006604891715,-2.8859999999999997,1.6510000000000005,-1.4470000000000012,3018.9646596602533,6362.5206,-651.1244,-403.4145
2330,60894,16.915138888888887,3.6389429783935894,-2.931,1.6930000000000003,-1.3360000000000014,3020.1974164456983,6363.7315,-650.1144,-405.5231
2331,60895,16.915416666666665,3.68387296197901,-3.056,1.6780000000000004,-1.1900000000000013,3021.4301074136592,6364.9415,-649.1043000000001,-407.63160000000005
2332,60896,16.915694444444444,3.7548659097230095,-3.013,1.9320000000000004,-1.1350000000000011,3022.662540199884,6366.1504,-648.0941,-409.7401
2333,60897,16.91597222222222,3.6245014829628643,-2.8589999999999995,1.9390000000000005,-1.0970000000000013,3023.8946976095262,6367.358200000001,-647.0836999999999,-411.84850000000006
2334,60898,16.916249999999998,3.7586867387426692,-2.9389999999999996,1.8310000000000002,-1.4620000000000013,3025.1266949034266,6368.5650000000005,-646.0732,-413.9569
2335,60899,16.916527777777777,3.8447754160678884,-2.828,2.0670000000000006,-1.5850000000000013,3026.358535303019,6369.7708,-645.0627,-416.0652
2336,60900,16.91680555555556,3.742212179981248,-2.786,2.0100000000000002,-1.4840000000000013,3027.5900924125367,6370.9755,-644.0519999999999,-418.17330000000004
2337,60901,16.917083333333334,3.580663904920427,-2.7399999999999993,1.9270000000000003,-1.2650000000000012,3028.82158726658,6372.1793,-643.0412,-420.2814
2338,60902,16.917361111111113,3.5486562245447226,-2.735,1.7400000000000002,-1.4440000000000013,3030.0528245553846,6373.382,-642.0303999999999,-422.3894
2339,60903,16.91763888888889,3.548326225137706,-2.6629999999999994,1.8730000000000004,-1.4110000000000014,3031.2838993805412,6374.5837,-641.0195,-424.4974
2340,60904,16.917916666666667,3.278973314926488,-2.5149999999999997,1.6960000000000004,-1.2450000000000014,3032.514804695593,6375.7844,-640.0084999999999,-426.6053
2341,60905,16.918194444444445,3.0360879433903105,-2.15,1.8110000000000004,-1.1470000000000014,3033.7454374891995,6376.9839999999995,-638.9973,-428.7132
2342,60906,16.918472222222224,2.845944131566887,-2.133,1.6030000000000002,-0.9900000000000013,3034.9758038629334,6378.1825,-637.9861,-430.8209
2343,60907,16.918750000000003,2.9774529383350465,-2.2169999999999996,1.749,-0.9440000000000012,3036.2060061070415,6379.38,-636.9748,-432.9286
2344,60908,16.919027777777778,2.958396525146689,-2.219,1.81,-0.7430000000000012,3037.4360368757757,6380.5765,-635.9634,-435.0362
2345,60909,16.91930555555556,3.1534008625609276,-2.5449999999999995,1.7640000000000005,-0.5960000000000012,3038.6658856971962,6381.772,-634.9518,-437.14369999999997
2346,60910,16.919583333333332,3.2587759972112234,-2.702,1.7840000000000003,-0.3690000000000012,3039.895578682887,6382.9665,-633.9402,-439.2512
2347,60911,16.91986111111111,3.360002678570361,-2.7409999999999997,1.9040000000000004,-0.38900000000000123,3041.124999455812,6384.159900000001,-632.9285,-441.3586
2348,60912,16.92013888888889,3.3699384267372006,-2.7129999999999996,1.9960000000000004,-0.11000000000000125,3042.3541377806573,6385.3522,-631.9166,-443.4659
2349,60913,16.920416666666668,3.288185061701972,-2.831,1.6440000000000001,-0.3080000000000013,3043.5831022021216,6386.543500000001,-630.9046000000001,-445.57309999999995
2350,60914,16.920694444444447,3.5103021237494647,-2.984,1.7660000000000005,-0.5470000000000013,3044.811899187828,6387.7338,-629.8924999999999,-447.6803
2351,60915,16.920972222222225,3.6595100764993123,-3.258,1.5850000000000004,-0.5150000000000012,3046.0404319116506,6388.923000000001,-628.8803999999999,-449.7874
2352,60916,16.921250000000004,3.632097052668059,-3.239,1.5480000000000003,-0.5520000000000013,3047.268885719649,6390.1113,-627.8681,-451.8945
2353,60917,16.921527777777776,3.5597839822101567,-3.219,1.3850000000000002,-0.6260000000000012,3048.497156702596,6391.2986,-626.8557000000001,-454.0014
2354,60918,16.921805555555558,3.596968306782811,-3.286,1.3270000000000004,-0.6160000000000012,3049.725258442792,6392.4849,-625.8432,-456.1083
2355,60919,16.922083333333333,3.5621831788946507,-3.312,1.2420000000000002,-0.42100000000000126,3050.9530839872305,6393.670099999999,-624.8306,-458.2151
2356,60920,16.922361111111112,3.5697117530691465,-3.3519999999999994,1.1870000000000003,-0.3130000000000013,3052.1807394065154,6394.8543,-623.8179,-460.3219
2357,60921,16.92263888888889,3.6965359459905156,-3.5149999999999997,1.1370000000000002,-0.12800000000000125,3053.4081176878585,6396.037399999999,-622.8051,-462.4286
2358,60922,16.92291666666667,3.9911406890762446,-3.812,1.1520000000000001,-0.26600000000000124,3054.635426635985,6397.219599999999,-621.7923,-464.5352000000001
2359,60923,16.923194444444444,4.1832420441566605,-3.9309999999999996,1.4280000000000004,-0.08700000000000123,3055.8624552861866,6398.4007,-620.7792999999999,-466.6418
2360,60924,16.923472222222223,4.138647846821471,-3.879,1.4420000000000002,-0.049000000000001244,3057.089314354046,6399.580800000001,-619.7663,-468.74830000000003
2361,60925,16.923750000000002,4.148632907356349,-3.815,1.6270000000000002,-0.09900000000000124,3058.3159841161314,6400.7599,-618.7531,-470.8547
2362,60926,16.924027777777777,4.140922119528452,-3.836,1.5540000000000003,-0.13200000000000126,3059.542483293726,6401.938,-617.7398999999999,-472.96100000000007
2363,60927,16.924305555555556,4.291376119614779,-3.9479999999999995,1.6730000000000005,-0.17400000000000126,3060.7687098138913,6403.115,-616.7266000000001,-475.06730000000005
2364,60928,16.924583333333334,4.29772846978494,-3.969,1.6470000000000002,-0.07000000000000123,3061.994648497949,6404.2909,-615.7132,-477.1734
2365,60929,16.924861111111113,4.278325490188889,-3.978,1.5640000000000003,-0.18300000000000122,3063.220512163532,6405.4659,-614.6997,-479.2795
2366,60930,16.92513888888889,4.493533576151401,-4.215999999999999,1.5120000000000002,-0.36200000000000127,3064.4460945706824,6406.6398,-613.6861,-481.38550000000004
2367,60931,16.92541666666667,4.56975896519718,-4.292,1.483,-0.5120000000000012,3065.6715934627637,6407.8128,-612.6724,-483.4914
2368,60932,16.925694444444446,4.404938819098399,-4.111,1.4420000000000002,-0.6510000000000012,3066.896808095064,6408.9847,-611.6585,-485.5973
2369,60933,16.92597222222222,4.419192007595959,-4.089,1.4440000000000004,-0.8510000000000012,3068.12184121447,6410.1556,-610.6446,-487.7030000000001
2370,60934,16.926250000000003,4.6118856230396705,-4.3020000000000005,1.4210000000000003,-0.8620000000000012,3069.346598579768,6411.3254,-609.6306,-489.80869999999993
2371,60935,16.92652777777778,4.786525775549526,-4.513999999999999,1.2080000000000002,-1.0370000000000013,3070.5712707267435,6412.4943,-608.6165000000001,-491.9143
2372,60936,16.926805555555557,4.960342730094363,-4.6,1.3900000000000001,-1.230000000000001,3071.7956491530417,6413.6621,-607.6022,-494.0197999999999
2373,60937,16.927083333333336,4.9641555173060405,-4.49,1.6040000000000003,-1.3820000000000012,3073.019851477268,6414.8288999999995,-606.5879,-496.12519999999995
2374,60938,16.92736111111111,5.100394298483208,-4.429,2.0300000000000002,-1.5090000000000012,3074.243875437962,6415.9947,-605.5735000000001,-498.23060000000004
2375,60939,16.92763888888889,5.244045957083138,-4.3549999999999995,2.468,-1.5630000000000013,3075.467613792559,6417.1594,-604.559,-500.3358999999999
2376,60940,16.92791666666667,5.27826609787722,-4.131,2.8840000000000003,-1.5740000000000012,3076.691264590993,6418.3232,-603.5444,-502.4411
2377,60941,16.928194444444447,5.27650443001804,-3.8889999999999993,3.1630000000000003,-1.6470000000000014,3077.9146364726807,6419.4859,-602.5296999999999,-504.5463
2378,60942,16.928472222222222,5.274725680070956,-3.8950000000000005,3.2590000000000003,-1.4250000000000012,3079.1378128349506,6420.647599999999,-601.5149,-506.6513
2379,60943,16.92875,5.247460433390613,-3.906,3.2690000000000006,-1.2620000000000013,3080.360808667737,6421.8083,-600.5,-508.7563
2380,60944,16.92902777777778,5.142487919285761,-3.8169999999999993,3.2580000000000005,-1.1230000000000013,3081.5836078072625,6422.968,-599.485,-510.86109999999996
2381,60945,16.92930555555556,4.952587808408853,-3.499,3.3620000000000005,-0.9910000000000011,3082.806126458003,6424.1266,-598.4698999999999,-512.9658999999999
2382,60946,16.929583333333333,4.659194136328727,-3.2849999999999993,3.2039999999999997,-0.8070000000000013,3084.0284645311217,6425.2842,-597.4548000000001,-515.0706
2383,60947,16.929861111111116,4.4463753777655795,-3.2949999999999995,2.9250000000000003,-0.5980000000000013,3085.2507023347944,6426.4409,-596.4395000000001,-517.1752
2384,60948,16.930138888888887,4.181950860543438,-3.3909999999999996,2.3660000000000005,-0.6260000000000012,3086.4727576362448,6427.596599999999,-595.4241,-519.2798
2385,60949,16.930416666666666,3.882705371258551,-3.346,1.846,-0.6870000000000013,3087.694621844339,6428.7513,-594.4086,-521.3843
2386,60950,16.930694444444445,3.68339367974698,-3.3579999999999997,1.2850000000000004,-0.8000000000000013,3088.9161952395857,6429.9048999999995,-593.393,-523.4887
2387,60951,16.930972222222223,3.7918428237467863,-3.558,0.9320000000000002,-0.9220000000000013,3090.137576616303,6431.0575,-592.3773,-525.5930000000001
2388,60952,16.931250000000002,3.8362107606334668,-3.554,0.8340000000000003,-1.1790000000000014,3091.3587744237716,6432.2091,-591.3616,-527.6972
2389,60953,16.93152777777778,3.8243379819257606,-3.4809999999999994,0.8900000000000002,-1.3100000000000012,3092.5797792725884,6433.3597,-590.3458,-529.8013
2390,60954,16.93180555555556,3.904862225482482,-3.532,0.9230000000000004,-1.3860000000000012,3093.800589724774,6434.5093,-589.3298,-531.9054
2391,60955,16.93208333333333,4.326680136085866,-3.944,0.9690000000000003,-1.4920000000000013,3095.021207141175,6435.6579,-588.3138,-534.0093
2392,60956,16.932361111111113,4.532592525255277,-4.1450000000000005,1.1190000000000002,-1.4530000000000014,3096.2416383166737,6436.8055,-587.2977,-536.1132
2393,60957,16.93263888888889,4.524646505529465,-4.1209999999999996,1.0690000000000002,-1.5320000000000011,3097.4617753434386,6437.952,-586.2814999999999,-538.217
2394,60958,16.932916666666667,4.388219000915975,-3.9589999999999996,1.2470000000000003,-1.4240000000000013,3098.681717323959,6439.097500000001,-585.2651999999999,-540.3207
2395,60959,16.933194444444446,4.375621898656236,-3.9810000000000003,1.2090000000000003,-1.355000000000001,3099.901463493331,6440.242,-584.2488,-542.4243
2396,60960,16.933472222222225,4.345984238351538,-3.9489999999999994,1.2630000000000003,-1.3030000000000013,3101.1210223039525,6441.3855,-583.2324,-544.5278000000001
2397,60961,16.93375,4.166811850803922,-3.78,1.2640000000000002,-1.2150000000000012,3102.3403843761707,6442.528,-582.2158999999999,-546.6312
2398,60962,16.93402777777778,3.9524746678505105,-3.526,1.3780000000000003,-1.1360000000000012,3103.55945830317,6443.669400000001,-581.1993,-548.7346
2399,60963,16.934305555555557,3.7027807118434657,-3.3939999999999997,1.2500000000000004,-0.7930000000000013,3104.77832576116,6444.8098,-580.1825,-550.8379
2400,60964,16.934583333333336,3.653855634805514,-3.4560000000000004,0.9780000000000003,-0.6710000000000013,3105.9970041828396,6445.9492,-579.1657,-552.9411
2401,60965,16.93486111111111,3.4490381267825962,-3.3019999999999996,0.8360000000000003,-0.5420000000000013,3107.215492461647,6447.087600000001,-578.1488,-555.0442999999999
2402,60966,16.93513888888889,3.635734313725358,-3.4579999999999997,0.7360000000000002,-0.8480000000000013,3108.433764287298,6448.225,-577.1317,-557.1473
2403,60967,16.93541666666667,3.7561324524036688,-3.5129999999999995,0.9310000000000003,-0.9490000000000013,3109.6518541083574,6449.3614,-576.1146000000001,-559.2502999999999
2404,60968,16.935694444444444,3.872651417310885,-3.6390000000000002,0.7920000000000003,-1.0620000000000012,3110.8697354929427,6450.496799999999,-575.0974,-561.3531
2405,60969,16.935972222222222,4.072471731025275,-3.776,0.8870000000000001,-1.241000000000001,3112.0874339851616,6451.6312,-574.0802000000001,-563.4559
2406,60970,16.93625,4.282719112900121,-3.957,1.0530000000000004,-1.2550000000000012,3113.304922686631,6452.7646,-573.0627999999999,-565.5586
2407,60971,16.936527777777776,4.578416647706934,-4.2829999999999995,1.1310000000000002,-1.1570000000000014,3114.5222100757956,6453.897,-572.0453,-567.6612
2408,60972,16.93680555555556,4.9491547763229224,-4.6899999999999995,1.1320000000000003,-1.103000000000001,3115.739394941286,6455.028499999999,-571.0277,-569.7637
2409,60973,16.937083333333334,5.1119782863388625,-4.828,1.1930000000000003,-1.1830000000000012,3116.9562872366587,6456.1589,-570.0101,-571.8661
2410,60974,16.93736111111111,5.05168466949393,-4.741,1.2790000000000004,-1.1860000000000013,3118.1729768672476,6457.2883,-568.9924,-573.9684
2411,60975,16.93763888888889,5.09513375683112,-4.776,1.2460000000000002,-1.2640000000000013,3119.3894633895043,6458.4167,-567.9746,-576.0705999999999
2412,60976,16.937916666666666,4.965609428861678,-4.6979999999999995,1.2530000000000003,-1.0080000000000013,3120.605755245819,6459.5441,-566.9567,-578.1728
2413,60977,16.93819444444444,4.925258368857415,-4.72,1.1770000000000003,-0.7710000000000014,3121.821834090218,6460.6705,-565.9387,-580.2747999999999
2414,60978,16.938472222222224,4.900569252648104,-4.643,1.3430000000000004,-0.8090000000000014,3123.0376268283812,6461.795800000001,-564.9207,-582.3768
2415,60979,16.93875,4.821661539345126,-4.566,1.3920000000000003,-0.6800000000000013,3124.253197016402,6462.9201,-563.9024999999999,-584.4786
2416,60980,16.939027777777774,4.752843464706154,-4.505999999999999,1.3630000000000002,-0.6540000000000012,3125.468670111554,6464.0435,-562.8842000000001,-586.5803999999999
2417,60981,16.939305555555556,4.621042090264922,-4.345,1.3180000000000003,-0.8590000000000012,3126.683945895748,6465.1659,-561.8659,-588.6821
2418,60982,16.93958333333333,4.438522952514721,-4.161,1.3130000000000002,-0.8140000000000013,3127.898916158762,6466.287200000001,-560.8475,-590.7837
2419,60983,16.93986111111111,4.485619355228439,-4.194999999999999,1.2340000000000004,-1.0000000000000013,3129.113778896078,6467.4076000000005,-559.8290000000001,-592.8851999999999
2420,60984,16.94013888888889,4.596737103642105,-4.242,1.3780000000000003,-1.1120000000000014,3130.3284344484214,6468.527,-558.8104000000001,-594.9866
2421,60985,16.940416666666668,4.420216397417665,-4.084,1.429,-0.9040000000000011,3131.542882380049,6469.6454,-557.7917,-597.0879000000001
2422,60986,16.940694444444443,4.149921686008063,-3.785,1.5200000000000002,-0.7650000000000012,3132.757130887228,6470.7627999999995,-556.7729999999999,-599.1890999999999
2423,60987,16.94097222222222,4.01928177663622,-3.684,1.3570000000000002,-0.8610000000000012,3133.971170582275,6471.8792,-555.7542,-601.2902
2424,60988,16.94125,4.0218729467749235,-3.697,1.3380000000000003,-0.8470000000000013,3135.18509212725,6472.9947,-554.7352,-603.3912
2425,60989,16.94152777777778,3.9384151634889886,-3.6029999999999993,1.3530000000000002,-0.8360000000000012,3136.398822005017,6474.1092,-553.7162000000001,-605.4922
2426,60990,16.941805555555554,3.852604443749708,-3.5519999999999996,1.249,-0.8160000000000013,3137.612233620529,6475.2226,-552.6971,-607.5930000000001
2427,60991,16.942083333333336,3.772257414334287,-3.479,1.2340000000000002,-0.7770000000000012,3138.825335498061,6476.3349,-551.6779,-609.6937
2428,60992,16.94236111111111,3.723181838159399,-3.4309999999999996,1.0890000000000002,-0.9510000000000012,3140.0383257878043,6477.4463000000005,-550.6586,-611.7943
2429,60993,16.942638888888887,3.7251892569371567,-3.375,1.0670000000000004,-1.1610000000000011,3141.2511143858615,6478.5567,-549.6392000000001,-613.8949
2430,60994,16.94291666666667,3.6451074058249646,-3.268,1.0220000000000005,-1.2500000000000013,3142.4636996788095,6479.6661,-548.6198,-615.9954
2431,60995,16.943194444444444,3.8637326512066026,-3.4379999999999997,0.9750000000000002,-1.4690000000000012,3143.6760728996755,6480.7744999999995,-547.6003,-618.0958
2432,60996,16.943472222222223,4.058470401518287,-3.5589999999999997,0.9010000000000004,-1.730000000000001,3144.888223993344,6481.8819,-546.5807000000001,-620.196
2433,60997,16.94375,4.177222163112708,-3.572,0.9400000000000004,-1.9510000000000012,3146.1001714852696,6482.9883,-545.561,-622.2962
2434,60998,16.94402777777778,4.249686106055364,-3.6119999999999997,0.8820000000000002,-2.058000000000001,3147.311905797193,6484.093699999999,-544.5412,-624.3963000000001
2435,60999,16.944305555555555,4.324202701076814,-3.6310000000000002,0.8780000000000003,-2.1780000000000017,3148.523416613799,6485.1981,-543.5213,-626.4961999999999
2436,61000,16.944583333333334,4.2936710400308975,-3.531,0.9770000000000003,-2.239000000000001,3149.7347310354307,6486.3015,-542.5014,-628.5961
2437,61001,16.944861111111113,4.2349255011156925,-3.5169999999999995,1.0120000000000002,-2.131000000000001,3150.9459215077736,6487.404,-541.4813,-630.6959
2438,61002,16.94513888888889,4.174400196435411,-3.5229999999999997,1.0420000000000003,-1.982000000000001,3152.1569049847712,6488.505499999999,-540.4612,-632.7956
2439,61003,16.945416666666667,4.0221587487318295,-3.4959999999999996,0.9110000000000001,-1.7680000000000013,3153.3676731456085,6489.606,-539.441,-634.8951999999999
2440,61004,16.945694444444445,4.0849085669082,-3.5269999999999997,0.9180000000000001,-1.8450000000000013,3154.5782250948732,6490.7055,-538.4206999999999,-636.9947
2441,61005,16.94597222222222,4.033274724092075,-3.5599999999999996,0.9560000000000004,-1.6370000000000016,3155.788560583399,6491.804,-537.4003,-639.0941
2442,61006,16.94625,4.119940412190449,-3.664,0.8870000000000002,-1.6620000000000013,3156.998678888924,6492.9015,-536.3797999999999,-641.1934
2443,61007,16.946527777777778,4.090808966451502,-3.7020000000000004,1.1170000000000004,-1.3350000000000013,3158.208579895307,6493.998,-535.3592,-643.2926
2444,61008,16.946805555555553,3.96525421631451,-3.7079999999999997,0.8690000000000001,-1.1040000000000014,3159.4182714376825,6495.0935,-534.3385999999999,-645.3916999999999
2445,61009,16.94708333333333,3.99915266025192,-3.7190000000000003,0.6500000000000004,-1.3190000000000013,3160.62774452599,6496.188,-533.3179,-647.4907000000001
2446,61010,16.94736111111111,4.13069969859829,-3.7960000000000003,0.6580000000000003,-1.4900000000000013,3161.836999045949,6497.2815,-532.2971,-649.5896
2447,61011,16.94763888888889,4.178880831035985,-3.784,0.8300000000000003,-1.5670000000000013,3163.0460424815765,6498.374000000001,-531.2763,-651.6884
2448,61012,16.947916666666668,4.213819407615851,-3.811,0.7630000000000003,-1.6280000000000012,3164.2548661989026,6499.4655,-530.2554,-653.7871
2449,61013,16.948194444444447,4.344746828067201,-3.8579999999999997,0.8550000000000004,-1.8060000000000014,3165.4634702561802,6500.556,-529.2344,-655.8857
2450,61014,16.948472222222225,4.29998790695974,-3.79,1.0140000000000005,-1.7600000000000011,3166.6718537673473,6501.6455,-528.2133,-657.9842000000001
2451,61015,16.94875,4.343215974367382,-3.7359999999999998,1.1350000000000002,-1.9020000000000015,3167.88001649027,6502.734,-527.1921,-660.0826
2452,61016,16.94902777777778,4.2481461839254075,-3.7089999999999996,1.2170000000000003,-1.6760000000000013,3169.088064814741,6503.8216,-526.1709,-662.1809000000001
2453,61017,16.949305555555558,4.322211123950334,-3.732,1.0460000000000003,-1.9130000000000014,3170.295891508901,6504.9082,-525.1496,-664.2791
2454,61018,16.949583333333333,4.367563164969684,-3.722,1.3820000000000001,-1.820000000000001,3171.5034961621395,6505.9938,-524.1282,-666.3772
2455,61019,16.94986111111111,4.318608687992002,-3.726,1.5790000000000002,-1.5080000000000013,3172.7108859584673,6507.0784,-523.1068,-668.4752
2456,61020,16.95013888888889,4.195001191894945,-3.6950000000000003,1.4670000000000003,-1.3390000000000013,3173.918052877968,6508.161999999999,-522.0853,-670.5731
2457,61021,16.950416666666666,4.113411479538608,-3.6479999999999997,1.1710000000000003,-1.4970000000000012,3175.1250953599238,6509.2447,-521.0636999999999,-672.6709
2458,61022,16.950694444444444,4.155832768531478,-3.596,1.1470000000000005,-1.7390000000000012,3176.3319138466386,6510.3264,-520.042,-674.7686
2459,61023,16.95097222222222,4.143603383529848,-3.5479999999999996,1.1280000000000003,-1.8190000000000013,3177.5385057868857,6511.407099999999,-519.0202999999999,-676.8661
2460,61024,16.951249999999998,4.132442498087542,-3.566,0.8070000000000004,-1.9260000000000013,3178.7448650621286,6512.486800000001,-517.9984000000001,-678.9635
2461,61025,16.951527777777777,4.312201989703174,-3.539,0.6260000000000003,-2.3830000000000013,3179.9511061982303,6513.5656,-516.9765,-681.0608
2462,61026,16.951805555555556,4.405191936794583,-3.4479999999999995,0.7540000000000002,-2.6360000000000015,3181.157032742199,6514.6433,-515.9545,-683.1581
2463,61027,16.95208333333333,4.386778544672617,-3.4189999999999996,0.6880000000000003,-2.6610000000000014,3182.362733417427,6515.719999999999,-514.9324,-685.2553
2464,61028,16.95236111111111,4.747860676136149,-3.45,0.5450000000000003,-3.216000000000001,3183.5683041064976,6516.7958,-513.9103,-687.3523
2465,61029,16.952638888888888,4.772434284513513,-3.3849999999999993,0.7480000000000002,-3.280000000000001,3184.7736504995933,6517.8706,-512.888,-689.4493
2466,61030,16.952916666666667,4.621528535019556,-3.2739999999999996,0.7390000000000002,-3.177000000000001,3185.9787591631593,6518.9444,-511.8656,-691.5461
2467,61031,16.953194444444442,4.645656143108313,-3.405,0.8640000000000002,-3.0400000000000014,3187.183658372828,6520.0172,-510.8432000000001,-693.6429
2468,61032,16.953472222222224,4.521434506879427,-3.4909999999999997,0.9830000000000002,-2.700000000000001,3188.3883293870813,6521.089,-509.82070000000004,-695.7396000000001
2469,61033,16.95375,4.377369758199552,-3.5059999999999993,0.9070000000000004,-2.459000000000001,3189.592870932734,6522.159900000001,-508.7981000000001,-697.8362
2470,61034,16.954027777777775,4.347615093358657,-3.5169999999999995,1.0980000000000003,-2.308000000000001,3190.797191293086,6523.2298,-507.7755,-699.9327000000001
2471,61035,16.954305555555557,4.008581794101251,-3.4659999999999997,1.0540000000000003,-1.7160000000000015,3192.0012822244,6524.298699999999,-506.75280000000004,-702.0291
2472,61036,16.954583333333332,3.9074500636604435,-3.534,0.6310000000000003,-1.5430000000000013,3193.205143348371,6525.3666,-505.73,-704.1254
2473,61037,16.95486111111111,3.8807562407345304,-3.557,0.6120000000000003,-1.4260000000000013,3194.4088702850995,6526.4336,-504.7072,-706.2214999999999
2474,61038,16.95513888888889,3.725566265683648,-3.468,0.6680000000000004,-1.1860000000000013,3195.612270457191,6527.4995,-503.68420000000003,-708.3176000000001
2475,61039,16.955416666666668,3.8462346522280724,-3.6659999999999995,0.4930000000000003,-1.0540000000000012,3196.8155355537942,6528.5644999999995,-502.6612,-710.4135
2476,61040,16.955694444444443,4.1773690284675595,-3.9579999999999997,0.5020000000000003,-1.2380000000000013,3198.018576622553,6529.6285,-501.6382,-712.5092999999999
2477,61041,16.955972222222222,4.260246119650835,-3.97,0.6940000000000003,-1.3810000000000011,3199.2213783018015,6530.691499999999,-500.61499999999995,-714.6049999999999
2478,61042,16.95625,4.336140449754828,-3.9909999999999997,0.5370000000000003,-1.6080000000000012,3200.4239476280327,6531.753500000001,-499.59170000000006,-716.7005999999999
2479,61043,16.95652777777778,4.385691507618839,-3.973,0.6050000000000003,-1.7560000000000013,3201.626291677644,6532.8144999999995,-498.56839999999994,-718.7961
2480,61044,16.956805555555555,4.331448372080637,-3.964,0.5500000000000004,-1.6570000000000014,3202.8285016782393,6533.8746,-497.54499999999996,-720.8915
2481,61045,16.957083333333333,4.329770086274791,-3.918,0.5560000000000003,-1.757000000000001,3204.030467013946,6534.9337,-496.5215,-722.9867
2482,61046,16.95736111111111,4.267119520238448,-3.84,0.7500000000000002,-1.7030000000000012,3205.2321983841125,6535.9918,-495.4979,-725.0817999999999
2483,61047,16.957638888888887,4.098502775404698,-3.7020000000000004,0.5360000000000003,-1.6750000000000012,3206.4336950817515,6537.0489,-494.47419999999994,-727.1768
2484,61048,16.957916666666666,4.093727519022242,-3.755,0.3240000000000003,-1.5980000000000012,3207.6350637049773,6538.1051,-493.45050000000003,-729.2717
2485,61049,16.95819444444444,3.986652355046775,-3.571999999999999,0.33700000000000024,-1.7380000000000013,3208.83619686059,6539.1603000000005,-492.4267,-731.3665
2486,61050,16.95847222222222,3.768821964487047,-3.3609999999999998,0.3770000000000002,-1.6630000000000014,3210.0371054296456,6540.2145,-491.4028,-733.4613
2487,61051,16.95875,3.6401671664911217,-3.2779999999999996,0.05300000000000027,-1.5820000000000012,3211.2377743296174,6541.2677,-490.3789,-735.5559000000001
2488,61052,16.959027777777777,3.6329797687297964,-3.251,0.14600000000000027,-1.6150000000000013,3212.4383131996883,6542.32,-489.355,-737.6504
2489,61053,16.959305555555556,3.7218405393031015,-3.3229999999999995,0.21800000000000025,-1.6620000000000013,3213.6385963666476,6543.3713,-488.33090000000004,-739.7447
2490,61054,16.959583333333335,3.8110611383183035,-3.3049999999999997,0.2510000000000002,-1.8810000000000013,3214.8386495609166,6544.4216,-487.3068,-741.8389
2491,61055,16.959861111111113,3.88718574292508,-3.348,0.5030000000000003,-1.9100000000000013,3216.0384761782793,6545.4709,-486.2826,-743.9331
2492,61056,16.96013888888889,3.8558149592531024,-3.25,0.6450000000000002,-1.9720000000000013,3217.2381597107687,6546.5193,-485.2584,-746.0271
2493,61057,16.960416666666667,3.863583052038613,-3.243,0.9030000000000002,-1.8960000000000012,3218.437615942047,6547.5667,-484.2341,-748.1211000000001
2494,61058,16.960694444444446,3.760383092186221,-3.186,1.0190000000000003,-1.7180000000000013,3219.636821877637,6548.6131000000005,-483.2097,-750.2149
2495,61059,16.96097222222222,3.6946692680130386,-3.2439999999999998,0.9020000000000004,-1.5210000000000012,3220.835795514221,6549.6585,-482.1853,-752.3086
2496,61060,16.96125,3.681220721445537,-3.3169999999999993,0.6810000000000003,-1.4440000000000013,3222.0346170807597,6550.703,-481.1608,-754.4021
2497,61061,16.961527777777775,3.698323133529573,-3.3129999999999997,0.7150000000000002,-1.480000000000001,3223.233308962931,6551.7466,-480.13620000000003,-756.4956
2498,61062,16.961805555555554,3.588855109920154,-3.2629999999999995,0.7260000000000002,-1.3060000000000014,3224.431748566275,6552.7892,-479.1115,-758.5889
2499,61063,16.962083333333332,3.542515913866867,-3.2449999999999997,0.48700000000000027,-1.3350000000000013,3225.629965742129,6553.830800000001,-478.08680000000004,-760.6822
2500,61064,16.96236111111111,3.5631664288943905,-3.317,0.3790000000000003,-1.2450000000000012,3226.827941470271,6554.871400000001,-477.062,-762.7754
2501,61065,16.962638888888886,3.632774972386812,-3.3890000000000002,0.11800000000000026,-1.3030000000000013,3228.02576291014,6555.9111,-476.0371,-764.8684000000001
2502,61066,16.962916666666665,3.8731688576668075,-3.604,-0.11499999999999974,-1.414000000000001,3229.2233535437763,6556.9498,-475.01210000000003,-766.9613999999999
2503,61067,16.963194444444444,4.091399149435313,-3.743,-0.22299999999999978,-1.6370000000000011,3230.4206971030844,6557.9875,-473.9871,-769.0542
2504,61068,16.963472222222222,4.294618609376158,-3.807,-0.23199999999999976,-1.9740000000000013,3231.6178965898366,6559.0243,-472.962,-771.1469000000001
2505,61069,16.963749999999997,4.338121943883091,-3.783,0.07300000000000022,-2.122000000000001,3232.8148524086614,6560.0601,-471.93680000000006,-773.2395
2506,61070,16.96402777777778,4.2754149506217525,-3.7159999999999997,0.42600000000000027,-2.0710000000000015,3234.0115643546374,6561.094899999999,-470.9115,-775.332
2507,61071,16.964305555555555,4.256522171914532,-3.726,0.5280000000000002,-1.9890000000000012,3235.20802747749,6562.128699999999,-469.88620000000003,-777.4243
2508,61072,16.96458333333333,4.248399345635955,-3.761,0.6200000000000003,-1.8760000000000012,3236.4042575403423,6563.1615,-468.86080000000004,-779.5166
2509,61073,16.964861111111112,4.127784151333498,-3.692,0.7930000000000003,-1.6670000000000011,3237.6003297133916,6564.193400000001,-467.8353,-781.6087
2510,61074,16.965138888888887,4.031246457362784,-3.563999999999999,0.9340000000000004,-1.6360000000000015,3238.796255519097,6565.224400000001,-466.80969999999996,-783.7007000000001
2511,61075,16.965416666666666,3.894230219183248,-3.3920000000000003,1.0740000000000003,-1.5830000000000013,3239.991843312944,6566.2543000000005,-465.7841,-785.7926
2512,61076,16.965694444444445,3.8209048666513543,-3.289,1.2880000000000003,-1.4570000000000012,3241.1872719655703,6567.2833,-464.7584,-787.8843
2513,61077,16.965972222222224,3.7297219735524525,-3.2649999999999997,1.3760000000000001,-1.1650000000000014,3242.3825527956033,6568.3114000000005,-463.7326,-789.9759
2514,61078,16.966249999999995,3.684421257131165,-3.2599999999999993,1.4520000000000004,-0.916000000000001,3243.5774944187756,6569.338399999999,-462.70680000000004,-792.0674
2515,61079,16.966527777777777,3.573451272929296,-3.2960000000000003,1.1230000000000002,-0.8030000000000012,3244.7722874645196,6570.364500000001,-461.68089999999995,-794.1587999999999
2516,61080,16.966805555555553,3.580916223538328,-3.3449999999999998,0.9600000000000002,-0.8440000000000012,3245.966938596749,6571.3897,-460.65500000000003,-796.2501
2517,61081,16.96708333333333,3.510569754327636,-3.3,0.9000000000000001,-0.7900000000000013,3247.16134134967,6572.4139,-459.629,-798.3413
2518,61082,16.96736111111111,3.513421409395691,-3.284,0.6650000000000003,-1.0570000000000013,3248.3555823780916,6573.4372,-458.60290000000003,-800.4323
2519,61083,16.96763888888889,3.62654118961856,-3.3839999999999995,0.4910000000000002,-1.2080000000000013,3249.5495931780133,6574.4595,-457.5768,-802.5233000000001
2520,61084,16.967916666666664,3.785342917094831,-3.536,0.3500000000000002,-1.3050000000000013,3250.743342406372,6575.4808,-456.55060000000003,-804.6141
2521,61085,16.968194444444443,3.8169203554698394,-3.571,0.24200000000000027,-1.3260000000000012,3251.9369474468017,6576.501200000001,-455.52439999999996,-806.7048
2522,61086,16.96847222222222,3.923586242202407,-3.594,0.05800000000000024,-1.5730000000000013,3253.1303020993705,6577.520599999999,-454.49809999999997,-808.7954000000001
2523,61087,16.968749999999996,3.988670705886863,-3.471,0.16700000000000026,-1.9580000000000013,3254.3234127537057,6578.539,-453.4718,-810.8859
2524,61088,16.969027777777775,4.060960723769685,-3.431,0.08000000000000027,-2.1710000000000016,3255.516371310869,6579.556500000001,-452.44539999999995,-812.9763
2525,61089,16.969305555555554,4.28025338035028,-3.4769999999999994,0.03200000000000025,-2.4960000000000013,3256.709078380581,6580.572999999999,-451.4189,-815.0666
2526,61090,16.969583333333333,4.327863214104624,-3.5,0.09200000000000028,-2.5440000000000014,3257.9015211796896,6581.588500000001,-450.3923,-817.1567
2527,61091,16.969861111111108,4.450742072958172,-3.6159999999999997,-0.09999999999999974,-2.5930000000000013,3259.0938107413335,6582.6031,-449.3656,-819.2467
2528,61092,16.970138888888886,4.484820397741698,-3.679,-0.09799999999999974,-2.563000000000001,3260.2858542509794,6583.6167000000005,-448.3389,-821.3366
2529,61093,16.970416666666665,4.404940521732388,-3.626,0.07500000000000026,-2.500000000000001,3261.4776322818393,6584.6293000000005,-447.3121,-823.4262999999999
2530,61094,16.970694444444444,4.391883536707229,-3.664999999999999,-0.003999999999999737,-2.420000000000001,3262.6692624574416,6585.6410000000005,-446.2853,-825.5159
2531,61095,16.970972222222223,4.485204566126277,-3.6739999999999995,-0.059999999999999734,-2.572000000000001,3263.860638614436,6586.651699999999,-445.2584,-827.6054
2532,61096,16.971249999999998,4.529362869102012,-3.646,-0.13399999999999973,-2.684000000000001,3265.051859547882,6587.6615,-444.2314,-829.6948
2533,61097,16.971527777777776,4.575358455902664,-3.7960000000000003,-0.4169999999999997,-2.520000000000001,3266.242825751689,6588.6703,-443.2043,-831.7841000000001
2534,61098,16.971805555555555,4.517272849850893,-3.752,-0.4389999999999997,-2.477000000000001,3267.433642584569,6589.678199999999,-442.17719999999997,-833.8733
2535,61099,16.97208333333333,4.273113267864544,-3.598,-0.35299999999999976,-2.2780000000000014,3268.624191442496,6590.6851,-441.15,-835.9622999999999
2536,61100,16.97236111111111,4.191595042462954,-3.507,-0.44599999999999973,-2.2520000000000016,3269.8145898469556,6591.691099999999,-440.1228,-838.0512000000001
2537,61101,16.972638888888888,3.945091887396288,-3.317,-0.3549999999999997,-2.106000000000001,3271.0047321855686,6592.696099999999,-439.0955,-840.14
2538,61102,16.972916666666666,3.893313884083841,-3.308,-0.3499999999999997,-2.023000000000001,3272.1946243439,6593.7001,-438.0682,-842.2287
2539,61103,16.97319444444444,3.8664637590439153,-3.279,-0.3049999999999997,-2.026000000000001,3273.384358419211,6594.703200000001,-437.04080000000005,-844.3172999999999
2540,61104,16.97347222222222,3.6690207140325612,-3.052,-0.18499999999999975,-2.0280000000000014,3274.5738350686684,6595.7053,-436.01329999999996,-846.4058000000001
2541,61105,16.97375,3.5331432181557543,-2.9959999999999996,-0.11799999999999973,-1.869000000000001,3275.763140068818,6596.7065,-434.9857,-848.4940999999999
2542,61106,16.974027777777778,3.3991488640540597,-3.033,-0.08999999999999975,-1.5320000000000014,3276.9521935158564,6597.7067,-433.9581,-850.5823
2543,61107,16.974305555555553,3.375102368817871,-2.964,-0.03199999999999974,-1.6140000000000014,3278.141074507049,6598.706,-432.9304,-852.6703
2544,61108,16.974583333333335,3.391405755730211,-2.912,0.10800000000000028,-1.7350000000000012,3279.329696602278,6599.7043,-431.9026,-854.7582
2545,61109,16.974861111111107,3.4907632403243856,-3.036,0.2540000000000003,-1.7040000000000013,3280.5181646919345,6600.7017,-430.87480000000005,-856.8460000000001
2546,61110,16.975138888888885,3.5626241732745267,-3.113,0.3390000000000003,-1.6990000000000012,3281.7063728853054,6601.6981,-429.8469,-858.9336999999999
2547,61111,16.975416666666664,3.7975914735526786,-3.3200000000000003,0.3510000000000003,-1.8100000000000012,3282.8943146112842,6602.693499999999,-428.81899999999996,-861.0211999999999
2548,61112,16.975694444444443,3.7616653226995096,-3.142,0.5310000000000002,-1.9990000000000017,3284.082094674804,6603.688,-427.791,-863.1085999999999
2549,61113,16.97597222222222,3.732508673801041,-3.066,0.5840000000000003,-2.0470000000000015,3285.269712865743,6604.681600000001,-426.7629,-865.1959
2550,61114,16.97625,3.8410734176789703,-3.158,0.6090000000000002,-2.1000000000000014,3286.4570630826843,6605.6741999999995,-425.7348,-867.283
2551,61115,16.97652777777778,3.9400899735919745,-3.268,0.5660000000000003,-2.1270000000000016,3287.6441709039564,6606.6658,-424.7067,-869.3700999999999
2552,61116,16.97680555555555,3.9935555586469564,-3.2369999999999997,0.6060000000000003,-2.2590000000000012,3288.8311026040674,6607.6565,-423.6785,-871.457
2553,61117,16.977083333333333,4.032174847399355,-3.311,0.7130000000000003,-2.1880000000000015,3290.0177780247077,6608.6462,-422.65029999999996,-873.5438
2554,61118,16.977361111111108,4.044108059881685,-3.447,0.5760000000000003,-2.0350000000000015,3291.2042765324504,6609.635,-421.622,-875.6304
2555,61119,16.977638888888887,4.118315553718535,-3.411,0.4210000000000004,-2.269000000000001,3292.390610701446,6610.622899999999,-420.5936,-877.7169
2556,61120,16.977916666666665,4.181738992333215,-3.4560000000000004,0.38900000000000023,-2.3220000000000014,3293.576681269746,6611.6098,-419.5651,-879.8032999999999
2557,61121,16.978194444444444,4.1580905473546395,-3.4,0.40600000000000025,-2.3590000000000013,3294.7625930021873,6612.5958,-418.5366,-881.8896000000001
2558,61122,16.97847222222222,4.131296285671121,-3.4589999999999996,0.34800000000000025,-2.2320000000000015,3295.948339352268,6613.580899999999,-417.508,-883.9757999999999
2559,61123,16.978749999999998,4.128362508307623,-3.5669999999999993,0.20800000000000027,-2.0680000000000014,3297.133715069222,6614.564899999999,-416.4794,-886.0618000000001
2560,61124,16.979027777777777,4.1519573697233465,-3.6340000000000003,0.11300000000000028,-2.0050000000000017,3298.318924392238,6615.548,-415.4507,-888.1477000000001
2561,61125,16.979305555555555,4.077693097818913,-3.604,0.15800000000000028,-1.9010000000000011,3299.503967269056,6616.530199999999,-414.4219,-890.2334999999999
2562,61126,16.97958333333333,4.068309231118009,-3.66,0.09200000000000028,-1.7740000000000014,3300.6887504118313,6617.5114,-413.39309999999995,-892.3191999999999
2563,61127,16.97986111111111,3.8643634663421613,-3.54,0.04800000000000027,-1.5490000000000013,3301.8733661270585,6618.4917000000005,-412.3642,-894.4048
2564,61128,16.980138888888888,3.7397494568486804,-3.4829999999999997,0.04600000000000027,-1.361000000000001,3303.0577017922924,6619.4710000000005,-411.3352,-896.4902
2565,61129,16.980416666666663,3.644631943008786,-3.501,0.07900000000000026,-1.0100000000000011,3304.241776626752,6620.4493,-410.3062,-898.5755000000001
2566,61130,16.980694444444445,3.4907149697447375,-3.353,0.15100000000000027,-0.9590000000000012,3305.4257880728023,6621.426799999999,-409.27720000000005,-900.6607
2567,61131,16.98097222222222,3.361987656134389,-3.228,0.19600000000000026,-0.9190000000000014,3306.6095181552746,6622.4033,-408.24809999999997,-902.7457
2568,61132,16.981249999999996,3.359138282357545,-3.2629999999999995,0.055000000000000285,-0.7960000000000014,3307.7929666507575,6623.3788,-407.21889999999996,-904.8305
2569,61133,16.981527777777778,3.369826998526779,-3.2339999999999995,0.013000000000000279,-0.9470000000000013,3308.976265120645,6624.3534,-406.1897,-906.9153
2570,61134,16.981805555555553,3.3319539312541524,-3.211,0.08000000000000027,-0.8860000000000013,3310.15939355482,6625.3270999999995,-405.16040000000004,-909.0
2571,61135,16.982083333333332,3.34384942842826,-3.239,-0.06799999999999973,-0.8280000000000014,3311.342225580528,6626.299800000001,-404.131,-911.0844
2572,61136,16.98236111111111,3.472751358793198,-3.312,-0.052999999999999714,-1.0430000000000015,3312.524892788785,6627.2716,-403.1016,-913.1687
2573,61137,16.98263888888889,3.5684198183509745,-3.34,-0.021999999999999714,-1.2560000000000013,3313.707290021056,6628.2424,-402.0721,-915.2528999999998
2574,61138,16.982916666666664,3.4985456978578977,-3.261,-0.0739999999999997,-1.2650000000000012,3314.889521601492,6629.212300000001,-401.0426,-917.3369999999999
2575,61139,16.983194444444443,3.5566876444242332,-3.279,-0.15499999999999975,-1.369000000000001,3316.071587288176,6630.181300000001,-400.0131,-919.4209999999999
2576,61140,16.983472222222222,3.715815119189866,-3.4319999999999995,-0.2969999999999997,-1.3930000000000011,3317.2533680840265,6631.1493,-398.9835,-921.5047999999999
2577,61141,16.98375,3.7795747115250946,-3.4699999999999998,-0.2189999999999997,-1.4820000000000013,3318.4348772480444,6632.1163,-397.9538,-923.5884999999998
2578,61142,16.98402777777778,3.8639695909776526,-3.5100000000000002,-0.04399999999999972,-1.6150000000000013,3319.6162193160844,6633.082399999999,-396.9241,-925.6721
2579,61143,16.984305555555558,4.009000498877495,-3.632,0.10500000000000029,-1.6940000000000013,3320.797374267871,6634.0476,-395.89430000000004,-927.7555
2580,61144,16.984583333333337,4.161668535575606,-3.691,0.2800000000000003,-1.902000000000001,3321.9782625108555,6635.0118,-394.8645,-929.8388000000001
2581,61145,16.98486111111111,4.341977544852115,-3.753,0.6120000000000003,-2.096000000000001,3323.1589764851683,6635.975100000001,-393.8346,-931.9220000000001
2582,61146,16.98513888888889,4.368759091549911,-3.817999999999999,0.9360000000000003,-1.9060000000000012,3324.3395159552992,6636.9375,-392.8046,-934.0051
2583,61147,16.985416666666666,4.485413470350309,-3.9539999999999997,1.0070000000000003,-1.8630000000000013,3325.5198724806855,6637.898999999999,-391.7746,-936.0880000000001
2584,61148,16.985694444444444,4.690658908938062,-4.066,1.3610000000000002,-1.9020000000000015,3326.6999605917526,6638.8595000000005,-390.7446,-938.1708000000001
2585,61149,16.985972222222223,4.576075392735571,-3.944,1.4610000000000003,-1.8030000000000013,3327.8797544767463,6639.819,-389.71439999999996,-940.2533999999999
2586,61150,16.986250000000002,4.542981509977781,-3.9099999999999993,1.4340000000000002,-1.8150000000000008,3329.059378076611,6640.777599999999,-388.6842,-942.3359
2587,61151,16.986527777777777,4.54723047579513,-3.9799999999999995,1.3360000000000003,-1.7470000000000012,3330.238825370002,6641.7353,-387.6539,-944.4183
2588,61152,16.986805555555556,4.511173461528608,-3.9669999999999996,1.2110000000000003,-1.7740000000000014,3331.4181016814487,6642.6921,-386.6236,-946.5006000000001
2589,61153,16.987083333333334,4.3851983991605215,-3.9299999999999997,1.2280000000000002,-1.5090000000000012,3332.597087934092,6643.647900000001,-385.59319999999997,-948.5826999999999
2590,61154,16.98736111111111,4.203196997524622,-3.8839999999999995,0.9400000000000004,-1.3030000000000013,3333.7758882170783,6644.602800000001,-384.56280000000004,-950.6646000000001
2591,61155,16.98763888888889,3.976758604693023,-3.7139999999999995,0.7330000000000003,-1.2180000000000013,3334.954530590382,6645.5568,-383.5324,-952.7465
