,index,time,mod_B,Bx,By,Bz,r_sat,posX,posY,posZ
923,70187,19.496805555555557,39.772676701474346,7.390000000000001,38.516000000000005,6.616,1012.2216300755888,3475.3175,-1190.0828000000001,2425.0628
924,70188,19.497083333333336,39.589165096020906,6.798,38.225,7.741999999999999,1013.4605278476411,3478.3758000000003,-1189.1637,2423.3774000000003
925,70189,19.49736111111111,39.3567203155954,6.057,37.997,8.276,1014.6998198656141,3481.4323000000004,-1188.2441000000001,2421.6908
926,70190,19.49763888888889,39.20924412686376,6.21,37.85,8.135000000000002,1015.9394770456526,3484.487,-1187.3238999999999,2420.0029999999997
927,70191,19.49791666666667,38.9591096664182,5.8389999999999995,37.572,8.489,1017.1794941696207,3487.54,-1186.4029999999998,2418.3139
928,70192,19.498194444444444,38.664624555270166,5.408,37.178000000000004,9.138,1018.4200060571162,3490.5913,-1185.4814999999999,2416.6237
929,70193,19.498472222222226,38.53788766914969,4.803,36.936,9.891,1019.6608218174957,3493.6408,-1184.5593999999999,2414.9322
930,70194,19.49875,38.75693162519448,4.608,37.153,10.026,1020.9020998693377,3496.6886,-1183.6367999999998,2413.2395
931,70195,19.499027777777776,38.945890681816486,4.324,37.268,10.449000000000002,1022.1437318514161,3499.7346,-1182.7135999999998,2411.5456000000004
932,70196,19.49930555555556,39.20991032889516,4.21,37.498,10.658,1023.3857136896902,3502.7789,-1181.7896999999998,2409.8504000000003
933,70197,19.499583333333334,39.54651830439691,4.509,37.915,10.298,1024.6280994500753,3505.8214,-1180.8652,2408.1540999999997
934,70198,19.49986111111111,39.78726434425971,5.042,38.188,9.964,1025.8708594833538,3508.8621,-1179.9402,2406.4566
935,70199,19.50013888888889,40.05411771591031,5.308,38.449,9.891,1027.1140172360845,3511.9011,-1179.0145,2404.7578999999996
936,70200,19.500416666666666,40.36888408167855,5.233,38.863,9.588,1028.3575699159373,3514.9384,-1178.0883,2403.0579
937,70201,19.50069444444444,40.453437295241045,5.096000000000001,39.04299999999999,9.282,1029.6015975654393,3517.9739999999997,-1177.1615000000002,2401.3568
938,70202,19.500972222222224,40.619017516429416,5.6579999999999995,39.391999999999996,8.133999999999999,1030.845829676569,3521.0076999999997,-1176.2341,2399.6544
939,70203,19.50125,40.75819983757869,6.111,39.56699999999999,7.638000000000001,1032.0906387235896,3524.0398,-1175.3062,2397.9509000000003
940,70204,19.501527777777774,40.456509018945276,6.640000000000001,39.251000000000005,7.211,1033.3357817883639,3527.0701,-1174.3777,2396.2462
941,70205,19.501805555555556,40.34754132533977,6.7989999999999995,39.111000000000004,7.212999999999999,1034.5813365685474,3530.0987,-1173.4486000000002,2394.5402999999997
942,70206,19.50208333333333,40.12388393463424,6.890000000000001,38.859,7.241000000000001,1035.8272481804465,3533.1254999999996,-1172.519,2392.8332
943,70207,19.50236111111111,39.76147700978926,6.419,38.442,7.872999999999999,1037.0735667463146,3536.1506,-1171.5888,2391.1249
944,70208,19.50263888888889,39.511599828404826,5.864,38.208,8.181000000000001,1038.3201843392328,3539.1739000000002,-1170.6579,2389.4154000000003
945,70209,19.502916666666668,39.37379934677374,5.625,38.043,8.449,1039.5672317682947,3542.1955000000003,-1169.7265,2387.7047000000002
946,70210,19.503194444444443,39.14402751378555,5.3149999999999995,37.772000000000006,8.791,1040.814654354413,3545.2153,-1168.7945,2385.9929
947,70211,19.50347222222222,39.129920329589226,5.525,37.676,9.008,1042.0624221344647,3548.2333,-1167.8619999999999,2384.2799
948,70212,19.50375,39.02283138112866,5.226000000000001,37.442,9.673,1043.3106670261054,3551.2497000000003,-1166.9289,2382.5657
949,70213,19.50402777777778,38.92923758565019,5.1129999999999995,37.287,9.951,1044.559173778726,3554.2642,-1165.9951,2380.8504000000003
950,70214,19.504305555555554,39.055270233350065,5.172,37.455,9.782,1045.808099242943,3557.2770000000005,-1165.0608,2379.1339
951,70215,19.504583333333336,39.13563723768914,5.561,37.534000000000006,9.584999999999999,1047.0573350989712,3560.2880000000005,-1164.1259,2377.4162
952,70216,19.50486111111111,39.22542830868771,5.681,37.70399999999999,9.206999999999999,1048.30701315066,3563.2972999999997,-1163.1904,2375.6974
953,70217,19.505138888888887,39.33309377610666,6.107,37.856,8.758999999999999,1049.5571034275792,3566.3049,-1162.2544,2373.9774
954,70218,19.50541666666667,39.46221931164034,6.241999999999999,37.995,8.642,1050.8076042752223,3569.3108,-1161.3179,2372.2562000000003
955,70219,19.505694444444444,39.42680292643571,6.305,37.89,8.892,1052.0584601731084,3572.3149,-1160.3808,2370.5339
956,70220,19.505972222222223,39.426384072090606,6.284000000000001,37.767999999999994,9.409,1053.3096154386717,3575.3172,-1159.4431,2368.8104
957,70221,19.50625,39.39553529272067,5.7139999999999995,37.631,10.162,1054.5611485838094,3578.3178,-1158.5048000000002,2367.0857000000005
958,70222,19.50652777777778,39.52665247652526,5.212,37.636,10.895999999999999,1055.8130306847338,3581.3165999999997,-1157.5659,2365.3599000000004
959,70223,19.50680555555555,39.62597992479177,4.747999999999999,37.730000000000004,11.141,1057.065338113064,3584.3137,-1156.6266,2363.6328999999996
960,70224,19.507083333333334,39.75079858317315,4.266,37.736000000000004,11.744000000000002,1058.318044363875,3587.3091,-1155.6866,2361.9048000000003
961,70225,19.50736111111111,40.02294523145442,4.147,37.89,12.206,1059.5710655234245,3590.3027,-1154.7460999999998,2360.1755000000003
962,70226,19.507638888888888,40.208252647932866,4.273999999999999,38.053000000000004,12.264,1060.8243737176213,3593.2945,-1153.805,2358.445
963,70227,19.507916666666667,40.3043983952124,4.303,38.12,12.361,1062.0781001723128,3596.2846,-1152.8633000000002,2356.7134
964,70228,19.508194444444445,40.27838569257711,4.468999999999999,38.172000000000004,12.053,1063.332162207707,3599.2729,-1151.921,2354.9807
965,70229,19.50847222222222,40.34974499299842,4.8260000000000005,38.46900000000001,11.178,1064.586611211137,3602.2595,-1150.9782,2353.2468
966,70230,19.50875,40.256172557758156,5.081999999999999,38.58800000000001,10.281,1065.8413910460108,3605.2443,-1150.0348,2351.5118
967,70231,19.509027777777778,40.2125606620618,5.397,38.701,9.495000000000001,1067.0965542299666,3608.2273999999998,-1149.0909,2349.7756
968,70232,19.509305555555553,40.126960338405894,5.928,38.739,8.621,1068.3521510779117,3611.2088000000003,-1148.1465,2348.0382999999997
969,70233,19.509583333333335,39.987945858720984,6.402000000000001,38.601000000000006,8.247,1069.6080195796999,3614.1884,-1147.2015,2346.2998
970,70234,19.50986111111111,39.694258866994865,6.617,38.273,8.187000000000001,1070.8642362186088,3617.1661999999997,-1146.256,2344.5602000000003
971,70235,19.51013888888889,39.23192016712922,6.45,37.896,7.837999999999999,1072.120935646617,3620.1423999999997,-1145.3099,2342.8195
972,70236,19.510416666666668,39.016215039391,6.162000000000001,37.694,7.965999999999999,1073.3779790007807,3623.1168,-1144.3633,2341.0777
973,70237,19.510694444444447,39.08803773534813,6.059,37.757999999999996,8.093,1074.6352859679905,3626.0894,-1143.4161,2339.3347
974,70238,19.51097222222222,39.14833996480566,5.936999999999999,37.751999999999995,8.492999999999999,1075.8930135682037,3629.0603,-1142.4684,2337.5906
975,70239,19.51125,39.13296582167009,5.493,37.690999999999995,8.978,1077.1510007784448,3632.0294000000004,-1141.5201,2335.8453
976,70240,19.51152777777778,39.2661053963848,5.268000000000001,37.803,9.22,1078.4094855688986,3634.9969000000006,-1140.5713,2334.0989
977,70241,19.511805555555558,39.29159548809389,5.348000000000001,37.884,8.946,1079.6682784133714,3637.9626,-1139.6219,2332.3514000000005
978,70242,19.512083333333333,39.27378511170015,4.817,37.852000000000004,9.297999999999998,1080.92740191966,3640.9265,-1138.672,2330.6028
979,70243,19.51236111111111,39.23592165350523,4.274,37.874,9.314,1082.1869100276217,3643.8887000000004,-1137.7215,2328.8531000000003
980,70244,19.51263888888889,39.234285019610084,4.022,37.979,8.986,1083.4466670241004,3646.8491000000004,-1136.7703999999999,2327.1022
981,70245,19.512916666666666,39.23570365113898,3.911,37.974000000000004,9.062000000000001,1084.7067487954735,3649.8077000000003,-1135.8188,2325.3502
982,70246,19.513194444444444,38.7941330358084,3.6620000000000004,37.43300000000001,9.505,1085.9672342056335,3652.7646,-1134.8667,2323.5971
983,70247,19.513472222222223,38.05005842308261,3.1879999999999997,36.579,9.981,1087.228121545994,3655.7198,-1133.9141000000002,2321.8429
984,70248,19.51375,37.40272467347801,2.588,35.73700000000001,10.73,1088.4893013289425,3658.6731999999997,-1132.9609,2320.0876
985,70249,19.514027777777777,36.9322271329526,2.122,34.986000000000004,11.639,1089.750879018664,3661.6249000000003,-1132.0072,2318.3312
986,70250,19.514305555555556,36.808112298785446,1.8209999999999997,34.581,12.477,1091.012745001057,3664.5748,-1131.0529000000001,2316.5737
987,70251,19.51458333333333,36.81544738285819,1.654,34.409,12.987,1092.2749227552747,3667.522900000001,-1130.0981000000002,2314.8151
988,70252,19.51486111111111,36.55513033761473,1.813,34.059000000000005,13.152000000000001,1093.5374662685979,3670.4692999999997,-1129.1426999999999,2313.0554
989,70253,19.515138888888888,36.39228195648083,1.9189999999999998,33.613,13.815999999999999,1094.8003990598638,3673.4139999999998,-1128.1868,2311.2946
990,70254,19.515416666666667,36.05374606056907,1.9420000000000002,33.18,13.970999999999998,1096.0637190280092,3676.357,-1127.2304,2309.5327
991,70255,19.515694444444446,35.44743501298789,1.8869999999999998,32.705999999999996,13.538,1097.3273420256694,3679.2981999999997,-1126.2735,2307.7697
992,70256,19.515972222222224,35.2156013863174,1.591,32.576,13.282,1098.5913228827837,3682.2377,-1125.316,2306.0056
993,70257,19.51625,35.1425067261856,1.7109999999999999,32.797000000000004,12.507,1099.8555777175377,3685.1754,-1124.3579,2304.2404
994,70258,19.516527777777775,34.902810975622,2.1670000000000003,33.07899999999999,10.922,1101.1202112069598,3688.1114000000002,-1123.3993,2302.4741000000004
995,70259,19.516805555555557,34.7063363235015,2.599,33.296,9.442,1102.385139592586,3691.0456,-1122.4402,2300.7066999999997
996,70260,19.517083333333332,34.208209921011644,3.061,33.123999999999995,7.976999999999999,1103.650442586048,3693.9780999999994,-1121.4805999999999,2298.9381999999996
997,70261,19.51736111111111,33.615873750357885,3.1399999999999997,32.698,7.142,1104.9160111297779,3696.9087999999997,-1120.5203999999999,2297.1686
998,70262,19.51763888888889,33.186267159775596,3.45,32.458,5.992,1106.1818677967378,3699.837699999999,-1119.5596999999998,2295.3979
999,70263,19.517916666666668,32.905764935646154,3.9619999999999997,32.289,4.951,1107.4480932316214,3702.7648999999997,-1118.5984999999998,2293.6261
1000,70264,19.518194444444443,32.99729614680572,4.262,32.403,4.55,1108.7147360951553,3705.6904000000004,-1117.6367999999998,2291.8532999999998
1001,70265,19.518472222222222,33.180776151259636,4.464,32.539,4.7170000000000005,1109.9816359985252,3708.6141000000002,-1116.6744999999999,2290.0793999999996
1002,70266,19.51875,33.3122677402785,4.473999999999999,32.641,4.925,1111.2488159582904,3711.536,-1115.7116999999998,2288.3044
1003,70267,19.51902777777778,33.28407104006359,4.298,32.559,5.41,1112.5163565530052,3714.4561999999996,-1114.7484,2286.5283000000004
1004,70268,19.519305555555555,33.35730975363571,3.9230000000000005,32.472,6.5489999999999995,1113.7842554726215,3717.3746999999994,-1113.7846,2284.7511000000004
1005,70269,19.519583333333333,33.57030421369458,4.062,32.555,7.116,1115.0524540376005,3720.2913999999996,-1112.8202,2282.9728999999998
1006,70270,19.51986111111111,33.69475692151526,4.058000000000001,32.596000000000004,7.508,1116.321006956067,3723.2064,-1111.8553,2281.1936
1007,70271,19.520138888888887,33.75791680480298,4.333,32.602999999999994,7.607000000000001,1117.5899871934585,3726.1197,-1110.89,2279.4132999999997
1008,70272,19.520416666666666,33.555269779872134,3.9879999999999995,32.275,8.269,1118.8592929119368,3729.0313,-1109.9241000000002,2277.6319
1009,70273,19.52069444444444,33.39975058290106,3.7990000000000004,31.982999999999997,8.843,1120.128839895261,3731.9411,-1108.9576000000002,2275.8494
1010,70274,19.52097222222222,32.846935458273734,3.562,31.389000000000003,8.998000000000001,1121.3986500208266,3734.8491000000004,-1107.9906,2274.0658
1011,70275,19.52125,32.4256897382307,3.0629999999999997,31.034999999999997,8.880999999999998,1122.6688043655886,3737.7553999999996,-1107.0230999999999,2272.2811
1012,70276,19.521527777777777,31.921513137694458,3.171,30.688,8.196,1123.9393511374697,3740.66,-1106.0551,2270.4954000000002
1013,70277,19.521805555555556,31.814202913164426,3.2089999999999996,30.775,7.398999999999999,1125.210205557624,3743.5628000000006,-1105.0866,2268.7087
1014,70278,19.52208333333333,32.14570207663849,3.3869999999999996,31.267000000000003,6.651999999999999,1126.481315223913,3746.4638000000004,-1104.1176,2266.9209
1015,70279,19.52236111111111,32.53149726034755,3.404,31.733000000000004,6.302999999999999,1127.7528440468304,3749.3632,-1103.1480999999999,2265.132
1016,70280,19.52263888888889,33.149169672859074,3.5149999999999997,32.334999999999994,6.3999999999999995,1129.0245908530503,3752.2607000000003,-1102.1780999999999,2263.3421
1017,70281,19.522916666666667,33.82311212765614,3.3229999999999995,32.853,7.324,1130.2966452229905,3755.1565,-1101.2075,2261.5510999999997
1018,70282,19.523194444444446,35.183647877956034,3.457,34.07,8.072999999999999,1131.5689710630872,3758.0505,-1100.2365,2259.759
1019,70283,19.52347222222222,36.197251276858026,3.29,35.008,8.594,1132.8416753958604,3760.9428,-1099.2649999999999,2257.9659
1020,70284,19.52375,37.33450943831993,3.307,36.084999999999994,8.989,1134.1147553519072,3763.8333999999995,-1098.2930000000001,2256.1718
1021,70285,19.52402777777778,38.09061463142857,3.5629999999999997,36.785000000000004,9.222999999999999,1135.38820942499,3766.7223000000004,-1097.3205,2254.3767
1022,70286,19.524305555555554,38.75117186615135,3.854,37.441,9.218,1136.661878073129,3769.6094000000003,-1096.3473999999999,2252.5805
1023,70287,19.524583333333332,39.0431627945278,4.340000000000001,37.719,9.1,1137.935807480336,3772.4947,-1095.3739,2250.7832
1024,70288,19.524861111111107,38.723333082264496,4.698,37.464,8.595,1139.2100807313213,3775.3782999999994,-1094.3998,2248.9849000000004
1025,70289,19.525138888888886,38.39064893955297,4.379,37.053999999999995,9.036999999999999,1140.48463668641,3778.2601000000004,-1093.4252000000001,2247.1856
1026,70290,19.525416666666665,37.82052440144108,3.681,36.319,9.888,1141.759589965982,3781.1403,-1092.4501,2245.3852
1027,70291,19.525694444444444,37.51957138614459,3.498,35.957,10.128,1143.0348216105037,3784.0186999999996,-1091.4745,2243.5838000000003
1028,70292,19.52597222222222,36.61950995029835,3.443,35.116,9.798,1144.3104129552771,3786.8954000000003,-1090.4984,2241.7814
1029,70293,19.526249999999997,36.04901083247639,3.6049999999999995,34.754,8.870999999999999,1145.5862786532368,3789.7703,-1089.5218,2239.978
1030,70294,19.52652777777778,35.42062102787018,3.632,34.169,8.597,1146.8623428423348,3792.6434,-1088.5446,2238.1735
1031,70295,19.526805555555555,35.152384115447994,3.6180000000000008,33.813,8.904,1148.1387118163586,3795.5147999999995,-1087.5669,2236.3679
1032,70296,19.527083333333334,34.62786272642306,3.714,33.3,8.741,1149.4154564983237,3798.3845,-1086.5888,2234.5613
1033,70297,19.527361111111112,34.05529064624174,3.775,32.769999999999996,8.464,1150.69252671729,3801.2524999999996,-1085.6101,2232.7537
1034,70298,19.52763888888889,33.920499907872816,3.628,32.580999999999996,8.713,1151.9698848028702,3804.1187,-1084.631,2230.9451
1035,70299,19.527916666666663,33.77790338372114,4.072,32.543,8.082,1153.247588619399,3806.9832,-1083.6514000000002,2229.1355
1036,70300,19.528194444444445,33.909587449569486,4.946000000000001,32.798,7.049000000000001,1154.5255035177238,3809.8459000000003,-1082.6713,2227.3248
1037,70301,19.52847222222222,33.989200887929094,5.3340000000000005,33.011,6.09,1155.803759952391,3812.7068999999997,-1081.6906999999999,2225.5131
1038,70302,19.52875,34.35626864198148,5.155,33.461,5.842999999999999,1157.0822719812209,3815.5661,-1080.7096000000001,2223.7004
1039,70303,19.529027777777777,34.37741168267326,4.6770000000000005,33.408,6.6209999999999996,1158.3611217126704,3818.4235999999996,-1079.7279999999998,2221.8867
1040,70304,19.529305555555556,34.593610941906604,4.486,33.629000000000005,6.759,1159.640282227018,3821.2794000000004,-1078.7459999999999,2220.0719
1041,70305,19.52958333333333,34.769644663125334,4.7700000000000005,33.919,5.973,1160.9197415222486,3824.1334,-1077.7635,2218.2562
1042,70306,19.52986111111111,35.38579138580908,4.596,34.47,6.545999999999999,1162.1995324589855,3826.9857,-1076.7805,2216.4395
1043,70307,19.53013888888889,36.29745821679529,4.171,35.146,8.053999999999998,1163.4795204154282,3829.8362,-1075.797,2214.6217
1044,70308,19.530416666666664,36.68330783885226,3.685,35.29299999999999,9.3,1164.7598358915068,3832.6850000000004,-1074.8129999999999,2212.8029
1045,70309,19.530694444444443,37.06177034357642,2.89,35.385000000000005,10.636,1166.0403929876131,3835.532,-1073.8285,2210.9831
1046,70310,19.53097222222222,37.418086869854804,2.4,35.712,10.908999999999999,1167.3213226122818,3838.3773,-1072.8435,2209.1624
1047,70311,19.53125,37.23761463896418,2.362,35.736,10.198,1168.6025258414647,3841.2209000000003,-1071.858,2207.3406
1048,70312,19.531527777777775,36.460716751045915,2.8709999999999996,35.237,8.916,1169.8840487280806,3844.0627999999997,-1070.8719999999998,2205.5178
1049,70313,19.531805555555554,35.58351217909778,3.4090000000000003,34.613,7.517,1171.1658285687838,3846.9029,-1069.8856,2203.694
1050,70314,19.532083333333333,34.35697636579797,3.4899999999999998,33.451,7.018000000000001,1172.4479248466428,3849.7413,-1068.8987000000002,2201.8692
1051,70315,19.53236111111111,33.10952255771743,3.258,32.096,7.448,1173.7302505377854,3852.5779,-1067.9113000000002,2200.0434
1052,70316,19.53263888888889,31.691081537240095,3.068,30.688,7.291000000000001,1175.012803783936,3855.4127,-1066.9234000000001,2198.2165999999997
1053,70317,19.53291666666667,30.43393865407499,2.859,29.509999999999998,6.871,1176.295799996459,3858.2459000000003,-1065.935,2196.3889
1054,70318,19.533194444444444,29.75482043299875,3.411,28.952999999999996,5.953,1177.5790195991376,3861.0772999999995,-1064.9461,2194.5602
1055,70319,19.533472222222223,29.077388689495486,4.074,28.431,4.536,1178.8625208037297,3863.907,-1063.9568,2192.7304
1056,70320,19.53375,28.418809704137853,4.26,27.762999999999998,4.324,1180.146241677065,3866.7348999999995,-1062.967,2190.8995999999997
1057,70321,19.53402777777778,28.26955837999596,4.101,27.490999999999996,5.157,1181.4303364029427,3869.5611000000004,-1061.9768,2189.0679
1058,70322,19.534305555555555,28.540546490913588,3.7769999999999997,27.557,6.396,1182.7146466072077,3872.3855000000003,-1060.9861,2187.2352
1059,70323,19.534583333333337,28.88721402281639,3.4669999999999996,27.551,7.962000000000001,1183.9992319357527,3875.2082,-1059.9948,2185.4015
1060,70324,19.534861111111113,29.982494776118948,3.2379999999999995,28.225,9.581999999999999,1185.2840770879072,3878.0290999999997,-1059.003,2183.5669
1061,70325,19.535138888888888,31.24423954907528,3.04,29.252,10.549000000000001,1186.5693246405,3880.8484,-1058.0107999999998,2181.7313
1062,70326,19.535416666666666,32.603652402760034,3.4450000000000003,30.502,10.988999999999999,1187.8548648950343,3883.666,-1057.0180999999998,2179.8947
1063,70327,19.535694444444445,33.76350663068041,3.8300000000000005,31.726,10.898,1189.140634285301,3886.4818,-1056.025,2178.0570999999995
1064,70328,19.535972222222224,34.53226017798429,3.7520000000000002,32.614999999999995,10.708,1190.426692377702,3889.2959,-1055.0314,2176.2185
1065,70329,19.536250000000003,35.34247273465738,4.019,33.373000000000005,10.917,1191.7130000790416,3892.1082,-1054.0373,2174.379
1066,70330,19.53652777777778,35.97085694002855,4.08,34.007,10.989999999999998,1192.9996157067237,3894.9188000000004,-1053.0428,2172.5385
1067,70331,19.536805555555556,36.29873247098306,4.273000000000001,34.317,11.031,1194.2864765783374,3897.7275999999997,-1052.0478,2170.6971
1068,70332,19.537083333333335,36.609962319019125,4.768,34.746,10.501000000000001,1195.5736185104706,3900.5347,-1051.0523,2168.8547
1069,70333,19.537361111111114,36.935456285255235,5.363,35.349000000000004,9.269,1196.8610628466245,3903.3401,-1050.0564,2167.0112999999997
1070,70334,19.537638888888893,36.805374362992154,5.774,35.555,7.559,1198.1488074550275,3906.1438000000003,-1049.0601000000001,2165.1668999999997
1071,70335,19.537916666666668,36.4200012904997,5.627000000000001,35.336999999999996,6.786,1199.4367667092658,3908.9457,-1048.0632,2163.3216
1072,70336,19.538194444444446,35.86908386061735,4.8759999999999994,34.86,6.899000000000001,1200.7249372205702,3911.7458000000006,-1047.0659,2161.4753
1073,70337,19.538472222222225,35.45509956268633,4.494999999999999,34.458000000000006,7.036,1202.0133795643862,3914.5442000000003,-1046.0681,2159.6279999999997
1074,70338,19.53875,34.99035149866317,4.215999999999999,33.871,7.7010000000000005,1203.3021613360684,3917.3409,-1045.0699,2157.7798
1075,70339,19.53902777777778,34.82699942573291,3.7020000000000004,33.542,8.611,1204.5912110344095,3920.1358999999998,-1044.0712,2155.9306
1076,70340,19.539305555555558,34.406434325573464,3.403,33.266999999999996,8.095,1205.880488085635,3922.9291000000003,-1043.0720000000001,2154.0805
1077,70341,19.539583333333333,33.74989417761187,3.364,32.754999999999995,7.406000000000001,1207.1700290032734,3925.7205999999996,-1042.0723,2152.2294
1078,70342,19.539861111111115,33.27174538553696,3.0140000000000002,32.253,7.593999999999999,1208.4598550827832,3928.5104,-1041.0722,2150.3773
1079,70343,19.54013888888889,33.094378676748114,2.3779999999999997,31.910000000000004,8.446000000000002,1209.7499029498238,3931.2983999999997,-1040.0716,2148.5243
1080,70344,19.540416666666665,33.42922435534513,2.179,32.05,9.25,1211.0402560762773,3934.0847000000003,-1039.0705,2146.6704
1081,70345,19.540694444444448,33.54213655985558,2.6100000000000003,32.160000000000004,9.165,1212.3308251436295,3936.8692,-1038.0691,2144.8154999999997
1082,70346,19.540972222222223,33.60818145928161,3.097,32.374,8.476,1213.6216954621777,3939.6519999999996,-1037.0672,2142.9597
1083,70347,19.541249999999998,33.03717949522931,3.1979999999999995,31.891000000000002,8.012,1214.9128879349055,3942.4330999999997,-1036.0648999999999,2141.103
1084,70348,19.54152777777778,32.450989800004564,2.927,31.401,7.647,1216.204245481591,3945.2124000000003,-1035.0620999999999,2139.2453
1085,70349,19.541805555555555,31.40464682176827,2.4010000000000002,30.496,7.1049999999999995,1217.4958988561143,3947.9900000000002,-1034.0588,2137.3867
1086,70350,19.542083333333334,30.765154460850674,2.2159999999999997,29.653000000000002,7.892,1218.7878216121917,3950.7659,-1033.0551,2135.5271
1087,70351,19.542361111111113,30.76577647321777,1.829,29.231,9.419999999999998,1220.0800361299257,3953.5400999999997,-1032.0509,2133.6665999999996
1088,70352,19.542638888888888,30.608678687587936,1.8689999999999998,28.788999999999998,10.227,1221.372477118583,3956.3125,-1031.0463,2131.8052
1089,70353,19.542916666666667,30.3159777840003,2.043,28.571999999999996,9.925999999999998,1222.6651821699056,3959.0832,-1030.0413,2129.9428
1090,70354,19.543194444444445,29.483042549913336,2.15,27.747000000000003,9.733,1223.9580872827835,3961.8521,-1029.0358,2128.0795
1091,70355,19.543472222222224,29.027458896706754,2.155,27.369,9.428,1225.2513162591451,3964.6193999999996,-1028.0298,2126.2151999999996
1092,70356,19.54375,28.873542352818436,2.2,27.218,9.382,1226.5448496388478,3967.3849999999998,-1027.0234,2124.35
1093,70357,19.544027777777778,29.19848883075972,1.8619999999999997,27.559000000000005,9.465,1227.8385774162616,3970.1488,-1026.0165000000002,2122.4839
1094,70358,19.54430555555556,29.40065320702926,1.738,27.921999999999997,9.041,1229.132583558452,3972.9109,-1025.0091,2120.6169
1095,70359,19.544583333333335,29.619727125684324,2.5149999999999997,28.333,8.261,1230.4269107217453,3975.6712999999995,-1024.0013999999999,2118.749
1096,70360,19.54486111111111,29.712614846223143,2.852,28.549,7.723999999999999,1231.7214041770271,3978.4299,-1022.9931,2116.8802000000005
1097,70361,19.545138888888893,29.941436304893596,2.63,28.872000000000003,7.481999999999999,1233.0160826772662,3981.1867000000007,-1021.9844999999999,2115.0104
1098,70362,19.54541666666667,30.289836216130325,2.3920000000000003,29.435000000000002,6.733,1234.3111181923518,3983.9418999999994,-1020.9754,2113.1396999999997
1099,70363,19.545694444444443,30.464220800801723,2.086,29.797000000000004,5.9879999999999995,1235.6064230325337,3986.6953999999996,-1019.9658,2111.2681000000002
1100,70364,19.545972222222225,30.743426793381374,1.971,30.281,4.933,1236.9019304187611,3989.4471,-1018.9558,2109.3956000000003
1101,70365,19.54625,30.560008720548495,2.572,30.118000000000002,4.495,1238.1977255064187,3992.1971000000003,-1017.9454,2107.5222000000003
1102,70366,19.54652777777778,29.90391211865096,3.0260000000000002,29.371999999999996,4.7299999999999995,1239.4936521291079,3994.9453000000003,-1016.9345,2105.6478
1103,70367,19.546805555555558,29.223713453289946,3.198,28.567999999999994,5.26,1240.7898402740861,3997.6918000000005,-1015.9231,2103.7725
1104,70368,19.547083333333337,28.813496247418502,3.091,28.118000000000002,5.481,1242.0863317799308,4000.4366,-1014.9114,2101.8963
1105,70369,19.547361111111112,28.98159129516528,2.661,28.313,5.587999999999999,1243.3829945120422,4003.1796000000004,-1013.8992000000001,2100.0192
1106,70370,19.54763888888889,29.185038512909316,2.254,28.558999999999997,5.574,1244.680021535171,4005.921,-1012.8866,2098.1411999999996
1107,70371,19.54791666666667,29.089979460288383,2.3899999999999997,28.633,4.546,1245.9773025946656,4008.6606999999995,-1011.8735,2096.2623
1108,70372,19.548194444444444,29.154992196877703,2.697,28.72,4.231,1247.274771328964,4011.3986000000004,-1010.86,2094.3824999999997
1109,70373,19.548472222222223,29.16462338176168,3.2,28.556,4.989,1248.5724259005972,4014.1347,-1009.8461,2092.5018
1110,70374,19.548750000000002,29.19225323608988,3.2150000000000007,28.268,6.540000000000001,1249.870391970974,4016.8692,-1008.8318000000002,2090.6201
1111,70375,19.54902777777778,29.24458317364089,2.2380000000000004,28.075,7.876,1251.1685633085103,4019.6019,-1007.817,2088.7376
1112,70376,19.549305555555556,29.464765500509248,1.5790000000000002,28.357,7.846000000000001,1252.4670460637253,4022.3329,-1006.8018,2086.8543
1113,70377,19.549583333333334,29.511997373949466,1.816,28.703000000000003,6.618,1253.7656620270081,4025.0621,-1005.7862000000001,2084.9700000000003
1114,70378,19.549861111111113,29.602316615427245,2.227,28.788,6.525999999999999,1255.0645189116183,4027.7896,-1004.7701000000001,2083.0848
1115,70379,19.55013888888889,29.005783440548548,2.19,28.013000000000005,7.198,1256.3636365140405,4030.5154,-1003.7536,2081.1987
1116,70380,19.55041666666667,28.65622537948779,2.388,27.505000000000003,7.678,1257.6630134437705,4033.2394999999997,-1002.7367,2079.3117
1117,70381,19.550694444444446,28.302430231342324,2.338,26.907999999999998,8.457,1258.9625607138782,4035.9618,-1001.7194,2077.4237999999996
1118,70382,19.55097222222222,27.966149788628393,1.85,26.514999999999997,8.697,1260.2623418672163,4038.6824,-1000.7016,2075.5350000000003
1119,70383,19.551250000000003,27.513746727772286,1.689,26.473000000000003,7.303,1261.5624209530404,4041.4013,-999.6834000000001,2073.6454
1120,70384,19.55152777777778,27.409748776667033,2.222,26.939999999999998,4.538,1262.8627305792695,4044.1184999999996,-998.6646999999999,2071.7549000000004
1121,70385,19.551805555555553,28.023558749737692,3.088,27.774,2.095,1264.1632898716973,4046.8340000000003,-997.6456000000001,2069.8635
1122,70386,19.552083333333336,28.72445245779282,3.7,28.445,1.512,1265.4640526585736,4049.5478000000003,-996.6261000000001,2067.9710999999998
1123,70387,19.55236111111111,29.371081474811234,3.897,29.022999999999996,2.2670000000000003,1266.7651061420088,4052.2598999999996,-995.6062,2066.0778999999998
1124,70388,19.55263888888889,30.107782465668244,3.95,29.743000000000002,2.496,1268.0663167543821,4054.9701999999997,-994.5859,2064.1838
1125,70389,19.55291666666667,31.057398361743054,3.918,30.735000000000003,2.138,1269.3677485035578,4057.6788,-993.5651,2062.2888
1126,70390,19.553194444444443,31.753254904025194,4.0200000000000005,31.386000000000003,2.651,1270.6693779617083,4060.3856,-992.5438999999999,2060.393
1127,70391,19.553472222222222,32.385733973464305,4.292,31.951,3.09,1271.9713333637135,4063.0907999999995,-991.5223,2058.4963
1128,70392,19.55375,31.920328272121512,4.205,31.436,3.6060000000000003,1273.2735699555894,4065.7943,-990.5003,2056.5987999999998
1129,70393,19.55402777777778,31.738746950691045,3.9509999999999996,31.116000000000003,4.851,1274.5758890471448,4068.496,-989.4778,2054.7003
1130,70394,19.554305555555555,31.237329271242128,2.976,30.410000000000004,6.492,1275.8785069924668,4071.196,-988.4550000000002,2052.801
1131,70395,19.554583333333333,30.64322166483153,2.169,29.732000000000006,7.093000000000001,1277.1812689652304,4073.8941999999997,-987.4318000000001,2050.9008000000003
1132,70396,19.554861111111112,29.54925760488747,1.98,28.833,6.156000000000001,1278.4842836212986,4076.5906999999997,-986.4081,2048.9998
1133,70397,19.55513888888889,28.936229021764397,2.535,28.359,5.162,1279.7875260999626,4079.2855000000004,-985.384,2047.0979000000002
1134,70398,19.555416666666666,28.60609566158933,3.2359999999999998,28.006999999999998,4.842,1281.0911255697845,4081.9786999999997,-984.3594999999999,2045.1951999999997
1135,70399,19.55569444444445,28.40014315104767,3.2990000000000004,27.572999999999997,5.9510000000000005,1282.394862020607,4084.6701000000003,-983.3346000000001,2043.2915999999998
1136,70400,19.55597222222222,27.847297355398783,3.06,26.987000000000002,6.149,1283.698820549523,4087.3597999999997,-982.3093000000001,2041.3871
1137,70401,19.55625,27.472468564000582,3.128,26.719,5.572,1285.0029349814656,4090.0477,-981.2835000000001,2039.4818
1138,70402,19.556527777777777,27.967778084788932,3.401,27.249000000000002,5.303,1286.3072682166712,4092.7339,-980.2573,2037.5756000000001
1139,70403,19.556805555555556,28.308058093058946,3.4900000000000007,27.633000000000003,5.058,1287.6119706350353,4095.4184999999998,-979.2307999999999,2035.6686000000002
1140,70404,19.557083333333335,29.05296795509884,4.095000000000001,28.399,4.561,1288.9167798036754,4098.1013,-978.2038,2033.7607
1141,70405,19.557361111111113,29.606737037370394,4.595000000000001,28.938,4.247,1290.2218454772778,4100.7824,-977.1764,2031.852
1142,70406,19.557638888888892,30.17875829122199,4.714,29.43,4.734,1291.5271231371607,4103.4618,-976.1486000000001,2029.9424000000004
1143,70407,19.557916666666664,30.136608734228872,4.2,29.369,5.295,1292.8326539702616,4106.139499999999,-975.1204,2028.032
1144,70408,19.558194444444446,29.71663375956301,3.5449999999999995,29.049,5.164,1294.1383048909106,4108.8154,-974.0917999999999,2026.1207000000002
1145,70409,19.55847222222222,29.48100876835798,3.4629999999999996,29.022000000000002,3.8550000000000004,1295.4442932164038,4111.4897,-973.0627999999999,2024.2086000000004
1146,70410,19.55875,29.812079917375772,3.428,29.494,2.667,1296.7503980373365,4114.162200000001,-972.0334,2022.2956
1147,70411,19.55902777777778,30.040125266050406,3.3589999999999995,29.726,2.737,1298.056836501894,4116.8331,-971.0036,2020.3818000000003
1148,70412,19.559305555555557,30.03625918785494,3.4010000000000007,29.672000000000004,3.191,1299.3633882134313,4119.5022,-969.9733999999999,2018.4670999999998
1149,70413,19.559583333333332,29.57209023724904,3.152,29.139,3.936,1300.670182039709,4122.169599999999,-968.9428,2016.5516000000002
1150,70414,19.55986111111111,28.7500444869221,2.4290000000000003,28.183999999999997,5.130999999999999,1301.9772162969832,4124.835300000001,-967.9117999999999,2014.6353
1151,70415,19.56013888888889,28.548711354455214,1.6280000000000001,27.706,6.69,1303.2844253697879,4127.4993,-966.8803,2012.7181
1152,70416,19.560416666666665,28.54536839839346,0.7940000000000002,27.439,7.83,1304.5918920971553,4130.161599999999,-965.8484999999998,2010.8001
1153,70417,19.560694444444447,28.60315571750781,0.506,27.339999999999996,8.391,1305.8994628151722,4132.822099999999,-964.8163000000001,2008.8811999999998
1154,70418,19.560972222222222,28.614997833304127,0.704,27.270999999999997,8.638,1307.2072663115082,4135.4809000000005,-963.7837000000002,2006.9615000000001
1155,70419,19.56125,28.429882483049415,1.093,26.687,9.74,1308.5153012459773,4138.138,-962.7507000000002,2005.0410000000004
1156,70420,19.56152777777778,28.26544245187045,1.076,25.975,11.094,1309.8236332822744,4140.7935,-961.7171999999998,2003.1197
1157,70421,19.561805555555555,28.23939315920227,0.742,26.019,10.951,1311.1320827094576,4143.4472000000005,-960.6833999999999,2001.1974999999998
1158,70422,19.562083333333334,28.290721164367657,0.9059999999999999,26.482,9.912,1312.4407581170035,4146.0992,-959.6492000000001,1999.2745000000002
1159,70423,19.562361111111112,28.93583358052779,1.612,27.4,9.161,1313.7495065354312,4148.7494,-958.6145,1997.3505999999998
1160,70424,19.562638888888888,29.989995681893653,2.3630000000000004,28.714,8.325999999999999,1315.058497445368,4151.397899999999,-957.5795,1995.4259000000002
1161,70425,19.56291666666667,30.59056740238729,2.9029999999999996,29.502,7.549000000000001,1316.3677291574345,4154.0447,-956.5441999999999,1993.5004000000001
1162,70426,19.563194444444445,30.623764399563946,3.293,29.509000000000004,7.496,1317.67715940092,4156.6898,-955.5084,1991.5740999999998
1163,70427,19.563472222222224,30.504513010372744,3.2729999999999997,29.369,7.5680000000000005,1318.986894915131,4159.3333,-954.4721999999999,1989.6470000000002
1164,70428,19.563750000000002,30.520380141800334,3.152,29.392000000000003,7.593999999999999,1320.296845144889,4161.9751,-953.4356,1987.7190999999998
1165,70429,19.564027777777778,30.662932769061737,3.103,29.574,7.481,1321.6068783334279,4164.6151,-952.3986000000001,1985.7903
1166,70430,19.564305555555556,30.644986376241054,2.982,29.628999999999998,7.234999999999999,1322.9171434092157,4167.2534,-951.3613000000001,1983.8607000000004
1167,70431,19.564583333333335,30.452727102839248,2.718,29.45,7.258,1324.2275980835652,4169.89,-950.3235000000001,1981.9303
1168,70432,19.564861111111114,30.17349492518227,2.692,29.174,7.215999999999999,1325.5382808266468,4172.524899999999,-949.2854000000001,1979.9990999999998
1169,70433,19.56513888888889,29.814942696574143,2.436,28.913999999999998,6.853999999999999,1326.849211707609,4175.1581,-948.2469000000001,1978.0672000000002
1170,70434,19.56541666666667,29.15815827517232,2.344,28.237000000000002,6.883,1328.1603049581547,4177.789599999999,-947.208,1976.1344000000001
1171,70435,19.565694444444443,28.539124040516725,2.48,27.339999999999996,7.801,1329.4716006925582,4180.4194,-946.1687000000002,1974.2007999999998
1172,70436,19.56597222222222,28.492345445750864,2.5,26.945,8.918000000000001,1330.7830976363625,4183.0475,-945.1290000000001,1972.2664
1173,70437,19.56625,28.81207491660398,2.776,27.278000000000002,8.851,1332.0947051434746,4185.6738000000005,-944.0889,1970.3311999999999
1174,70438,19.56652777777778,29.021513296173925,3.375,27.727999999999998,7.875,1333.4064681520044,4188.298400000001,-943.0484,1968.3951000000002
1175,70439,19.566805555555554,29.341176356785702,3.742,28.321000000000005,6.695,1334.7185771640795,4190.9214,-942.0076000000001,1966.4582999999998
1176,70440,19.567083333333336,29.624581212229817,4.220000000000001,28.723999999999997,5.894,1336.0307911346931,4193.5426,-940.9664,1964.5206999999998
1177,70441,19.56736111111111,30.04819794929473,4.7700000000000005,29.130000000000003,5.62,1337.3432171109387,4196.1621,-939.9249,1962.5823
1178,70442,19.567638888888887,29.926970678637026,4.318,28.965000000000003,6.165000000000001,1338.6558134607124,4198.7798999999995,-938.8829,1960.6431
1179,70443,19.567916666666665,29.978697203180797,3.8310000000000004,28.885,7.05,1339.9686656398922,4201.3961,-937.8405999999999,1958.703
1180,70444,19.568194444444444,30.265650529932447,3.6159999999999997,29.095000000000006,7.511,1341.2816373811243,4204.010499999999,-936.7978,1956.7622
1181,70445,19.568472222222223,30.553265782891362,3.6149999999999998,29.649,6.432,1342.5949027955662,4206.6233,-935.7546999999998,1954.8206000000002
1182,70446,19.56875,31.09208855963201,4.026999999999999,30.528999999999996,4.299,1343.908262903391,4209.2343,-934.7112,1952.8781999999999
1183,70447,19.56902777777778,31.242208324636717,4.058,30.781,3.4840000000000004,1345.2219133083088,4211.843699999999,-933.6674,1950.935
1184,70448,19.56930555555555,30.93993686160332,3.5740000000000003,30.436,4.261,1346.5357438206556,4214.4514,-932.6232,1948.991
1185,70449,19.569583333333334,30.23527453157983,3.3489999999999993,29.716999999999995,4.456,1347.849663262078,4217.0573,-931.5786,1947.0462000000002
1186,70450,19.56986111111111,30.050743534894448,3.1689999999999996,29.495000000000005,4.801,1349.1637589281042,4219.6615,-930.5336,1945.1006000000002
1187,70451,19.570138888888888,29.799487445256503,2.9219999999999997,29.137999999999998,5.518000000000001,1350.4780293266842,4222.264,-929.4882,1943.1542000000002
1188,70452,19.570416666666667,29.843424300840546,2.774,29.087,6.073,1351.7924924006034,4224.8648,-928.4424999999999,1941.2069999999999
1189,70453,19.570694444444445,29.571375314651835,2.689,28.901,5.654000000000001,1353.1072084878672,4227.4639,-927.3964,1939.2592
1190,70454,19.57097222222222,29.46414174891235,2.708,28.897,5.076,1354.422161946759,4230.0614000000005,-926.35,1937.3105
1191,70455,19.57125,29.24820163702377,2.673,28.671,5.127000000000001,1355.7371745678222,4232.6571,-925.3030999999999,1935.361
1192,70456,19.571527777777778,28.727374140356098,2.335,28.058000000000003,5.706,1357.052372882024,4235.2510999999995,-924.2559000000001,1933.4107
1193,70457,19.571805555555553,28.37020394709915,2.1399999999999997,27.634000000000004,6.054,1358.3677762141642,4237.8434,-923.2083,1931.4597
1194,70458,19.57208333333333,27.934539838701475,2.2039999999999997,27.2,5.97,1359.6833829694588,4240.434,-922.1602999999999,1929.5079999999998
1195,70459,19.57236111111111,27.766122343604266,2.3299999999999996,27.076999999999998,5.689,1360.9991504191626,4243.0229,-921.1118999999999,1927.5555
1196,70460,19.57263888888889,27.284337301829417,2.647,26.778000000000002,4.513,1362.3151858017425,4245.6102,-920.0631999999999,1925.6021999999998
1197,70461,19.572916666666664,26.482019881421433,3.1740000000000004,26.149,2.73,1363.6313789457895,4248.1957999999995,-919.0141000000001,1923.6480999999999
1198,70462,19.573194444444443,26.36320490759801,3.94,26.052999999999997,0.858,1364.9477682877257,4250.7797,-917.9646,1921.6933000000001
1199,70463,19.57347222222222,26.18350031985792,4.406000000000001,25.807,0.40199999999999997,1366.2642008296802,4253.3618,-916.9148000000001,1919.7376
1200,70464,19.57375,25.788367086731178,4.351,25.4,0.9739999999999999,1367.5808264966133,4255.9421999999995,-915.8646000000001,1917.7812000000001
1201,70465,19.57402777777778,25.448572965885532,4.019,25.087,1.456,1368.897622275983,4258.5208999999995,-914.8140999999999,1915.824
1202,70466,19.574305555555554,25.66519070648025,3.745,25.355,1.342,1370.21469693925,4261.098,-913.7632,1913.8661
1203,70467,19.574583333333333,25.471172155988423,3.607,25.181,1.299,1371.5319379255848,4263.6734,-912.7119999999999,1911.9073999999996
1204,70468,19.57486111111111,25.597982381429986,3.729,25.31,0.8690000000000001,1372.8493247128106,4266.2471,-911.6604,1909.9479
1205,70469,19.57513888888889,25.882234621454156,3.447,25.634000000000004,0.952,1374.1668745767024,4268.8191,-910.6085,1907.9876
1206,70470,19.575416666666666,26.08374654837759,3.053,25.855,1.6,1375.4846068425209,4271.3894,-909.5562,1906.0266000000004
1207,70471,19.575694444444444,26.27068217614457,2.497,25.953000000000003,3.218,1376.8025199708468,4273.9580000000005,-908.5035,1904.0649
1208,70472,19.575972222222223,26.28436852960329,1.7570000000000001,25.814,4.628,1378.1205908801294,4276.524899999999,-907.4504999999999,1902.1024000000002
1209,70473,19.576249999999998,25.89248989572073,1.0779999999999998,25.418,4.8149999999999995,1379.4388887913256,4279.090200000001,-906.3970999999999,1900.1390999999999
1210,70474,19.576527777777777,25.41292832398502,0.898,24.951,4.739,1380.7572912691055,4281.6537,-905.3434,1898.1751
1211,70475,19.57680555555556,25.145412523957525,1.045,24.711,4.534999999999999,1382.075957408415,4284.2156,-904.2893,1896.2104
1212,70476,19.577083333333334,25.04504919140707,1.3539999999999999,24.567,4.678,1383.3946661738432,4286.7757,-903.2348,1894.2449000000001
1213,70477,19.57736111111111,25.563291259147363,1.78,25.156,4.182,1384.7135449254808,4289.3341,-902.1798999999999,1892.2787
1214,70478,19.577638888888888,26.119030341879082,1.469,25.699,4.428,1386.032590571666,4291.890799999999,-901.1247999999999,1890.3117000000002
1215,70479,19.577916666666663,26.331606502452523,1.166,25.826999999999998,4.996,1387.3518742237607,4294.4459,-900.0692000000001,1888.3439999999998
1216,70480,19.578194444444442,26.54374764421934,1.033,25.964999999999996,5.415,1388.671302339149,4296.9993,-899.0133,1886.3754999999996
1217,70481,19.578472222222224,26.728912529319256,0.9810000000000002,26.252,4.930000000000001,1389.9909126628675,4299.5509999999995,-897.9571,1884.4062999999999
1218,70482,19.57875,26.38053793992837,0.8380000000000001,25.957,4.633,1391.3106453234132,4302.101,-896.9005,1882.4362999999998
1219,70483,19.579027777777775,26.961097028867353,1.508,26.492,4.775,1392.6305383097656,4304.6493,-895.8435,1880.4656
1220,70484,19.579305555555557,27.46246079651275,2.2380000000000004,27.077999999999996,3.995,1393.950697813869,4307.196,-894.7861999999999,1878.4941999999999
1221,70485,19.579583333333332,27.835276556916046,2.573,27.486,3.564000000000001,1395.2708849863925,4309.7409,-893.7284999999999,1876.5220000000002
1222,70486,19.57986111111111,27.6959725230944,2.2969999999999997,27.362000000000002,3.621,1396.5913545598135,4312.2842,-892.6706,1874.5491000000002
1223,70487,19.58013888888889,27.501033453308622,1.7009999999999998,27.024,4.808,1397.9119380877924,4314.8258000000005,-891.6123,1872.5754000000002
1224,70488,19.580416666666668,27.589842496832052,1.6019999999999999,26.954,5.667,1399.2327121115763,4317.3657,-890.5536,1870.6010999999999
1225,70489,19.580694444444447,28.28263661683613,1.8820000000000001,27.552999999999997,6.099,1400.5536159909593,4319.9039,-889.4946,1868.6259999999997
1226,70490,19.580972222222222,28.932487691175123,2.378,28.266,5.6979999999999995,1401.8746680754289,4322.4403999999995,-888.4351999999999,1866.6502
1227,70491,19.58125,29.110397266268972,2.867,28.483999999999998,5.2780000000000005,1403.1958461094498,4324.9752,-887.3755000000001,1864.6736
1228,70492,19.58152777777778,29.467117079890937,3.604,28.773000000000003,5.2379999999999995,1404.5172078152616,4327.5083,-886.3154000000001,1862.6964
1229,70493,19.581805555555555,28.791692638676178,3.4510000000000005,28.008,5.709999999999999,1405.838692602033,4330.0397,-885.2549999999999,1860.7184000000002
1230,70494,19.582083333333333,27.738566166981308,2.6020000000000003,26.868000000000002,6.385,1407.160408667833,4332.5695,-884.1941999999999,1858.7396999999996
1231,70495,19.582361111111112,26.680707430651083,2.118,25.814999999999998,6.4,1408.4822832274172,4335.097599999999,-883.1331,1856.7603
1232,70496,19.582638888888887,25.88688472953051,2.1630000000000003,25.113999999999997,5.894,1409.804257335953,4337.624000000001,-882.0716,1854.7801
1233,70497,19.582916666666666,25.021733553053426,2.5460000000000003,24.446999999999996,4.6850000000000005,1411.1263862575197,4340.1487,-881.0098,1852.7992
1234,70498,19.58319444444444,24.55550889311806,2.926,24.07,3.879,1412.4486495177828,4342.671700000001,-879.9476000000001,1850.8175999999999
1235,70499,19.58347222222222,24.0034437737588,2.922,23.595000000000002,3.3020000000000005,1413.7710646649393,4345.193,-878.8851000000001,1848.8353
1236,70500,19.58375,23.930714092981013,2.444,23.55,3.479,1415.0936294353403,4347.712600000001,-877.8223,1846.8523
1237,70501,19.584027777777777,24.369939207966848,1.863,23.991999999999997,3.8480000000000003,1416.4164146089213,4350.230600000001,-876.7591,1844.8685999999998
1238,70502,19.584305555555556,25.053518255925653,1.355,24.704,3.944,1417.739398303201,4352.747,-875.6956,1842.8841
1239,70503,19.58458333333333,26.036904078634233,1.407,25.782,3.3510000000000004,1419.062565142673,4355.2617,-874.6318000000001,1840.899
1240,70504,19.58486111111111,26.90192993076891,1.7469999999999999,26.684000000000005,2.9370000000000003,1420.3857277718203,4357.7746,-873.5676,1838.9131000000002
1241,70505,19.58513888888889,27.687192887687264,1.971,27.428000000000004,3.225,1421.7091225464962,4360.285900000001,-872.5031000000001,1836.9265
1242,70506,19.585416666666667,28.455966509679477,2.122,28.055,4.261,1423.0326572970057,4362.7955,-871.4383,1834.9392
1243,70507,19.585694444444446,29.217533828165582,1.9130000000000003,28.625,5.533,1424.356311831139,4365.3034,-870.3731,1832.9512000000002
1244,70508,19.58597222222222,29.69147470234512,1.3940000000000001,29.097,5.745,1425.6801552156687,4367.8097,-869.3075999999999,1830.9624
1245,70509,19.58625,29.761550514044124,1.0340000000000003,29.173000000000002,5.798,1427.0041713126461,4370.3143,-868.2418,1828.9730000000004
1246,70510,19.58652777777778,29.347972212744104,0.9960000000000001,28.744,5.839,1428.3283022316973,4372.8171999999995,-867.1755999999999,1826.9828999999997
1247,70511,19.586805555555554,28.783402595940593,1.6780000000000002,28.208999999999996,5.470000000000001,1429.652527082154,4375.3184,-866.1091,1824.9920000000002
1248,70512,19.587083333333332,28.026370920973694,2.685,27.451,4.971000000000001,1430.9769194425942,4377.8179,-865.0423000000001,1823.0005
1249,70513,19.587361111111107,27.164284897637195,2.973,26.506,5.147,1432.3014394679963,4380.3157,-863.9752000000001,1821.0083
1250,70514,19.587638888888886,27.187870034263444,2.698,26.332,6.207000000000001,1433.626139251424,4382.811900000001,-862.9078000000002,1819.0153000000003
1251,70515,19.587916666666665,27.554631280421805,2.19,26.526999999999997,7.126,1434.9509836356588,4385.3063999999995,-861.8399999999999,1817.0217
1252,70516,19.588194444444444,27.679976770221465,2.008,26.744999999999997,6.845000000000001,1436.2759512293444,4387.7991999999995,-860.7719000000001,1815.0273999999997
1253,70517,19.58847222222222,27.722918839833586,2.009,26.901999999999997,6.388,1437.6011311822099,4390.2904,-859.7035,1813.0324
1254,70518,19.588749999999997,27.442180197644653,2.453,26.509000000000004,6.6579999999999995,1438.9264310464503,4392.7798999999995,-858.6348,1811.0366999999999
1255,70519,19.589027777777776,27.302576252068228,3.0140000000000002,26.165,7.1930000000000005,1440.251831004804,4395.2677,-857.5657000000001,1809.0403
1256,70520,19.589305555555555,27.225855615572492,3.253,25.977000000000004,7.473999999999999,1441.5774384761123,4397.753900000001,-856.4963,1807.0432
1257,70521,19.589583333333334,27.247012570188314,2.721,25.852999999999998,8.162,1442.9031985810957,4400.2384,-855.4266,1805.0454999999997
1258,70522,19.589861111111112,27.348623621674275,1.971,25.887,8.598,1444.229016837849,4402.7212,-854.3565000000001,1803.047
1259,70523,19.590138888888887,27.641975345477753,1.7619999999999998,26.099,8.934000000000001,1445.555019999182,4405.2024,-853.2860000000001,1801.0477999999998
1260,70524,19.590416666666663,27.702685140614083,2.142,26.154000000000003,8.878,1446.8810795325435,4407.6818,-852.2152,1799.048
1261,70525,19.590694444444445,27.03031279878204,2.419,25.443,8.8,1448.207355996398,4410.1596,-851.1442,1797.0475
1262,70526,19.59097222222222,26.593558336559628,2.198,24.821,9.29,1449.5337586629653,4412.6357,-850.0728000000001,1795.0464
1263,70527,19.59125,25.934113345167596,1.717,24.035,9.589,1450.8602664720952,4415.1101,-849.0011000000001,1793.0446
1264,70528,19.591527777777777,25.45646960990467,1.3900000000000001,23.631999999999998,9.361,1452.1869517591526,4417.582899999999,-847.9290000000001,1791.0421
1265,70529,19.591805555555556,25.235667001290057,0.842,23.73,8.545,1453.5137561050328,4420.053999999999,-846.8567,1789.0389
1266,70530,19.59208333333333,25.060606317485618,0.344,23.758000000000003,7.9670000000000005,1454.8406434179938,4422.5234,-845.784,1787.0349999999999
1267,70531,19.59236111111111,24.976550382308602,0.378,23.807,7.544,1456.1676294449692,4424.9911,-844.711,1785.0304
1268,70532,19.59263888888889,25.029618155297538,0.9,23.704,7.987,1457.4948408565324,4427.4572,-843.6377,1783.0252
1269,70533,19.592916666666667,24.771890137815483,0.9739999999999999,23.477,7.843999999999999,1458.8221477458517,4429.9216,-842.5640999999999,1781.0193
1270,70534,19.593194444444443,24.36670656859478,0.446,23.088,7.776999999999999,1460.14967621267,4432.3844,-841.4902,1779.0128
1271,70535,19.59347222222222,24.306253742607066,0.19899999999999998,23.029,7.773000000000001,1461.4772430624616,4434.8455,-840.4159,1777.0055
1272,70536,19.59375,24.203502577106477,0.72,23.320999999999998,6.436,1462.8049919541972,4437.305,-839.3413,1774.9975
1273,70537,19.594027777777775,24.033500161233277,1.921,23.483,4.74,1464.1328663119627,4439.7628,-838.2664000000001,1772.9888999999998
1274,70538,19.594305555555557,23.7452343218592,2.739,23.276000000000003,3.816,1465.4607733544296,4442.218800000001,-837.1912,1770.9796999999999
1275,70539,19.594583333333333,23.141576631681772,3.353,22.601999999999997,3.6659999999999995,1466.788949023936,4444.6733,-836.1157,1768.9698
1276,70540,19.594861111111108,22.76572829935383,3.7559999999999993,22.119999999999997,3.8569999999999993,1468.1172093048244,4447.1260999999995,-835.0399,1766.9592
1277,70541,19.59513888888889,22.646334493687938,3.721,21.996000000000002,3.897,1469.4456801321571,4449.5773,-833.9637999999999,1764.9479999999999
1278,70542,19.595416666666665,22.956125065001718,3.198,22.443,3.6149999999999998,1470.7741404190851,4452.0267,-832.8874,1762.9361000000001
1279,70543,19.59569444444444,23.84608081006185,3.0330000000000004,23.316,3.975,1472.1027720231305,4454.4745,-831.8107,1760.9235
1280,70544,19.595972222222223,24.796100116752232,3.4230000000000005,24.294,3.596,1473.4314641886995,4456.9205999999995,-830.7335999999999,1758.9101999999998
1281,70545,19.596249999999998,25.531989620865822,3.686000000000001,25.067,3.1529999999999996,1474.7603220878837,4459.365,-829.6563,1756.8964
1282,70546,19.596527777777776,25.472158192819077,3.3589999999999995,24.921,4.061,1476.089346622469,4461.8078,-828.5787,1754.8818999999999
1283,70547,19.596805555555555,25.48131760721961,2.5850000000000004,24.811,5.199,1477.4185188932322,4464.249,-827.5006999999999,1752.8667
1284,70548,19.59708333333333,25.529385695703688,1.5819999999999999,24.779,5.936999999999999,1478.747779568238,4466.688499999999,-826.4225,1750.8508000000002
1285,70549,19.59736111111111,25.681779241322047,0.9259999999999999,24.935,6.078,1480.077129306555,4469.126299999999,-825.3439000000001,1748.8343
1286,70550,19.597638888888888,25.806883325965575,0.959,25.165,5.639,1481.4065836035472,4471.562400000001,-824.2650000000001,1746.8172
1287,70551,19.597916666666666,25.780183009435753,1.266,25.214,5.222,1482.736196644885,4473.9969,-823.1858,1744.7993999999999
1288,70552,19.59819444444444,25.28222122361878,1.6030000000000002,24.749,4.91,1484.0660024935958,4476.4298,-822.1063,1742.7809999999997
1289,70553,19.59847222222222,24.848021510776263,1.8259999999999998,24.375999999999998,4.461,1485.3959080757195,4478.861,-821.0264999999999,1740.762
1290,70554,19.59875,24.08770130170166,1.583,23.589,4.612,1486.726003281234,4481.2906,-819.9464,1738.7423999999999
1291,70555,19.599027777777778,23.73585528267309,1.3689999999999998,23.216,4.747,1488.0561232135726,4483.7185,-818.866,1736.7219999999998
1292,70556,19.599305555555553,24.07412970389584,1.378,23.686,4.079,1489.3863381320339,4486.1447,-817.7852999999999,1734.7009999999998
1293,70557,19.599583333333335,24.50835178056656,1.7229999999999996,24.233,3.2329999999999997,1490.7166461743584,4488.5692,-816.7043,1732.6794000000002
1294,70558,19.599861111111114,25.490744614467427,2.261,25.228,2.8659999999999997,1492.0471373232654,4490.9921,-815.623,1730.6572
1295,70559,19.60013888888889,26.60789583939324,2.631,26.206,3.782,1493.3776829592098,4493.4133,-814.5414,1728.6343000000002
1296,70560,19.600416666666668,26.81737558002274,2.404,26.324,4.521,1494.708408879469,4495.832899999999,-813.4594999999999,1726.6108
1297,70561,19.600694444444446,26.437596883983232,2.142,25.899,4.858,1496.0392215704485,4498.2508,-812.3772999999999,1724.5867000000003
1298,70562,19.600972222222225,25.821834985143873,1.6869999999999998,25.292,4.923,1497.370176132877,4500.667100000001,-811.2947999999999,1722.5619
1299,70563,19.60125,25.00633419755883,1.442,24.455000000000002,5.019,1498.7012141043228,4503.0817,-810.212,1720.5364999999997
1300,70564,19.601527777777783,24.52523243518805,1.616,23.853,5.468999999999999,1500.0323909878152,4505.4947,-809.1288999999999,1718.5104
1301,70565,19.601805555555558,24.24614719909124,1.938,23.427,5.941,1501.3636481784597,4507.906000000001,-808.0455,1716.4837
1302,70566,19.602083333333333,23.559797155323725,1.911,22.525,6.636,1502.695076394724,4510.315700000001,-806.9618,1714.4563999999998
1303,70567,19.602361111111115,22.993076544908032,1.238,21.604999999999997,7.7700000000000005,1504.0266390975335,4512.723800000001,-805.8778,1712.4284
1304,70568,19.60263888888889,22.274413168476517,0.668,20.487000000000002,8.716999999999999,1505.3582769588625,4515.1302000000005,-804.7935,1710.3998
1305,70569,19.602916666666665,21.64759018921044,0.41900000000000004,20.094,8.042,1506.6899889147585,4517.534900000001,-803.7089,1708.3705999999997
1306,70570,19.603194444444448,21.629806425393642,0.51,20.225,7.651000000000001,1508.0218472091328,4519.938,-802.6241,1706.3407
1307,70571,19.603472222222223,22.12397093652041,0.539,20.72,7.736999999999999,1509.353760003306,4522.3394,-801.5389,1704.3102
1308,70572,19.603749999999998,22.910839137840412,0.629,21.403,8.15,1510.6857422720896,4524.7391,-800.4534,1702.2791000000002
1309,70573,19.60402777777778,23.333401809423332,0.5800000000000001,21.782,8.346,1512.0178844193456,4527.137199999999,-799.3675999999999,1700.2473999999997
1310,70574,19.604305555555555,23.80641287552579,0.28700000000000003,22.259,8.438,1513.3500747059354,4529.5336,-798.2816,1698.2150000000001
1311,70575,19.604583333333334,23.815086499947885,-0.18599999999999994,22.21,8.593,1514.6825326039855,4531.9285,-797.1952,1696.1821
1312,70576,19.604861111111113,23.792395865065796,-0.742,21.996,9.039,1516.014926723987,4534.3216,-796.1085,1694.1485
1313,70577,19.605138888888888,24.00406317688737,-0.8940000000000001,22.258000000000003,8.943000000000001,1517.3474913095956,4536.7131,-795.0215999999999,1692.1143
1314,70578,19.605416666666667,24.02723190465352,-0.6450000000000001,22.582,8.182,1518.6802077513898,4539.103,-793.9344,1690.0794999999998
1315,70579,19.605694444444445,23.521509156514597,-0.31600000000000006,22.044,8.199,1520.0130750651406,4541.4913,-792.8469,1688.0440999999998
1316,70580,19.605972222222224,23.06580182868135,0.02499999999999991,21.317,8.809999999999999,1521.3459993708852,4543.8779,-791.7591,1686.0080999999998
1317,70581,19.60625,22.642881927881884,0.1859999999999999,20.691,9.195,1522.6790875331978,4546.2629,-790.6711,1683.9715
1318,70582,19.606527777777778,22.45529376338684,-0.04800000000000011,20.645,8.832999999999998,1524.0123220735654,4548.6463,-789.5828,1681.9343000000001
1319,70583,19.606805555555557,22.363019228181155,-0.6410000000000001,20.678,8.492,1525.3455745926851,4551.028,-788.4942,1679.8964
1320,70584,19.607083333333335,22.02883294684491,-0.5710000000000002,20.663999999999998,7.611999999999999,1526.6789119876332,4553.408,-787.4053,1677.8580000000002
1321,70585,19.60736111111111,22.139172387422256,0.03699999999999983,21.183,6.436,1528.0122802996689,4555.786300000001,-786.3162,1675.8188999999998
1322,70586,19.607638888888893,22.488267296525983,0.9629999999999999,21.731,5.706,1529.3459156433,4558.163100000001,-785.2268,1673.7792999999997
1323,70587,19.60791666666667,22.55163178131463,1.5,21.736,5.82,1530.679504331129,4560.5381,-784.1371,1671.7391
1324,70588,19.608194444444443,22.892706393085113,1.4049999999999998,21.925,6.434,1532.0131960153628,4562.9115,-783.0471,1669.6982
1325,70589,19.608472222222225,22.900483553846634,0.833,22.023000000000003,6.223000000000001,1533.3470234917836,4565.283300000001,-781.9568,1667.6567
1326,70590,19.60875,22.70172251173906,0.23000000000000007,22.092,5.221,1534.6809853144655,4567.6535,-780.8662,1665.6146
1327,70591,19.60902777777778,22.449023074512617,0.11600000000000006,21.915,4.8660000000000005,1536.0149868791618,4570.022,-779.7753,1663.5719000000001
1328,70592,19.609305555555558,22.00082491635257,0.5730000000000001,21.312,5.432,1537.3490426520875,4572.3888,-778.6842,1661.5286
1329,70593,19.609583333333337,21.672281582703746,1.448,20.877,5.634,1538.6832618171634,4574.754000000001,-777.5928,1659.4848000000002
1330,70594,19.609861111111112,21.373165371558795,1.6829999999999998,20.578,5.525,1540.0175755456353,4577.1176,-776.5011,1657.4402999999998
1331,70595,19.61013888888889,21.24754166956733,1.111,20.335,6.059,1541.3520494290183,4579.479600000001,-775.4091000000001,1655.3952999999997
1332,70596,19.61041666666667,21.719719404264872,0.9109999999999999,20.837,6.061,1542.6865223407162,4581.8399,-774.3168,1653.3496
1333,70597,19.610694444444444,22.33972546832212,1.099,21.692999999999998,5.2219999999999995,1544.0211677519953,4584.1986,-773.2243000000001,1651.3034
1334,70598,19.610972222222223,22.64022237081606,1.0379999999999998,22.081,4.892,1545.3559200702323,4586.5557,-772.1314,1649.2566
1335,70599,19.611250000000002,23.028343079778885,1.208,22.46,4.939,1546.6907158566312,4588.911099999999,-771.0382999999999,1647.2092
1336,70600,19.61152777777778,23.23814575218944,1.469,22.664,4.9190000000000005,1548.0256797843717,4591.2649,-769.9449999999999,1645.1612999999998
1337,70601,19.611805555555556,23.075150573723242,1.557,22.654,4.103,1549.3606351452945,4593.617,-768.8513999999999,1643.1127000000001
1338,70602,19.612083333333338,23.094023317733097,1.436,22.859,2.9560000000000004,1550.6957067179742,4595.967500000001,-767.7574999999999,1641.0634999999997
1339,70603,19.612361111111113,23.568589011648537,1.052,23.328000000000003,3.1900000000000004,1552.0308930869644,4598.3164,-766.6633,1639.0137
1340,70604,19.61263888888889,23.925902240041026,0.634,23.551000000000002,4.171,1553.3662262523765,4600.6637,-765.5688,1636.9634
1341,70605,19.61291666666667,24.035398353262217,0.6450000000000001,23.605,4.482,1554.701577896613,4603.0093,-764.4739999999999,1634.9125
1342,70606,19.613194444444446,23.54396181614301,0.15499999999999997,23.148000000000003,4.297,1556.0369954622786,4605.3532,-763.379,1632.8611
1343,70607,19.61347222222222,23.00739389848403,-0.257,22.59,4.355,1557.372581811567,4607.695600000001,-762.2837,1630.809
1344,70608,19.613750000000003,22.556539872063713,0.06899999999999999,22.219,3.8870000000000005,1558.7082310741994,4610.0363,-761.1881999999999,1628.7564
1345,70609,19.61402777777778,22.09396408524283,0.666,21.762,3.757,1560.0439863176775,4612.3754,-760.0923999999999,1626.7032000000002
1346,70610,19.614305555555557,22.03479931835096,0.986,21.557,4.456,1561.3797525766404,4614.712799999999,-758.9963,1624.6494
1347,70611,19.614583333333336,22.310912330068444,0.952,21.541000000000004,5.732000000000001,1562.715748182834,4617.0487,-757.8999,1622.5951
1348,70612,19.61486111111111,22.598977100745067,0.7779999999999999,21.581,6.661000000000001,1564.051767396176,4619.3829,-756.8032999999999,1620.5402
1349,70613,19.61513888888889,22.941229500617442,0.841,22.003,6.439,1565.3879021105986,4621.7155,-755.7065,1618.4847
1350,70614,19.61541666666667,23.090944307238715,1.136,22.347,5.702,1566.7240424102488,4624.046399999999,-754.6094,1616.4286
1351,70615,19.615694444444447,23.409366779133517,1.2739999999999998,22.729,5.456,1568.060294891527,4626.3757,-753.5121,1614.3718999999999
1352,70616,19.615972222222222,23.986446610534042,1.5939999999999999,23.192,5.911,1569.3967365337498,4628.7035000000005,-752.4145000000001,1612.3146000000002
1353,70617,19.61625,24.50410647218135,2.103,23.607,6.223999999999999,1570.7331183222045,4631.0295,-751.3166,1610.2567999999999
1354,70618,19.61652777777778,24.847465886886734,2.3049999999999997,23.8,6.756,1572.0695930436657,4633.3539,-750.2184,1608.1984
1355,70619,19.616805555555555,25.164096765034106,1.8530000000000002,24.125999999999998,6.909000000000001,1573.4062066867184,4635.6767,-749.12,1606.1395
1356,70620,19.617083333333333,25.11035447778466,1.1989999999999998,24.17,6.7010000000000005,1574.7429102204715,4637.9979,-748.0213000000001,1604.08
1357,70621,19.617361111111112,24.77834437568418,0.673,24.035,5.986,1576.0796241656421,4640.3174,-746.9223999999999,1602.0199
1358,70622,19.61763888888889,24.379067681107085,0.7300000000000001,23.715,5.604,1577.416535943899,4642.6354,-745.8231,1599.9593
1359,70623,19.617916666666666,23.534084728325425,1.012,22.926,5.218,1578.75348697847,4644.9517,-744.7236,1597.8982
1360,70624,19.618194444444445,23.144958371101037,1.208,22.485,5.353,1580.0905375200282,4647.2664,-743.6238999999999,1595.8365
1361,70625,19.61847222222222,22.813394245486577,1.269,22.114,5.459999999999999,1581.4276708268128,4649.5795,-742.5238999999999,1593.7742
1362,70626,19.61875,22.113125559269093,1.1969999999999998,21.552,4.802999999999999,1582.7648241903003,4651.8909,-741.4236,1591.7114
1363,70627,19.61902777777778,21.29102280305012,0.6199999999999999,20.714000000000002,4.884,1584.102072144094,4654.2007,-740.3231,1589.648
1364,70628,19.619305555555556,20.47966413298812,0.16699999999999987,19.865000000000002,4.977,1585.4394454863316,4656.5089,-739.2224,1587.5841
1365,70629,19.61958333333333,20.061120432318827,0.07399999999999984,19.311,5.434,1586.7767874249719,4658.8154,-738.1213,1585.5196
1366,70630,19.619861111111113,20.17264714904814,0.6109999999999999,19.456,5.294,1588.1142200424479,4661.1203000000005,-737.02,1583.4545
1367,70631,19.620138888888892,20.36309598268397,1.161,19.646,5.229000000000001,1589.4517588595274,4663.4236,-735.9184,1581.3889
1368,70632,19.620416666666667,20.63077999010217,1.3329999999999997,19.937,5.135,1590.7893233099771,4665.7252,-734.8165999999999,1579.3228
1369,70633,19.620694444444446,21.024777858517314,1.1859999999999997,20.272,5.4479999999999995,1592.1269274599683,4668.0252,-733.7145,1577.2559999999999
1370,70634,19.620972222222225,21.370173677347594,0.9629999999999999,20.635,5.473,1593.4647734455677,4670.3237,-732.6122,1575.1888
1371,70635,19.62125,21.394794623926636,0.7659999999999998,20.759,5.12,1594.8025945658842,4672.6205,-731.5096000000001,1573.1209999999999
1372,70636,19.62152777777778,21.559901298475367,0.6839999999999999,20.991999999999997,4.868,1596.1405289384413,4674.9157,-730.4068,1571.0526999999997
1373,70637,19.621805555555557,21.810627913932233,1.1239999999999999,21.317,4.475,1597.4785291272667,4677.2093,-729.3037,1568.9838
1374,70638,19.622083333333332,22.27902246509034,1.8509999999999998,21.804,4.185,1598.8166250130027,4679.5013,-728.2003,1566.9144000000001
1375,70639,19.62236111111111,22.4346903923366,2.516,21.961000000000002,3.8339999999999996,1600.1548132562107,4681.7917,-727.0968,1564.8444000000002
1376,70640,19.62263888888889,22.465386241950082,2.363,21.907,4.380999999999999,1601.4930946598274,4684.0805,-725.993,1562.7739
1377,70641,19.622916666666665,22.73715351577677,1.8549999999999998,22.145,4.8100000000000005,1602.8314820223254,4686.3677,-724.889,1560.7029
1378,70642,19.623194444444444,22.782477345539046,1.6669999999999998,22.316,4.273,1604.1699280658104,4688.6533,-723.7847,1558.6313000000002
1379,70643,19.623472222222222,22.88521719363834,1.7979999999999996,22.500999999999998,3.7690000000000006,1605.5083691693646,4690.9372,-722.6800999999999,1556.5592000000001
1380,70644,19.62375,22.966586032756368,2.1319999999999997,22.552999999999997,3.779,1606.8468806068915,4693.2195,-721.5753,1554.4865
1381,70645,19.62402777777778,23.060861692486686,2.53,22.610999999999997,3.761,1608.1855090050176,4695.5002,-720.4702,1552.4134
1382,70646,19.624305555555555,23.242245029256534,2.827,22.708000000000002,4.069000000000001,1609.5241740307497,4697.7793,-719.3648999999999,1550.3396
1383,70647,19.624583333333334,23.50538236234416,2.7339999999999995,22.860000000000003,4.7379999999999995,1610.8629529544494,4700.0568,-718.2592999999999,1548.2653999999998
1384,70648,19.624861111111112,23.477775448283,2.1439999999999997,22.860000000000003,4.902,1612.2017966451385,4702.332700000001,-717.1535,1546.1906000000001
1385,70649,19.625138888888888,22.91210278433649,1.581,22.342,4.827,1613.5407204944045,4704.607,-716.0474,1544.1153
1386,70650,19.625416666666666,22.284446055489017,1.9099999999999997,21.756,4.430000000000001,1614.879643155718,4706.8796,-714.9411,1542.0395
1387,70651,19.625694444444445,21.702244722608764,2.133,21.104,4.589,1616.2186121896539,4709.1506,-713.8344999999999,1539.9631
1388,70652,19.625972222222224,21.27288569987626,1.829,20.482999999999997,5.444000000000001,1617.5576712356064,4711.42,-712.7277,1537.8862000000001
1389,70653,19.626250000000002,20.789683330921616,1.5849999999999997,19.748,6.302,1618.8968189173092,4713.6878,-711.6207,1535.8088
1390,70654,19.626527777777778,20.713988727427658,1.658,19.411,7.037999999999999,1620.2359148242736,4715.9538999999995,-710.5134,1533.7308
1391,70655,19.626805555555556,20.667631939823195,1.7869999999999997,19.003999999999998,7.925,1621.5751903919577,4718.2185,-709.4059,1531.6523000000002
1392,70656,19.627083333333335,20.4882816263346,1.6119999999999997,18.466,8.728,1622.9145807588898,4720.4815,-708.2982,1529.5734
1393,70657,19.627361111111114,20.567577616238623,1.4249999999999998,18.52,8.832,1624.2540232429737,4722.742899999999,-707.1903,1527.4939
1394,70658,19.62763888888889,21.055901239320058,1.5019999999999998,18.898,9.163,1625.5934085155277,4725.0026,-706.0821,1525.4137999999998
1395,70659,19.62791666666667,21.90381989516897,1.8659999999999997,19.759,9.267,1626.9329038809005,4727.2607,-704.9736999999999,1523.3333
1396,70660,19.628194444444446,22.536682874815448,1.8969999999999998,20.384999999999998,9.421000000000001,1628.2724332914509,4729.5172,-703.865,1521.2522
1397,70661,19.62847222222222,23.579277893947474,2.239,21.396,9.653,1629.6120399354193,4731.7721,-702.7561000000001,1519.1706
1398,70662,19.62875,24.4346834233636,2.4709999999999996,22.243,9.808,1630.9517219710463,4734.0254,-701.647,1517.0885
1399,70663,19.629027777777775,24.679064710802958,2.219,22.645,9.556999999999999,1632.2915586247484,4736.2771999999995,-700.5376,1515.0058999999999
1400,70664,19.629305555555554,24.200454004005792,1.918,22.294999999999998,9.215,1633.6314981271262,4738.527400000001,-699.4280000000001,1512.9229
1401,70665,19.629583333333336,24.03204533534339,1.9689999999999999,22.311,8.711,1634.9713843714767,4740.7759,-698.3181999999999,1510.8393
1402,70666,19.62986111111111,23.878658693486116,2.449,22.208000000000002,8.426,1636.3112965313278,4743.022800000001,-697.2081000000001,1508.7550999999999
1403,70667,19.630138888888887,23.282206811211,3.243,21.581,8.112,1637.6512634339763,4745.2681,-696.0977,1506.6704
1404,70668,19.63041666666667,22.397393955547596,3.3879999999999995,20.814,7.546000000000001,1638.9913274669339,4747.5118,-694.9871,1504.5853000000002
1405,70669,19.630694444444448,21.749629468108186,2.979,20.154,7.615,1640.3314131784184,4749.753900000001,-693.8762,1502.4996
1406,70670,19.630972222222223,21.470491028385915,2.2960000000000003,19.887,7.76,1641.6716715969346,4751.9945,-692.7652,1500.4134
1407,70671,19.63125,20.968500232491593,1.8669999999999998,19.637,7.111999999999999,1643.0118847229,4754.2334,-691.6539,1498.3267
1408,70672,19.63152777777778,20.534423537075494,1.8449999999999995,19.451,6.318,1644.3521589411625,4756.4707,-690.5424,1496.2395000000001
1409,70673,19.631805555555555,20.904842525118433,2.1990000000000003,19.918,5.954,1645.6924933926064,4758.706400000001,-689.4307,1494.1518
1410,70674,19.632083333333334,21.552852456229544,2.622,20.694,5.423,1647.0328724691167,4760.9405,-688.3187,1492.0636
1411,70675,19.632361111111113,21.842601630758182,2.411,21.11,5.065,1648.3733087020257,4763.173000000001,-687.2065,1489.9749
1412,70676,19.632638888888888,22.25181208351356,1.8159999999999996,21.729,4.438000000000001,1649.713787483945,4765.403899999999,-686.094,1487.8857
1413,70677,19.632916666666667,22.977087913832772,0.762,22.630000000000003,3.9050000000000002,1651.054320807593,4767.6332,-684.9813,1485.796
1414,70678,19.633194444444445,23.031823657713257,0.43600000000000005,22.713,3.7939999999999996,1652.3950150253754,4769.861,-683.8684999999999,1483.7058000000002
1415,70679,19.63347222222222,23.187488458218148,0.866,22.903,3.5160000000000005,1653.7357474708474,4772.0872,-682.7554,1481.6151
1416,70680,19.63375,22.752685138242477,1.557,22.524,2.816,1655.076451222063,4774.3117,-681.642,1479.524
1417,70681,19.634027777777778,21.84059058267427,1.948,21.593,2.638,1656.4172985478594,4776.5347,-680.5283999999999,1477.4324000000001
1418,70682,19.634305555555553,20.94288256186335,2.239,20.595,3.072,1657.7581638724175,4778.7561000000005,-679.4146000000001,1475.3401999999999
1419,70683,19.63458333333333,20.365162238489532,2.1830000000000003,20.03,2.962,1659.0991043829126,4780.9758999999995,-678.3005999999999,1473.2476000000001
1420,70684,19.63486111111111,20.24817236196887,1.7280000000000002,19.992,2.706,1660.4400470991343,4783.1941,-677.1863,1471.1544
1421,70685,19.635138888888886,19.957903096267405,1.7440000000000002,19.702,2.666,1661.7810618935378,4785.410699999999,-676.0717999999999,1469.0608
1422,70686,19.635416666666668,19.244186784585104,1.94,18.83,3.465,1663.1221190320732,4787.6257,-674.9571,1466.9667
1423,70687,19.635694444444443,18.462897741145618,1.778,17.889999999999997,4.202999999999999,1664.4632167595396,4789.839099999999,-673.8421999999999,1464.8721
1424,70688,19.63597222222222,18.56513455378118,1.334,17.973,4.456,1665.8043400625334,4792.0509,-672.7270000000001,1462.7769999999998
1425,70689,19.63625,18.69556056929024,1.036,17.98,5.017,1667.145514580618,4794.261100000001,-671.6116999999999,1460.6814
1426,70690,19.63652777777778,18.96063643446601,0.8579999999999999,18.061,5.707,1668.486711979819,4796.4697,-670.4961,1458.5853000000002
1427,70691,19.636805555555554,19.522750702705803,0.7209999999999999,18.455,6.327,1669.8279446176944,4798.6767,-669.3803,1456.4886999999999
1428,70692,19.637083333333333,20.33695358208795,0.3159999999999999,19.185,6.74,1671.1692264197488,4800.882100000001,-668.2642,1454.3917000000001
1429,70693,19.63736111111111,20.72101592586618,0.1279999999999999,19.365999999999996,7.369,1672.5105401489468,4803.0859,-667.1479,1452.2941999999998
1430,70694,19.63763888888889,20.79963105442017,0.1499999999999999,19.086,8.266000000000002,1673.8518983496529,4805.2881,-666.0315,1450.1961999999999
1431,70695,19.637916666666666,21.1421976388454,0.17599999999999985,19.124,9.013000000000002,1675.1933674738568,4807.488800000001,-664.9148,1448.0976999999998
1432,70696,19.638194444444444,21.72845098022406,0.15399999999999986,19.921,8.675,1676.534893592539,4809.6879,-663.7979,1445.9988
1433,70697,19.638472222222223,22.39000600714524,0.7329999999999999,20.662,8.594,1677.8764466128687,4811.8854,-662.6808,1443.8994
1434,70698,19.638749999999998,22.812964603488076,1.4289999999999998,21.067999999999998,8.633,1679.2180249995017,4814.0813,-661.5635,1441.7995
1435,70699,19.639027777777777,23.116546043905434,1.2959999999999998,21.523,8.334,1680.5596427920675,4816.2756,-660.4459,1439.6991999999998
1436,70700,19.639305555555556,23.47678455410792,0.6969999999999998,22.002000000000002,8.16,1681.9013783408423,4818.4684,-659.3281,1437.5984
1437,70701,19.639583333333334,23.68587872551914,0.4709999999999999,22.267000000000003,8.060999999999998,1683.2431355330496,4820.6596,-658.2101,1435.4971
1438,70702,19.63986111111111,23.784481264051145,0.8719999999999999,22.381,8.001999999999999,1684.5849126645367,4822.8492,-657.0919000000001,1433.3953
1439,70703,19.640138888888888,23.649749998678633,0.8869999999999999,22.359,7.654999999999999,1685.9267082148592,4825.037200000001,-655.9735,1431.2930000000001
1440,70704,19.640416666666663,22.804175187890483,0.6589999999999999,21.73,6.885,1687.2686445610839,4827.2237000000005,-654.8549,1429.1903
1441,70705,19.640694444444442,21.920899662194525,0.4509999999999999,21.021,6.2,1688.6104888843147,4829.4085,-653.736,1427.0871000000002
1442,70706,19.640972222222224,21.21410497758508,0.5569999999999998,20.324,6.055,1689.9524431320692,4831.5918,-652.6169,1424.9833999999998
1443,70707,19.64125,20.30199256230777,0.703,19.383000000000003,5.997999999999999,1691.2944514167698,4833.7735,-651.4977,1422.8793
1444,70708,19.641527777777775,19.584722872688292,0.5009999999999999,18.537,6.3,1692.6364462980625,4835.9536,-650.3781,1420.7747
1445,70709,19.641805555555557,18.835502063921737,0.14799999999999996,17.585,6.747,1693.9784644240383,4838.132100000001,-649.2583999999999,1418.6696
1446,70710,19.642083333333336,18.827969885253165,0.23199999999999998,17.375,7.249,1695.3204920992969,4840.308999999999,-648.1385,1416.5639999999999
1447,70711,19.64236111111111,19.063860626851,0.347,17.601999999999997,7.313000000000001,1696.662651015968,4842.4844,-647.0183999999999,1414.4579999999999
1448,70712,19.64263888888889,19.05173328072803,-0.03600000000000002,17.666,7.133,1698.0048441353606,4844.6582,-645.8981,1412.3516
1449,70713,19.642916666666668,18.935527164565556,-0.05800000000000003,17.560000000000002,7.085000000000001,1699.3470298191446,4846.830400000001,-644.7775,1410.2447
1450,70714,19.643194444444447,19.497429086933487,0.25299999999999995,18.096,7.254,1700.6892196475178,4849.000999999999,-643.6566999999999,1408.1372999999999
1451,70715,19.643472222222222,20.34826383257304,0.038999999999999944,18.944,7.428,1702.031547550885,4851.1701,-642.5358,1406.0295
1452,70716,19.64375,20.784898989410557,-0.556,19.407,7.420999999999999,1703.3737817637716,4853.3375,-641.4147,1403.9212
1453,70717,19.644027777777776,21.405673126533536,-0.8480000000000001,20.203,7.023000000000001,1704.7161133421778,4855.5034,-640.2932000000001,1401.8125
1454,70718,19.644305555555555,21.947274773875687,-0.7110000000000001,20.945,6.518000000000001,1706.058469154133,4857.6677,-639.1717,1399.7033
1455,70719,19.644583333333333,21.990559997417073,-0.5349999999999999,21.15,5.998,1707.4009323587773,4859.8305,-638.0499,1397.5937000000001
1456,70720,19.64486111111111,21.231360154262376,-0.19800000000000006,20.515,5.465,1708.7434191479683,4861.9917000000005,-636.9279,1395.4837
1457,70721,19.645138888888887,20.813090976594516,-0.006000000000000094,20.152,5.204,1710.08590085103,4864.1512999999995,-635.8057000000001,1393.3732
1458,70722,19.645416666666666,20.8629723912965,0.17999999999999994,20.244,5.041,1711.428471135228,4866.3094,-634.6832999999999,1391.2622
1459,70723,19.645694444444445,21.455945702765,0.586,20.781,5.307,1712.7710608242662,4868.4659,-633.5607,1389.1508
1460,70724,19.645972222222223,21.999228304647414,1.0539999999999998,21.267,5.529,1714.1136685940176,4870.620800000001,-632.4379000000001,1387.039
1461,70725,19.64625,22.19236593966493,1.797,21.339000000000002,5.824,1715.456238664731,4872.7741,-631.3149,1384.9266
1462,70726,19.646527777777777,22.548120697743304,2.247,21.537,6.287000000000001,1716.7989466117986,4874.9259,-630.1917000000001,1382.8138999999999
1463,70727,19.646805555555556,22.346344980779293,1.967,21.301,6.461999999999999,1718.141614587171,4877.0761,-629.0683,1380.7006
1464,70728,19.64708333333333,22.117246799726225,1.434,21.009,6.763,1719.484322083801,4879.224700000001,-627.9447,1378.587
1465,70729,19.647361111111113,22.497022491876564,1.609,21.402,6.744,1720.8271093910669,4881.3718,-626.8208999999999,1376.4729000000002
1466,70730,19.64763888888889,22.508445814849146,2.0469999999999997,21.532,6.2299999999999995,1722.169879802887,4883.5173,-625.6969,1374.3583
1467,70731,19.647916666666667,21.68452189927184,2.1719999999999997,20.791,5.765,1723.5126589842257,4885.6612,-624.5726999999999,1372.2432999999999
1468,70732,19.648194444444446,20.57404165447324,1.839,19.737000000000002,5.51,1724.8554452327658,4887.8035,-623.4483,1370.1279
1469,70733,19.64847222222222,19.78244537462444,1.4220000000000002,19.031,5.209999999999999,1726.1983062399984,4889.9443,-622.3236999999999,1368.012
1470,70734,19.64875,19.556803112983474,0.6699999999999999,18.752000000000002,5.5120000000000005,1727.541159610299,4892.083499999999,-621.1987999999999,1365.8957
1471,70735,19.64902777777778,19.457532860051913,-0.05400000000000005,18.613,5.67,1728.884124135261,4894.221199999999,-620.0738,1363.779
1472,70736,19.649305555555557,19.28898322877595,-0.23900000000000005,18.453,5.612,1730.2269680130776,4896.3572,-618.9485999999999,1361.6617999999999
1473,70737,19.649583333333332,19.515312372596036,-0.11600000000000003,18.644,5.765,1731.5699086267373,4898.4917,-617.8232,1359.5441999999998
1474,70738,19.649861111111107,19.465669395117136,0.25999999999999995,18.598,5.741,1732.9129173094111,4900.624699999999,-616.6976,1357.4261
1475,70739,19.650138888888886,19.300081191539068,0.42899999999999994,18.318,6.063,1734.2558282894613,4902.755999999999,-615.5717999999999,1355.3075999999999
1476,70740,19.650416666666665,20.277346004839984,-0.04800000000000001,19.124000000000002,6.741,1735.5988317296535,4904.8858,-614.4458,1353.1887
1477,70741,19.650694444444444,21.966162637110745,-0.8039999999999999,20.542,7.739,1736.941830361246,4907.014000000001,-613.3196,1351.0693999999999
1478,70742,19.65097222222222,23.312010016298466,-0.8109999999999999,21.637,8.639,1738.284892234511,4909.1407,-612.1931999999999,1348.9496
1479,70743,19.651249999999997,23.4971469331917,-0.7719999999999999,21.701,8.977,1739.6279469251967,4911.2658,-611.0666,1346.8294
1480,70744,19.651527777777776,22.676003924854133,-0.6709999999999998,21.087,8.312,1740.9710743941964,4913.3894,-609.9399,1344.7087
1481,70745,19.651805555555555,21.840894326927184,-0.611,20.580000000000002,7.287999999999999,1742.3141800402614,4915.5114,-608.8129,1342.5876
1482,70746,19.65208333333333,21.570695445441714,-0.6899999999999998,20.209,7.511,1743.6573699446985,4917.631899999999,-607.6857,1340.4661
1483,70747,19.652361111111112,21.755760823285407,-0.9129999999999999,20.146,8.162,1745.0005593541136,4919.7508,-606.5584,1338.3442
1484,70748,19.65263888888889,22.291492794337486,-1.3889999999999998,20.597,8.411,1746.343722965726,4921.868100000001,-605.4308,1336.2219
1485,70749,19.652916666666663,22.61428579460338,-1.452,21.107000000000003,7.987,1747.6869529034873,4923.9839,-604.3031,1334.0991
1486,70750,19.653194444444445,21.82262747700194,-1.1229999999999998,20.446,7.545,1749.0301663853438,4926.0981,-603.1752,1331.9759
1487,70751,19.65347222222222,20.58182299991913,-0.6789999999999998,19.381,6.894,1750.373457724382,4928.2108,-602.0471,1329.8523
1488,70752,19.65375,20.156958029424974,-0.7859999999999998,19.131,6.299999999999999,1751.7167299864698,4930.3219,-600.9188,1327.7283
1489,70753,19.654027777777777,20.559007198792454,-1.0979999999999999,19.663,5.901999999999999,1753.0600637623988,4932.431500000001,-599.7904000000001,1325.6037999999999
1490,70754,19.654305555555556,21.357564467888185,-1.2999999999999998,20.413999999999998,6.142,1754.403389861832,4934.5395,-598.6616999999999,1323.479
1491,70755,19.65458333333333,21.817541383024807,-0.8059999999999998,20.689999999999998,6.876,1755.7466928962156,4936.6459,-597.5328,1321.3538
1492,70756,19.65486111111111,21.629560536451034,-0.09499999999999983,20.791999999999998,5.96,1757.0900418562724,4938.7508,-596.4037000000001,1319.2280999999998
1493,70757,19.65513888888889,20.626312564295148,0.4040000000000002,19.923,5.325,1758.4333652073642,4940.8541,-595.2744,1317.1019999999999
1494,70758,19.655416666666664,19.984022167721893,0.7420000000000002,19.217000000000002,5.433,1759.7767690707492,4942.9559,-594.145,1314.9755
1495,70759,19.655694444444443,19.94960666278912,0.3910000000000002,19.105,5.7299999999999995,1761.120240799064,4945.0562,-593.0154,1312.8485999999998
1496,70760,19.65597222222222,20.75759092476774,0.012000000000000104,19.794,6.251,1762.463682965617,4947.1548999999995,-591.8856,1310.7213
1497,70761,19.65625,21.579775462223882,0.34400000000000014,20.423,6.962000000000001,1763.807165050941,4949.2521,-590.7556000000001,1308.5935000000002
1498,70762,19.656527777777775,22.116915404278238,0.7550000000000001,20.731,7.669,1765.1506150590599,4951.3477,-589.6254,1306.4652999999998
1499,70763,19.656805555555557,22.07169900574036,0.8880000000000001,20.547,8.012,1766.4940571044815,4953.4417,-588.495,1304.3368
1500,70764,19.657083333333333,21.7927652674001,0.9890000000000002,20.404000000000003,7.590999999999999,1767.8375466268044,4955.5342,-587.3645,1302.2078
1501,70765,19.657361111111108,21.1805568623679,0.7530000000000001,19.986,6.9719999999999995,1769.1810963195517,4957.6252,-586.2338000000001,1300.0784
1502,70766,19.65763888888889,20.994128393434202,0.6370000000000001,19.877000000000002,6.726999999999999,1770.524609066335,4959.7146,-585.1029,1297.9486
1503,70767,19.657916666666665,21.30266821316053,0.5650000000000002,20.332,6.332,1771.8681906820152,4961.8025,-583.9719,1295.8184
1504,70768,19.65819444444444,21.132679763816043,0.4920000000000001,20.219,6.127,1773.2117323192845,4963.8888,-582.8407,1293.6878000000002
1505,70769,19.658472222222223,20.764597443726185,0.41500000000000015,19.769,6.339,1774.555221872948,4965.9735,-581.7092,1291.5568
1506,70770,19.658749999999998,20.608034816546674,0.5730000000000002,19.729,5.927,1775.8987764109872,4968.0567,-580.5776,1289.4254
1507,70771,19.659027777777773,20.33308508318401,0.44600000000000006,19.608,5.3629999999999995,1777.2422877536592,4970.1383,-579.4458000000001,1287.2936000000002
1508,70772,19.659305555555555,19.908921894467316,0.6990000000000001,19.469,4.103,1778.5858504516734,4972.2184,-578.3138,1285.1614000000002
1509,70773,19.65958333333333,19.62195599322351,1.1400000000000001,19.286,3.4309999999999996,1779.9294741701196,4974.2970000000005,-577.1817,1283.0288
1510,70774,19.65986111111111,19.21320884183587,0.9720000000000001,18.883,3.411,1781.2730395838219,4976.374000000001,-576.0493,1280.8958
1511,70775,19.660138888888888,19.69093695079033,0.5250000000000001,19.342,3.653,1782.6166637565664,4978.4495,-574.9168,1278.7624
1512,70776,19.660416666666666,20.200484103110004,0.05500000000000007,19.767,4.162,1783.960345583373,4980.5235,-573.7841999999999,1276.6286
1513,70777,19.66069444444444,20.591586267211177,0.3360000000000001,20.145,4.252,1785.3039651259019,4982.5959,-572.6513,1274.4944
1514,70778,19.66097222222222,20.978098531563816,0.9790000000000001,20.556,4.071,1786.6476284234952,4984.6668,-571.5182,1272.3598
1515,70779,19.66125,21.328901917351487,1.762,20.938,3.6629999999999994,1787.991249349537,4986.7361,-570.385,1270.2248
1516,70780,19.661527777777774,21.151770162329203,1.599,20.817999999999998,3.3839999999999995,1789.3349115739948,4988.8039,-569.2515999999999,1268.0894
1517,70781,19.661805555555553,20.912713788506743,1.234,20.601,3.379,1790.67855312057,4990.8701,-568.1180999999999,1265.9537
1518,70782,19.662083333333335,20.4411704899695,0.943,20.061,3.809,1792.0222337195478,4992.9348,-566.9844,1263.8175999999999
1519,70783,19.66236111111111,20.132189622591973,0.7490000000000001,19.707,4.047,1793.365940954419,4994.998,-565.8504,1261.6811
1520,70784,19.662638888888885,20.46692514766202,1.27,19.990000000000002,4.205,1794.7095994435563,4997.0596,-564.7162999999999,1259.5441999999998
1521,70785,19.662916666666664,20.657855140357626,1.827,20.181,4.017,1796.053196746399,4999.1196,-563.582,1257.4069
1522,70786,19.663194444444443,20.217181405923032,2.012,19.774,3.6980000000000004,1797.3968282917692,5001.178099999999,-562.4475,1255.2692000000002
1523,70787,19.663472222222218,19.444019620438567,1.8190000000000002,19.053,3.4270000000000005,1798.7405274751632,5003.2351,-561.3129,1253.1312
1524,70788,19.66375,18.989697127653198,1.358,18.687,3.0919999999999996,1800.0842343346121,5005.2906,-560.1781,1250.9927
1525,70789,19.664027777777775,19.238092732908843,1.076,18.93,3.2560000000000002,1801.4279956363775,5007.344599999999,-559.0431,1248.8539
1526,70790,19.66430555555555,19.81559554997023,1.483,19.413,3.687,1802.771689600384,5009.397,-557.9078999999999,1246.7147
1527,70791,19.664583333333333,20.38751149601147,2.0300000000000002,19.985999999999997,3.4769999999999994,1804.1154218776405,5011.4479,-556.7726,1244.5751
1528,70792,19.664861111111108,20.806747319078973,1.8030000000000002,20.43,3.505,1805.4591812152314,5013.497300000001,-555.6371,1242.4351000000001
1529,70793,19.665138888888887,21.07414707645365,1.585,20.714999999999996,3.535,1806.8028802502922,5015.5451,-554.5015,1240.2947
1530,70794,19.665416666666665,20.54740088186338,1.467,20.313,2.725,1808.1466143559876,5017.591399999999,-553.3657999999999,1238.1539
1531,70795,19.665694444444444,20.134795603631044,1.483,19.992,1.879,1809.4903952018838,5019.6362,-552.2299,1236.0128
1532,70796,19.66597222222222,20.270122495929815,1.8039999999999998,20.134999999999998,1.485,1810.8341252089836,5021.6794,-551.0938,1233.8714
1533,70797,19.66625,20.770842062853397,1.9899999999999998,20.592,1.8539999999999999,1812.1778520206815,5023.721100000001,-549.9575,1231.7295
1534,70798,19.666527777777777,20.78414496677696,1.971,20.596,1.975,1813.5215362192844,5025.761199999999,-548.8211,1229.5873
1535,70799,19.666805555555555,20.388671903780292,1.381,20.266,1.7550000000000001,1814.8652152091522,5027.7998,-547.6845,1227.4446
1536,70800,19.667083333333334,19.79383451987007,0.748,19.71,1.659,1816.2089451357092,5029.8369,-546.5478,1225.3016
1537,70801,19.667361111111113,19.98082213023278,0.2890000000000001,19.936,1.306,1817.5526802878528,5031.8724999999995,-545.4107999999999,1223.1581999999999
1538,70802,19.66763888888889,20.376301651673693,0.558,20.336000000000002,1.153,1818.896367561218,5033.9065,-544.2737,1221.0145
1539,70803,19.667916666666667,20.470140131420692,0.781,20.424,1.1300000000000001,1820.240068314751,5035.939,-543.1364000000001,1218.8704
1540,70804,19.668194444444445,20.563143096326495,0.8260000000000002,20.503,1.3370000000000002,1821.583804707945,5037.97,-541.9989,1216.726
1541,70805,19.668472222222224,20.29387713079982,0.6900000000000002,20.175,2.082,1822.927442446391,5039.9994,-540.8613,1214.5810999999999
1542,70806,19.668750000000003,20.351401819039392,0.6140000000000001,20.168,2.6559999999999997,1824.2711869138373,5042.0274,-539.7235,1212.4358
1543,70807,19.669027777777778,20.161408532143778,0.6030000000000001,20.063,1.8960000000000001,1825.6148667393638,5044.0538,-538.5854999999999,1210.2902
1544,70808,19.66930555555556,20.47698720515301,0.6240000000000001,20.405,1.598,1826.958564404052,5046.0787,-537.4474,1208.1442000000002
1545,70809,19.669583333333335,20.392626657691746,1.315,20.301000000000002,1.4140000000000001,1828.302228272122,5048.102000000001,-536.3092,1205.998
1546,70810,19.66986111111111,20.568151812936424,2.096,20.418,1.3270000000000002,1829.6459607271208,5050.1239000000005,-535.1707,1203.8513
1547,70811,19.67013888888889,19.860635765251825,2.614,19.663999999999998,0.9690000000000001,1830.9896335439983,5052.144200000001,-534.0321000000001,1201.7043
1548,70812,19.670416666666668,18.992992655187336,2.975,18.748,0.629,1832.333319216746,5054.1630000000005,-532.8934,1199.5569
1549,70813,19.670694444444447,18.299730872337985,3.1580000000000004,18.025,-0.08099999999999996,1833.6769099462283,5056.1802,-531.7545,1197.4091
1550,70814,19.670972222222225,18.475370334583285,2.9680000000000004,18.234,-0.22699999999999995,1835.0205011626094,5058.1959,-530.6154,1195.2609
1551,70815,19.67125,19.47179277827288,2.755,19.259999999999998,-0.7829999999999999,1836.3642114296053,5060.2101999999995,-529.4761000000001,1193.1124
1552,70816,19.671527777777776,19.655337544799377,2.369,19.407,-2.022,1837.70785597094,5062.2229,-528.3367000000001,1190.9636
1553,70817,19.671805555555558,19.84407420365082,2.056,19.607,-2.264,1839.0515074613038,5064.2341,-527.1972000000001,1188.8144
1554,70818,19.672083333333333,19.84243261296356,2.3920000000000003,19.572,-2.222,1840.3951773347185,5066.243799999999,-526.0575,1186.6649
1555,70819,19.672361111111112,20.158479630170525,2.508,19.746,-3.189,1841.7388190017805,5068.2519999999995,-524.9176,1184.5149000000001
1556,70820,19.67263888888889,20.107781379356602,2.246,19.516000000000002,-4.29,1843.0824127034334,5070.258599999999,-523.7776,1182.3647
1557,70821,19.67291666666667,20.097269316999263,2.037,19.652,-3.6809999999999996,1844.4259760088103,5072.2636999999995,-522.6374,1180.214
1558,70822,19.673194444444444,20.359497759031285,1.9080000000000001,19.923,-3.7340000000000004,1845.7695528010786,5074.2672999999995,-521.497,1178.0629999999999
1559,70823,19.673472222222223,20.57863877908352,1.765,20.085,-4.117999999999999,1847.1131521317152,5076.2694,-520.3565,1175.9117
1560,70824,19.673750000000002,20.490992289296287,1.6030000000000002,19.93,-4.484,1848.4567726003183,5078.2699999999995,-519.2158999999999,1173.7601
1561,70825,19.67402777777778,19.898611760622902,1.457,19.349,-4.409999999999999,1849.8002936332136,5080.269,-518.0752,1171.6081
1562,70826,19.674305555555556,19.899508184877334,1.861,19.552,-3.2010000000000005,1851.1438010518807,5082.2665,-516.9343,1169.4557
1563,70827,19.674583333333334,19.665673799796437,2.45,19.351,-2.505,1852.4873159992335,5084.2625,-515.7932,1167.303
1564,70828,19.674861111111113,19.3977773984547,2.19,19.082,-2.712,1853.8308151223864,5086.2570000000005,-514.6519000000001,1165.1499
1565,70829,19.67513888888889,19.034109934535948,1.746,18.829,-2.1719999999999997,1855.1743294008488,5088.25,-513.5105,1162.9965000000002
1566,70830,19.67541666666667,18.70754687285321,1.5130000000000001,18.529999999999998,-2.0789999999999997,1856.5178350640022,5090.2415,-512.3689999999999,1160.8427
1567,70831,19.675694444444446,18.53067958818564,1.474,18.279,-2.6630000000000003,1857.8613657352805,5092.2315,-511.2273,1158.6887000000002
1568,70832,19.67597222222222,17.947159580278992,1.325,17.736,-2.404,1859.204885482371,5094.22,-510.0855,1156.5343
1569,70833,19.676250000000003,17.71596215281575,1.2810000000000001,17.573,-1.845,1860.54838377244,5096.207,-508.94350000000003,1154.3795
1570,70834,19.67652777777778,17.83348942299291,1.4890000000000003,17.732,-1.18,1861.8917839628564,5098.1924,-507.80129999999997,1152.2244
1571,70835,19.676805555555557,17.835710639052206,1.9270000000000003,17.706,-0.9470000000000001,1863.2352793478487,5100.1764,-506.6589,1150.069
1572,70836,19.677083333333336,17.06819099963438,1.6700000000000004,16.938,-1.28,1864.5786624148902,5102.1588,-505.5164000000001,1147.9132000000002
1573,70837,19.67736111111111,16.958044315309476,0.8070000000000002,16.857,-1.6629999999999998,1865.9220505058797,5104.1397,-504.3738,1145.7571
1574,70838,19.67763888888889,17.333693807149128,0.5160000000000002,17.243000000000002,-1.6939999999999997,1867.265442721807,5106.1191,-503.23109999999997,1143.6007000000002
1575,70839,19.67791666666667,17.653570375422646,0.4810000000000002,17.581,-1.525,1868.6088066326101,5108.097,-502.08820000000003,1141.4438999999998
1576,70840,19.678194444444447,17.76425191219715,0.45100000000000023,17.734,-0.933,1869.9521624719187,5110.073399999999,-500.9451000000001,1139.2868
1577,70841,19.678472222222222,18.13263579847122,0.6340000000000002,18.117,-0.40599999999999997,1871.2955064223795,5112.0483,-499.80199999999996,1137.1293
1578,70842,19.67875,19.028914341075794,0.6990000000000002,19.008,-0.5539999999999999,1872.6388186618271,5114.021699999999,-498.65869999999995,1134.9714
1579,70843,19.67902777777778,19.796024373595824,0.6860000000000003,19.784,-0.07299999999999995,1873.9821505282157,5115.9936,-497.5153,1132.8133
1580,70844,19.679305555555555,19.5303994326793,0.4540000000000003,19.525,0.06900000000000006,1875.3254481341653,5117.964,-496.37170000000003,1130.6548
1581,70845,19.679583333333333,19.516256044641345,0.31600000000000017,19.512999999999998,-0.16499999999999995,1876.6686228802203,5119.9328000000005,-495.22800000000007,1128.4959
1582,70846,19.679861111111116,20.16126102206903,0.0750000000000002,20.160999999999998,0.07000000000000006,1878.0119013619108,5121.9002,-494.0840999999999,1126.3367999999998
1583,70847,19.68013888888889,20.47703340330332,0.3480000000000002,20.448,1.0330000000000001,1879.3551514404985,5123.8661,-492.9401,1124.1772999999998
1584,70848,19.680416666666666,19.806110117839896,0.8030000000000002,19.741999999999997,1.375,1880.698384190743,5125.8305,-491.79589999999996,1122.0175
1585,70849,19.680694444444445,18.888417879748424,1.1150000000000002,18.817,1.204,1882.0416081022838,5127.7934,-490.6516,1119.8574
1586,70850,19.680972222222223,18.653807144923526,0.9860000000000001,18.59,1.185,1883.384703045896,5129.7547,-489.5072,1117.6969
1587,70851,19.68125,18.45798293422117,0.5370000000000001,18.442,0.5490000000000002,1884.727865202304,5131.7146,-488.3625,1115.5360999999998
1588,70852,19.68152777777778,18.4781941487798,0.25900000000000006,18.463,0.7030000000000001,1886.070917589109,5133.6729,-487.21770000000004,1113.375
1589,70853,19.681805555555556,18.804184560889635,0.3580000000000001,18.788,0.693,1887.4139256916374,5135.6296999999995,-486.0727,1111.2135
1590,70854,19.68208333333333,19.305288860827748,0.4990000000000001,19.296,0.331,1888.7570252576036,5137.585099999999,-484.9276999999999,1109.0517
1591,70855,19.682361111111113,19.295877098489203,0.3880000000000001,19.277,0.76,1890.1001204079028,5139.539,-483.78249999999997,1106.8897000000002
1592,70856,19.68263888888889,19.01168559070973,0.8080000000000002,18.987000000000002,0.534,1891.4431771636798,5141.4914,-482.6372,1104.7273
1593,70857,19.682916666666667,19.01160424582839,1.1460000000000001,18.976000000000003,-0.19799999999999993,1892.7862060572418,5143.442300000001,-481.49170000000004,1102.5646000000002
1594,70858,19.683194444444446,19.51602123897184,1.1920000000000002,19.470000000000002,-0.611,1894.1291944254021,5145.3917,-480.34610000000004,1100.4015
1595,70859,19.683472222222225,20.042658381562063,1.3950000000000002,19.987000000000002,-0.5309999999999999,1895.4721530011989,5147.3396,-479.20029999999997,1098.2381
1596,70860,19.68375,20.213968511897903,1.875,20.107,-0.893,1896.815089336114,5149.286,-478.0544,1096.0744
1597,70861,19.68402777777778,20.044914791537526,2.0000000000000004,19.935,-0.6279999999999999,1898.1580024821124,5151.2309000000005,-476.9084,1093.9104
1598,70862,19.684305555555557,19.73755466110227,1.9140000000000001,19.601999999999997,-1.2920000000000003,1899.5008822267155,5153.174300000001,-475.76219999999995,1091.7460999999998
1599,70863,19.684583333333336,19.335173596324392,1.6480000000000004,19.197,-1.6149999999999998,1900.8437364175793,5155.1161999999995,-474.61589999999995,1089.5814999999998
1600,70864,19.68486111111111,18.892762476673443,2.184,18.673000000000002,-1.8670000000000002,1902.1865546741271,5157.056600000001,-473.46940000000006,1087.4166
1601,70865,19.68513888888889,18.745096985612,2.556,18.318,-3.0490000000000004,1903.5293243852634,5158.9955,-472.32280000000003,1085.2513
1602,70866,19.685416666666665,18.83122861100677,2.447,18.281,-3.7990000000000004,1904.8720650579205,5160.9329,-471.17609999999996,1083.0857
1603,70867,19.685694444444444,18.950508225374854,2.4530000000000003,18.323,-4.168,1906.2147665111363,5162.868799999999,-470.02919999999995,1080.9198
1604,70868,19.685972222222222,19.704099319684723,2.371,19.107999999999997,-4.1850000000000005,1907.5574367061404,5164.803199999999,-468.8822,1078.7536
1605,70869,19.686249999999998,20.155242320547774,1.8820000000000001,19.563,-4.47,1908.9000744745044,5166.7361,-467.73510000000005,1076.5871
1606,70870,19.686527777777776,20.634246630298865,1.2890000000000001,19.982,-4.9830000000000005,1910.2427670557233,5168.667599999999,-466.5878000000001,1074.4203000000002
1607,70871,19.686805555555555,21.032784171383497,0.7770000000000001,20.380000000000003,-5.141,1911.5853070633943,5170.5975,-465.44040000000007,1072.2531
1608,70872,19.687083333333334,21.010319607278706,0.6630000000000003,20.46,-4.731,1912.9279286636124,5172.526,-464.29290000000003,1070.0857
1609,70873,19.687361111111112,20.372269902983316,0.7000000000000002,19.869999999999997,-4.441,1914.2705906514093,5174.453100000001,-463.1453,1067.9179
1610,70874,19.68763888888889,19.789966700325696,0.22300000000000017,19.401999999999997,-3.893,1915.6131164961832,5176.378600000001,-461.9976,1065.7498
1611,70875,19.68791666666667,19.542342694774337,0.00500000000000016,19.241999999999997,-3.4130000000000003,1916.955691939716,5178.302699999999,-460.8496999999999,1063.5814
1612,70876,19.688194444444445,19.489057057743967,-0.06199999999999985,19.244999999999997,-3.0740000000000003,1918.2982181317616,5180.2253,-459.70160000000004,1061.4126999999999
1613,70877,19.688472222222224,19.26835013694738,0.02500000000000018,19.124000000000002,-2.354,1919.6407110326768,5182.1464,-458.5535,1059.2437
1614,70878,19.688750000000002,18.691537363202634,0.2340000000000002,18.603,-1.8020000000000003,1920.9831525356483,5184.066,-457.4052,1057.0744
1615,70879,19.689027777777778,18.656978185118835,0.2890000000000002,18.615000000000002,-1.217,1922.325550028639,5185.9841,-456.2568,1054.9047999999998
1616,70880,19.689305555555556,18.628012320159122,0.5010000000000002,18.619,0.2909999999999998,1923.6679022486867,5187.9007,-455.1083,1052.7349
1617,70881,19.68958333333333,18.36077125286408,1.1740000000000002,18.267,1.4339999999999997,1925.0103171110645,5189.8159,-453.9596,1050.5647999999999
1618,70882,19.68986111111111,18.23885363722183,1.3150000000000002,17.989,2.706,1926.3526645409759,5191.729600000001,-452.81080000000003,1048.3943
1619,70883,19.69013888888889,18.555485684831858,1.076,18.233,3.272,1927.694877116385,5193.6417,-451.66179999999997,1046.2236
1620,70884,19.690416666666664,19.290822818117423,0.6680000000000001,18.913999999999998,3.7349999999999994,1929.037117824059,5195.5524,-450.51270000000005,1044.0525
1621,70885,19.690694444444443,19.838789554809033,0.6990000000000002,19.279,4.627,1930.3793273433978,5197.4616000000005,-449.36350000000004,1041.8812
1622,70886,19.69097222222222,20.092237953996065,0.804,19.351,5.3469999999999995,1931.7214848881717,5199.3693,-448.2142,1039.7096
1623,70887,19.69125,19.969466442546732,0.866,19.153,5.584999999999999,1933.063659053565,5201.2756,-447.0647,1037.5376
1624,70888,19.691527777777775,19.73035623094525,0.48500000000000004,18.716,6.225999999999999,1934.4057984216865,5203.180399999999,-445.9151,1035.3654
1625,70889,19.691805555555554,19.73169848239122,0.022000000000000065,18.604,6.575,1935.7478823517372,5205.0837,-444.76540000000006,1033.1929
1626,70890,19.692083333333336,19.695429342870394,-0.1979999999999999,18.702,6.173,1937.0899991867639,5206.9856,-443.6155,1031.0201
1627,70891,19.69236111111111,19.997175550562133,-0.5529999999999999,19.185,5.614,1938.4319496567118,5208.885899999999,-442.4656,1028.8469
1628,70892,19.692638888888887,20.18383625577655,-0.5009999999999999,19.558999999999997,4.958,1939.77385225418,5210.7847,-441.31550000000004,1026.6735
1629,70893,19.69291666666667,20.392108473622827,-0.08199999999999985,19.791999999999998,4.91,1941.1157928032505,5212.6821,-440.1653,1024.4998
1630,70894,19.693194444444448,20.12157138495898,0.46500000000000014,19.429000000000002,5.212999999999999,1942.4577621878896,5214.5781,-439.0149,1022.3258
1631,70895,19.693472222222223,19.851780297998467,0.13600000000000015,18.854000000000003,6.213,1943.7995714165622,5216.4725,-437.86440000000005,1020.1514999999999
1632,70896,19.69375,20.241933800899556,-0.4179999999999998,18.718,7.694,1945.1414153271573,5218.3655,-436.7138,1017.9769
1633,70897,19.69402777777778,20.5262429587102,-0.8679999999999998,18.351000000000003,9.155,1946.4832141258007,5220.257,-435.5631,1015.8021000000001
1634,70898,19.69430555555555,20.71727675154242,-1.1139999999999999,18.112000000000002,9.996,1947.82492836339,5222.147,-434.41229999999996,1013.6269
1635,70899,19.694583333333334,20.94893195368203,-0.8809999999999999,17.655,11.241999999999999,1949.1666846338521,5224.0356,-433.2613,1011.4514999999999
1636,70900,19.69486111111111,21.859638194627102,-0.7009999999999998,17.534,13.035,1950.508275509124,5225.9226,-432.11019999999996,1009.2758
1637,70901,19.695138888888888,22.343579860890692,-0.3789999999999999,17.464000000000002,13.931999999999999,1951.8498956025644,5227.8082,-430.959,1007.0998
1638,70902,19.695416666666667,22.327726395672265,-0.3729999999999999,17.374,14.019,1953.1915435050644,5229.6924,-429.8077,1004.9235000000001
1639,70903,19.695694444444445,22.607183150494446,-1.001,17.5,14.277000000000001,1954.5331205398463,5231.5751,-428.6563,1002.7468999999999
1640,70904,19.69597222222222,23.439438858470993,-1.5869999999999997,17.767,15.206,1955.8746444681917,5233.4563,-427.5048,1000.5701000000001
1641,70905,19.69625,24.072713785529043,-1.5070000000000001,17.86,16.07,1957.2161928232867,5235.3361,-426.3532,998.393
1642,70906,19.696527777777778,24.00813472554667,-1.21,17.743000000000002,16.127999999999997,1958.5575611897432,5237.2143,-425.20140000000004,996.2156000000001
1643,70907,19.696805555555553,24.198710110251746,-1.7309999999999999,18.361,15.667000000000002,1959.8989520792215,5239.0911,-424.04949999999997,994.0378999999999
1644,70908,19.69708333333333,24.33749241396903,-1.499,18.794,15.39,1961.2402772030134,5240.9664,-422.8974,991.86
1645,70909,19.69736111111111,23.96003975372328,-0.9570000000000001,18.869999999999997,14.734,1962.5816120826887,5242.8403,-421.74529999999993,989.6817000000001
1646,70910,19.69763888888889,22.95675774145818,-1.1489999999999998,18.562,13.459,1963.922868413721,5244.7127,-420.59309999999994,987.5031000000001
1647,70911,19.697916666666668,22.472676075625703,-1.8049999999999997,18.173,13.095999999999998,1965.26415371952,5246.5837,-419.4407,985.3243
1648,70912,19.698194444444443,21.937789792957723,-2.0780000000000003,17.564,12.979,1966.605358085491,5248.4532,-418.28819999999996,983.1451999999999
1649,70913,19.698472222222225,21.403199200119595,-1.752,17.246000000000002,12.553999999999998,1967.946498781193,5250.3212,-417.13559999999995,980.9658999999999
1650,70914,19.69875,20.731039240713432,-1.5939999999999999,17.124000000000002,11.576,1969.2875564703584,5252.1877,-415.9829,978.7863
1651,70915,19.69902777777778,20.188083316649948,-2.058,17.288,10.219999999999999,1970.6285222343226,5254.0527,-414.83000000000004,976.6064
1652,70916,19.699305555555558,19.644230934297223,-2.178,17.227,9.186,1971.9696068995813,5255.9164,-413.6771,974.4261999999999
1653,70917,19.699583333333333,18.786636633522242,-1.6199999999999999,16.599999999999998,8.645999999999999,1973.3105176410168,5257.7785,-412.524,972.2458
1654,70918,19.69986111111111,17.941518887764214,-1.64,16.02,7.909999999999999,1974.6514466905596,5259.6392,-411.3709,970.0651
1655,70919,19.70013888888889,17.603537229772886,-1.7710000000000001,15.869,7.411,1975.9922978164439,5261.4983999999995,-410.21759999999995,967.8841999999999
1656,70920,19.700416666666666,17.554306821973913,-1.204,15.745999999999999,7.6659999999999995,1977.333157678863,5263.3562,-409.0642,965.7029999999999
1657,70921,19.700694444444444,17.40261753300348,-0.47400000000000003,15.655000000000001,7.586,1978.6739271034553,5265.2125,-407.9107,963.5215000000001
1658,70922,19.700972222222223,17.715933308747807,-0.225,15.937999999999999,7.731999999999999,1980.014604823115,5267.067300000001,-406.7571,961.3397000000001
1659,70923,19.701249999999998,17.980156005997276,0.189,16.008,8.184999999999999,1981.3552802737722,5268.9207,-405.6033,959.1576000000001
1660,70924,19.701527777777777,17.75332273125231,1.36,15.428,8.678,1982.6958796890772,5270.7726,-404.4494,956.9753000000001
1661,70925,19.701805555555556,16.554337256441286,2.408,14.273,8.033,1984.0364899544643,5272.6231,-403.2955,954.7927
1662,70926,19.70208333333333,15.943301195172848,1.75,14.392,6.633,1985.3770147929026,5274.4721,-402.1414,952.6099
1663,70927,19.70236111111111,15.775002345483188,0.8230000000000001,14.773000000000001,5.471,1986.717540654332,5276.3197,-400.9872,950.4268
1664,70928,19.702638888888888,15.695446154856512,1.111,14.895000000000001,4.822,1988.057968426993,5278.1658,-399.8329,948.2434000000001
1665,70929,19.702916666666667,15.924522284828516,1.583,15.24,4.339,1989.3983145798506,5280.010400000001,-398.6785,946.0598000000002
1666,70930,19.703194444444442,15.570048972305774,1.2670000000000001,15.060000000000002,3.7439999999999998,1990.7386591002985,5281.8536,-397.524,943.8759
1667,70931,19.703472222222224,15.409498921120052,0.48299999999999993,15.062000000000001,3.218,1992.0789199330284,5283.6953,-396.3693999999999,941.6918
1668,70932,19.70375,15.710387837351439,-0.14099999999999993,15.282,3.6409999999999996,1993.4191867439142,5285.5356,-395.2146,939.5074999999999
1669,70933,19.704027777777775,14.954303093089965,-0.755,14.710000000000003,2.584,1994.759357577809,5287.374400000001,-394.0598,937.3228999999999
1670,70934,19.704305555555553,15.640568851547567,-1.8310000000000002,15.447999999999999,1.623,1996.0995219819147,5289.2118,-392.9049,935.1379999999999
1671,70935,19.704583333333332,16.607432944317434,-3.154,16.173000000000002,2.072,1997.4396721197268,5291.0478,-391.7498,932.9528
1672,70936,19.70486111111111,16.44320759462703,-2.876,15.772,3.654,1998.7797330982721,5292.8823,-390.5946,930.7674000000001
1673,70937,19.70513888888889,14.763776413912533,-2.662,13.982999999999999,3.9190000000000005,2000.119693692722,5294.7153,-389.43940000000003,928.5817000000001
1674,70938,19.705416666666668,14.787026239240939,-3.188,13.695000000000002,4.576,2001.4596539246036,5296.5469,-388.284,926.3958
1675,70939,19.70569444444444,13.507259159429791,-4.037000000000001,12.035,4.616,2002.7996025625318,5298.3771,-387.1285,924.2095999999999
1676,70940,19.705972222222222,13.532002401714243,-4.739,11.722,4.822,2004.1394579784228,5300.2058,-385.9729,922.0232
1677,70941,19.706249999999997,12.660970697383359,-4.631,10.543000000000001,5.263,2005.479299886811,5302.0331,-384.81719999999996,919.8365
1678,70942,19.706527777777776,11.962950388595617,-5.085,9.574000000000002,5.059,2006.8190290878688,5303.8589,-383.6614,917.6495000000001
1679,70943,19.706805555555555,11.894375351400344,-5.82,8.534,5.897,2008.1587596807876,5305.6833,-382.5055,915.4623000000001
1680,70944,19.707083333333333,11.406464570584523,-6.236000000000001,7.292999999999999,6.167,2009.498392130229,5307.506200000001,-381.3495,913.2749
1681,70945,19.70736111111111,10.333652306904852,-5.42,6.667,5.741,2010.837925910381,5309.3276,-380.1934,911.0872999999999
1682,70946,19.707638888888887,9.142258965923029,-4.659,5.957000000000001,5.137,2012.1774410185983,5311.147599999999,-379.03720000000004,908.8994
1683,70947,19.707916666666666,9.886866085873724,-4.086,6.7540000000000004,5.953,2013.5169364849273,5312.9662,-377.8809,906.7112000000001
1684,70948,19.70819444444444,10.346468914562108,-4.373,6.447,6.809,2014.8563296029054,5314.7833,-376.7245,904.5228
1685,70949,19.708472222222223,11.688661899464798,-4.380999999999999,6.8340000000000005,8.41,2016.1956026852727,5316.5989,-375.56800000000004,902.3341
1686,70950,19.70875,11.89453496358727,-3.5489999999999995,6.960000000000001,8.969000000000001,2017.534869831047,5318.4131,-374.4114,900.1451999999999
1687,70951,19.709027777777777,12.399767457496935,-2.903,7.57,9.382,2018.8741298670525,5320.2258999999995,-373.2547,897.9561
1688,70952,19.709305555555556,12.784813999429167,-1.939,8.192,9.622,2020.2133654035922,5322.0373,-372.0979,895.7666999999999
1689,70953,19.70958333333333,13.553601809113324,-1.037,9.103,9.988,2021.5524930145334,5323.847199999999,-370.941,893.5771000000001
1690,70954,19.709861111111113,14.363342299061177,-0.325,9.581,10.696000000000002,2022.8915935934697,5325.6557,-369.784,891.3871999999999
1691,70955,19.71013888888889,14.564769960421621,-1.218,8.97,11.41,2024.2306829658537,5327.4628,-368.6269,889.1971
1692,70956,19.710416666666667,15.436697865800188,-2.473,9.094000000000001,12.226,2025.5696453329335,5329.2684,-367.4697,887.0067000000001
1693,70957,19.710694444444446,16.969914643273842,-3.3689999999999998,10.159,13.169,2026.9085120015357,5331.0725,-366.3124,884.8162
1694,70958,19.71097222222222,17.420010017218704,-2.858,11.308,12.939000000000002,2028.2474300755196,5332.8753,-365.15500000000003,882.6252999999999
1695,70959,19.71125,17.88035139475732,-2.4059999999999997,12.619,12.437000000000001,2029.5862341686934,5334.676600000001,-363.9975,880.4342
1696,70960,19.71152777777778,18.355055570605064,-2.2299999999999995,13.338,12.411,2030.925021600545,5336.4765,-362.83990000000006,878.2429
1697,70961,19.711805555555557,18.475068281335254,-1.9979999999999998,13.559999999999999,12.388000000000002,2032.263692719326,5338.2749,-361.6822,876.0514000000001
1698,70962,19.712083333333332,18.41535134066141,-1.4099999999999997,13.549000000000001,12.392,2033.6022469432469,5340.0718,-360.5244,873.8597
1699,70963,19.712361111111107,19.203557873477507,-1.6689999999999998,14.706999999999999,12.235000000000001,2034.9407649925229,5341.8673,-359.3665,871.6677
1700,70964,19.712638888888886,19.612756919923317,-2.357,15.383,11.936,2036.2792462544905,5343.6614,-358.2085,869.4753999999999
1701,70965,19.712916666666665,22.10072186603868,-1.9809999999999999,18.145000000000003,12.461000000000002,2037.6176071508648,5345.454,-357.05039999999997,867.2828999999999
1702,70966,19.713194444444444,23.638199381509583,-1.623,19.905,12.646,2038.9559518748563,5347.245199999999,-355.89230000000003,865.0902
1703,70967,19.71347222222222,23.029363365060707,-0.31599999999999995,19.660000000000004,11.989,2040.2942499291355,5349.035000000001,-354.734,862.8972
1704,70968,19.713749999999997,23.028839419302052,-0.30499999999999994,19.814,11.732000000000001,2041.6324406575345,5350.8233,-353.5756,860.7040999999999
1705,70969,19.71402777777778,23.304145489590475,-1.1069999999999998,20.302,11.388000000000002,2042.9707037361618,5352.6103,-352.4171,858.5108
1706,70970,19.714305555555555,23.42266758932466,-1.7329999999999999,20.532,11.138,2044.3088254214647,5354.3958,-351.2585,856.3172000000001
1707,70971,19.71458333333333,24.10938367109371,-2.4299999999999997,21.18,11.259,2045.646903153549,5356.1799,-350.0998,854.1233
1708,70972,19.714861111111112,24.853997143316807,-3.543,22.11,10.785,2046.9849582654358,5357.9626,-348.9411,851.9291999999999
1709,70973,19.71513888888889,24.73226653584341,-3.3600000000000003,22.348,10.047999999999998,2048.3229830631913,5359.7438999999995,-347.7823,849.7349
1710,70974,19.715416666666666,25.23105984694262,-3.373,23.264000000000003,9.166,2049.6608719838196,5361.5237,-346.6233,847.5404000000001
1711,70975,19.715694444444445,24.53907981159848,-2.883,23.157,7.589999999999999,2050.9987194094247,5363.3021,-345.4643,845.3456
1712,70976,19.715972222222224,24.21125087640042,-2.5709999999999997,23.192,6.458,2052.336434919257,5365.079,-344.30519999999996,843.1505999999999
1713,70977,19.716249999999995,25.28973485428426,-3.253,24.326,6.101999999999999,2053.67421479369,5366.8546,-343.146,840.9554
1714,70978,19.716527777777777,25.561771945622237,-3.061,24.692,5.86,2055.0118606458163,5368.628699999999,-341.98670000000004,838.76
1715,70979,19.716805555555553,25.925247057646338,-2.541,25.255000000000003,5.276999999999999,2056.34936233755,5370.4012999999995,-340.8274,836.5643
1716,70980,19.71708333333333,25.998896918907924,-2.129,25.5,4.6,2057.6868267866657,5372.1725,-339.668,834.3684
1717,70981,19.71736111111111,25.343252533958623,-1.952,24.988000000000003,3.751,2059.024252882996,5373.942300000001,-338.5085,832.1723
1718,70982,19.71763888888889,24.87165231744767,-0.8099999999999999,24.525,4.058,2060.3616394358323,5375.7107000000005,-337.3489,829.976
1719,70983,19.717916666666664,24.700136133228092,0.05500000000000016,24.274,4.5680000000000005,2061.6988656028925,5377.4776,-336.18909999999994,827.7794
1720,70984,19.718194444444443,24.058359254113732,0.807,23.576,4.725,2063.0360716470213,5379.243100000001,-335.02930000000003,825.5827000000002
1721,70985,19.71847222222222,23.21366321802744,0.6440000000000001,22.732,4.66,2064.3732351863846,5381.007200000001,-333.8694,823.3858
1722,70986,19.718749999999996,23.182041044739783,0.7050000000000001,22.619,5.029,2065.7103550398656,5382.7699,-332.7094,821.1887
1723,70987,19.719027777777775,23.000593818421297,0.9960000000000001,22.336,5.398,2067.0473168905237,5384.5311,-331.5493,818.9913
1724,70988,19.719305555555554,22.616397458481313,0.7430000000000001,22.016,5.122999999999999,2068.3843377202775,5386.290999999999,-330.38919999999996,816.7937
1725,70989,19.719583333333333,21.996934786465136,0.9700000000000001,21.272,5.516,2069.7213060290132,5388.0495,-329.2289,814.5959
1726,70990,19.719861111111108,21.428552190943744,0.8939999999999999,20.758,5.243,2071.0581281635855,5389.806500000001,-328.0685,812.3978999999999
1727,70991,19.72013888888889,21.692288237989093,0.596,21.157,4.752,2072.394901766473,5391.5621,-326.908,810.1997
1728,70992,19.720416666666665,21.424158373201035,-0.31199999999999994,21.057,3.9370000000000003,2073.731518182288,5393.316199999999,-325.7475,808.0011999999999
1729,70993,19.72069444444444,21.819051056358983,-0.6779999999999999,21.448,3.9490000000000003,2075.0682035633704,5395.0689999999995,-324.58700000000005,805.8026
1730,70994,19.720972222222223,22.06711002827511,-0.4999999999999999,21.750999999999998,3.688,2076.4048224469893,5396.8204,-323.4264,803.6037
1731,70995,19.721249999999998,22.712842006230748,-0.30199999999999994,22.288,4.362,2077.7412841673868,5398.570299999999,-322.2656,801.4046000000001
1732,70996,19.721527777777776,22.68356896522238,-0.0259999999999999,22.282999999999998,4.244,2079.0777765223556,5400.3189,-321.1047,799.2052000000001
1733,70997,19.721805555555555,22.816683939608755,-0.23699999999999993,22.556,3.4309999999999996,2080.4141361080874,5402.066000000001,-319.9438,797.0056999999999
1734,70998,19.72208333333333,23.236609670948127,-0.34199999999999997,23.011,3.2119999999999997,2081.750419728989,5403.8117,-318.7827,794.8059000000001
1735,70999,19.72236111111111,22.908864135962745,-0.4039999999999999,22.686,3.162,2083.086652721308,5405.556,-317.6216,792.6058999999999
1736,71000,19.722638888888888,22.490401730516062,-0.071,22.18,3.723,2084.4228338910716,5407.2989,-316.4605,790.4057
1737,71001,19.722916666666666,22.256306274851628,0.38900000000000007,21.822,4.358,2085.7588577191154,5409.0403,-315.2993,788.2053
1738,71002,19.72319444444444,22.267610693561178,0.7070000000000001,21.746000000000002,4.739,2087.094929366341,5410.780400000001,-314.1379,786.0048
1739,71003,19.72347222222222,21.68203244624452,0.06300000000000008,21.231,4.399,2088.430827314029,5412.519,-312.97639999999996,783.804
1740,71004,19.72375,21.936111164014466,-0.6859999999999999,21.291,5.236,2089.7666694366335,5414.2562,-311.81489999999997,781.603
1741,71005,19.724027777777774,22.158281995678273,-0.9059999999999999,21.567999999999998,4.9990000000000006,2091.1024547776105,5415.992,-310.65340000000003,779.4018
1742,71006,19.724305555555553,22.318983959849067,-0.7289999999999999,21.802,4.720000000000001,2092.438092093596,5417.7263,-309.4918,777.2004999999999
1743,71007,19.724583333333335,22.054737382249648,-0.36399999999999993,21.512,4.849000000000001,2093.773743980236,5419.4593,-308.33000000000004,774.9988999999999
1744,71008,19.72486111111111,21.36927317435013,-0.22599999999999992,20.962,4.146,2095.1092512987675,5421.1908,-307.1682,772.7972
1745,71009,19.725138888888885,21.793322715914616,0.07700000000000004,21.469,3.745,2096.4446921053436,5422.9209,-306.0063,770.5953000000001
1746,71010,19.725416666666664,22.549362119581122,-0.10399999999999987,22.21,3.896,2097.7801641660517,5424.6497,-304.8443,768.3932
1747,71011,19.725694444444443,23.385326403537753,-0.05899999999999987,23.011,4.167,2099.1155540086374,5426.3771,-303.6822,766.1908000000001
1748,71012,19.725972222222218,23.65113940172862,0.027000000000000125,23.215,4.521,2100.4507808959765,5428.103,-302.5201,763.9882
1749,71013,19.72625,23.985698530582763,0.44200000000000017,23.499000000000002,4.787000000000001,2101.7859376114297,5429.8275,-301.35790000000003,761.7854
1750,71014,19.726527777777775,23.82980816120851,1.179,23.395999999999997,4.37,2103.121022886633,5431.5506000000005,-300.1956,759.5824
1751,71015,19.72680555555555,23.716623389513106,1.4140000000000001,23.298000000000002,4.205,2104.456134760051,5433.2724,-299.0332,757.3792000000001
1752,71016,19.727083333333333,23.898357809690605,1.0970000000000002,23.464,4.401000000000001,2105.7911732715506,5434.9928,-297.8707,755.1758
1753,71017,19.727361111111108,23.646627053345263,1.0990000000000002,23.173000000000002,4.579,2107.126057900948,5436.7117,-296.7082,752.9723
1754,71018,19.727638888888887,24.24704889259722,0.8880000000000002,23.5,5.906000000000001,2108.4608534897966,5438.4292000000005,-295.54560000000004,750.7684999999999
1755,71019,19.727916666666665,24.303792337822507,0.3750000000000001,23.535999999999998,6.049,2109.795572942477,5440.1453,-294.38289999999995,748.5645000000001
1756,71020,19.728194444444444,23.83550043527511,0.21100000000000013,23.236,5.308000000000001,2111.130215227297,5441.86,-293.2201,746.3603
1757,71021,19.72847222222222,23.15438764035879,0.6410000000000001,22.625,4.881,2112.4647984386424,5443.5733,-292.0573,744.156
1758,71022,19.728749999999998,23.39042304021028,1.339,22.955,4.288,2113.7993022162764,5445.2852,-290.8944,741.9515
1759,71023,19.729027777777777,23.37145688655288,1.4860000000000002,22.976000000000003,4.015,2115.1337313550716,5446.9956999999995,-289.7315,739.7468
1760,71024,19.729305555555555,23.72986097725817,0.9490000000000001,23.455000000000002,3.474,2116.468087482493,5448.7047999999995,-288.5684,737.5419999999999
1761,71025,19.72958333333333,23.769215426681626,0.48800000000000016,23.576999999999998,2.977,2117.8023668373894,5450.4125,-287.4053,735.337
1762,71026,19.729861111111113,23.57885330121039,0.1830000000000001,23.475,2.2030000000000003,2119.136563189172,5452.1188,-286.24210000000005,733.1317999999999
1763,71027,19.730138888888888,23.56362514555008,-0.005999999999999906,23.515,1.5130000000000001,2120.4706674524164,5453.8237,-285.0789,730.9263000000001
1764,71028,19.730416666666663,23.50972549818479,-0.05599999999999992,23.509,0.17600000000000007,2121.804799109544,5455.5273,-283.9156,728.7207000000001
1765,71029,19.730694444444445,23.545521039042647,-0.469,23.54,-0.19999999999999996,2123.138746037422,5457.229399999999,-282.7522,726.5148999999999
1766,71030,19.73097222222222,23.964162117628895,-0.2679999999999999,23.958999999999996,0.41900000000000015,2124.4726062428026,5458.9301000000005,-281.5887,724.3089
1767,71031,19.731249999999996,23.942132027035523,-0.17399999999999985,23.923000000000002,0.9409999999999998,2125.8063836306783,5460.6294,-280.4252,722.1027
1768,71032,19.731527777777778,23.319896912293586,-0.4619999999999999,23.302,0.7879999999999998,2127.140171164158,5462.3274,-279.2616,719.8963
1769,71033,19.731805555555553,22.68838189470549,-0.4879999999999999,22.68,0.3769999999999999,2128.4738820420766,5464.024,-278.0979,717.6898
1770,71034,19.732083333333332,22.09778688013802,-0.6479999999999999,22.084,0.4349999999999999,2129.8074943442057,5465.7192,-276.93420000000003,715.483
1771,71035,19.73236111111111,22.314756126832304,-0.33499999999999996,22.29,0.9959999999999999,2131.1409239145623,5467.4129,-275.7703,713.2761
1772,71036,19.73263888888889,21.905662761030538,0.13400000000000006,21.844,1.6369999999999998,2132.474253304582,5469.1052,-274.6064,711.0689
1773,71037,19.732916666666664,22.193112535198846,0.402,22.148000000000003,1.3559999999999997,2133.8076138479933,5470.7962,-273.4424,708.8617
1774,71038,19.733194444444443,21.987425065250363,0.6260000000000001,21.924,1.547,2135.140773112968,5472.485699999999,-272.27840000000003,706.6542
1775,71039,19.733472222222222,21.36657078241616,0.6870000000000002,21.313,1.347,2136.47393636317,5474.1739,-271.1143,704.4465
1776,71040,19.73375,21.543719572070188,0.1780000000000001,21.512,1.1549999999999998,2137.807020882042,5475.860699999999,-269.9502,702.2387000000001
1777,71041,19.73402777777778,21.83361477172298,0.22700000000000004,21.814,0.8969999999999999,2139.1400032675747,5477.5461,-268.7859,700.0307
1778,71042,19.734305555555558,21.76634397412666,0.07200000000000006,21.744999999999997,0.961,2140.4728922767927,5479.2301,-267.6216,697.8225
1779,71043,19.734583333333337,21.657813970943604,0.663,21.584,1.659,2141.8056820952966,5480.9127,-266.4572,695.6141
1780,71044,19.73486111111111,21.93903947304895,1.1540000000000001,21.804,2.139,2143.1383845076575,5482.5939,-265.2927,693.4056
1781,71045,19.73513888888889,22.040979946454286,0.8680000000000001,21.918,2.157,2144.4710773822576,5484.2738,-264.1282,691.1967999999999
1782,71046,19.735416666666666,22.557406677186982,0.5880000000000001,22.456,2.054,2145.8036934031798,5485.9523,-262.9636,688.988
1783,71047,19.735694444444444,22.752482721672376,0.595,22.642,2.159,2147.136198555887,5487.6294,-261.799,686.7789
1784,71048,19.735972222222223,22.61645493882717,1.0630000000000002,22.444,2.577,2148.468612428547,5489.3051,-260.6343,684.5697
1785,71049,19.736250000000002,23.04420122286733,1.8079999999999998,22.761000000000003,3.115,2149.8009341814977,5490.9794,-259.4695,682.3604
1786,71050,19.736527777777777,22.63050286670625,2.1500000000000004,22.365999999999996,2.698,2151.1331379389326,5492.6523,-258.30460000000005,680.1508
1787,71051,19.736805555555556,22.590890686292116,1.9630000000000003,22.372999999999998,2.4379999999999997,2152.4652520219947,5494.3238,-257.1397,677.9411
1788,71052,19.737083333333334,23.45565731332209,2.048,23.29,1.8839999999999997,2153.7972585937455,5495.9938999999995,-255.97470000000004,675.7312
1789,71053,19.73736111111111,24.207906084583193,0.9570000000000001,24.188,0.2179999999999998,2155.1292605216604,5497.662699999999,-254.80970000000002,673.5211
1790,71054,19.737638888888892,24.23993378703828,0.3850000000000001,24.206,-1.2230000000000003,2156.4611531466267,5499.330099999999,-253.6446,671.3108
1791,71055,19.737916666666667,23.84538372515737,0.9030000000000001,23.753999999999998,-1.8800000000000001,2157.7929522535374,5500.996099999999,-252.4795,669.1004
1792,71056,19.738194444444446,22.916486227168424,1.508,22.734,-2.461,2159.124640003784,5502.660699999999,-251.3143,666.8898
1793,71057,19.738472222222224,22.483977962095587,1.7,22.316,-2.153,2160.456215643465,5504.323899999999,-250.14899999999997,664.679
1794,71058,19.738750000000003,23.55371359255266,1.968,23.352,-2.3640000000000003,2161.7877893262116,5505.9858,-248.98359999999997,662.4681
1795,71059,19.73902777777778,23.985393346785035,1.8340000000000003,23.696999999999996,-3.2230000000000003,2163.119253690339,5507.6463,-247.81820000000002,660.257
1796,71060,19.739305555555557,24.329768987805867,1.8670000000000002,24.019000000000002,-3.3970000000000007,2164.45061959935,5509.305399999999,-246.65279999999998,658.0458
1797,71061,19.739583333333336,25.060306302996377,0.9100000000000001,24.786,-3.5840000000000005,2165.7819687789392,5510.9632,-245.48729999999995,655.8344
1798,71062,19.73986111111111,25.066639982255303,0.5000000000000002,24.886000000000003,-2.9620000000000006,2167.113213052542,5512.6196,-244.32169999999996,653.6229
1799,71063,19.74013888888889,25.279583422200613,0.3530000000000002,25.2,-1.973,2168.4442406156168,5514.2745,-243.156,651.4112
1800,71064,19.74041666666667,25.26693517227604,0.4990000000000003,25.236,-1.1460000000000004,2169.7752649032213,5515.928099999999,-241.9903,649.1994
1801,71065,19.740694444444447,25.40745223354754,0.5920000000000003,25.394,-0.5770000000000002,2171.106169703706,5517.5803,-240.8245,646.9874
1802,71066,19.740972222222222,25.74728047775143,0.8720000000000002,25.732,-0.16200000000000023,2172.4370577026143,5519.2312,-239.6587,644.7752
1803,71067,19.74125,25.803893717809334,0.4570000000000002,25.799,-0.20900000000000024,2173.7678360377927,5520.8807,-238.4928,642.5629
1804,71068,19.74152777777778,25.067330312580157,-0.36199999999999977,25.062,-0.3690000000000002,2175.098485012006,5522.5288,-237.32690000000002,640.3503
1805,71069,19.74180555555556,24.845696448278524,-1.0659999999999996,24.82,0.3739999999999998,2176.429022498226,5524.175499999999,-236.1609,638.1376
1806,71070,19.742083333333333,24.862695811194733,-1.3529999999999998,24.803,1.065,2177.759546537356,5525.820900000001,-234.9948,635.9248
1807,71071,19.742361111111116,24.261615238891245,-1.2819999999999998,24.215,0.7849999999999997,2179.089850677404,5527.4648,-233.82870000000003,633.7117999999999
1808,71072,19.742638888888887,24.00297550304962,-0.8139999999999998,23.981,0.6259999999999998,2180.4201283800517,5529.1074,-232.6625,631.4986000000001
1809,71073,19.742916666666666,22.733857481738553,-0.3999999999999998,22.73,0.12399999999999975,2181.7503942537687,5530.7487,-231.49629999999996,629.2853
1810,71074,19.743194444444445,22.660466124949863,-0.4719999999999997,22.654000000000003,0.2649999999999998,2183.080532484402,5532.3886,-230.33,627.0717999999999
1811,71075,19.743472222222223,22.66949688458039,-0.8629999999999998,22.637999999999998,0.8259999999999998,2184.410546524442,5534.0271,-229.16369999999998,624.8581
1812,71076,19.743750000000002,23.34102630562761,-1.936,23.223000000000003,1.3219999999999998,2185.740442391217,5535.664200000001,-227.9973,622.6442999999999
1813,71077,19.74402777777778,23.896386798007768,-2.367,23.703,1.8979999999999997,2187.070307405629,5537.3,-226.8308,620.4303
1814,71078,19.744305555555556,23.776793412905786,-2.058,23.515,2.854,2188.40006748741,5538.9344,-225.6643,618.2163
1815,71079,19.74458333333333,23.597875095016505,-1.5519999999999998,23.386000000000003,2.747,2189.7297988736573,5540.5675,-224.4978,616.0020999999999
1816,71080,19.744861111111113,23.61786122831617,-1.3019999999999998,23.487000000000002,2.114,2191.059297872339,5542.1991,-223.3312,613.7877
1817,71081,19.74513888888889,23.87893628284141,-0.8269999999999997,23.738,2.4549999999999996,2192.388762553873,5543.8294,-222.1645,611.5731
1818,71082,19.745416666666667,23.257762639600568,-1.0749999999999997,23.076999999999998,2.687,2193.71810752457,5545.4583,-220.9978,609.3584
1819,71083,19.745694444444446,23.527557714306006,-1.4779999999999998,23.252000000000002,3.272,2195.047416303559,5547.0859,-219.831,607.1434999999999
1820,71084,19.745972222222225,23.789018474918212,-0.8899999999999997,23.43,4.02,2196.376603306285,5548.712100000001,-218.6642,604.9285
1821,71085,19.74625,23.390016417266576,-0.17999999999999972,23.052,3.9579999999999997,2197.7056638505264,5550.3369,-217.4973,602.7134
1822,71086,19.74652777777778,23.02220654064245,0.27200000000000035,22.741,3.5770000000000004,2199.0346893281067,5551.960400000001,-216.3304,600.4981
1823,71087,19.746805555555557,23.01588907689642,0.6710000000000003,22.765,3.322,2200.363586609794,5553.5825,-215.1634,598.2827
1824,71088,19.747083333333336,23.717183770422658,-0.09799999999999978,23.551,2.8009999999999997,2201.692343542791,5555.203200000001,-213.99630000000002,596.0671
1825,71089,19.74736111111111,23.394110583649038,-0.8049999999999997,23.183999999999997,3.0229999999999997,2203.021062958407,5556.8225999999995,-212.8292,593.8513
1826,71090,19.747638888888893,23.06620638509939,-1.1429999999999998,22.752,3.618,2204.349651180645,5558.4406,-211.66199999999998,591.6354
1827,71091,19.74791666666667,22.513225357553722,-0.6499999999999998,22.18,3.804,2205.6782107088447,5560.0573,-210.4948,589.4194
1828,71092,19.748194444444444,22.983725829377622,-1.2839999999999996,22.599,3.9859999999999993,2207.0066304040565,5561.6726,-209.32760000000002,587.2032
1829,71093,19.748472222222226,23.504605718879866,-1.4249999999999996,23.128,3.941,2208.3349163893026,5563.2865,-208.1603,584.9869
1830,71094,19.74875,22.616975460923147,-1.4269999999999996,22.374999999999996,2.974999999999999,2209.66316000586,5564.8991,-206.993,582.7704
1831,71095,19.749027777777776,21.991137533106375,-2.0889999999999995,21.695,2.928,2210.991367297881,5566.5104,-205.82560000000004,580.5537999999999
1832,71096,19.74930555555556,21.217442588587343,-2.0899999999999994,20.826999999999998,3.470999999999999,2212.3193385113877,5568.120199999999,-204.6581,578.3371
1833,71097,19.749583333333334,21.45802714603558,-2.029,21.101999999999997,3.322,2213.647268658318,5569.7287,-203.4907,576.1202
1834,71098,19.74986111111111,21.063273962041134,-1.0299999999999998,20.741,3.5229999999999997,2214.975159534396,5571.3359,-202.32319999999999,573.9032
1835,71099,19.75013888888889,21.86809952876564,-0.35399999999999976,21.57,3.5810000000000004,2216.3029112165614,5572.9417,-201.1556,571.6861000000001
1836,71100,19.750416666666666,22.155615744095222,-0.09099999999999972,21.818,3.8519999999999994,2217.630615377218,5574.5462,-199.988,569.4688
1837,71101,19.75069444444444,22.773074561859225,-0.2349999999999997,22.321999999999996,4.504,2218.9581783880567,5576.1493,-198.8203,567.2514
1838,71102,19.750972222222224,22.66787105133607,0.4950000000000003,22.083,5.092,2220.285698687604,5577.7510999999995,-197.6525,565.0339
1839,71103,19.75125,22.01298067050439,0.4790000000000004,21.238999999999997,5.766,2221.6130794899063,5579.3515,-196.4847,562.8163000000001
1840,71104,19.751527777777778,22.485991750420975,0.3600000000000004,21.392000000000003,6.919,2222.9403063934706,5580.950500000001,-195.3168,560.5985
1841,71105,19.751805555555556,23.144545469721372,0.9200000000000003,21.839000000000002,7.608,2224.2673820528876,5582.5481,-194.1489,558.3805
1842,71106,19.75208333333333,23.913577774979636,0.9760000000000003,22.585,7.7989999999999995,2225.594514162457,5584.1445,-192.981,556.1623999999999
1843,71107,19.75236111111111,23.749535574406504,0.7380000000000002,22.380000000000003,7.914,2226.921400251906,5585.7394,-191.813,553.9441999999999
1844,71108,19.75263888888889,24.34565581371757,0.3160000000000004,23.035000000000004,7.8740000000000006,2228.248231732917,5587.3330000000005,-190.645,551.7257999999999
1845,71109,19.752916666666668,24.51462220798028,0.47400000000000037,23.115000000000002,8.151,2229.5749149552225,5588.9252,-189.47689999999997,549.5073
1846,71110,19.753194444444443,23.794819730353076,0.5890000000000004,22.398,8.011,2230.90155166561,5590.5161,-188.3088,547.2887
1847,71111,19.75347222222222,23.04242508938675,-0.0279999999999996,21.681,7.802999999999999,2232.228131376357,5592.1057,-187.1407,545.0699
1848,71112,19.75375,22.88266536048631,-0.14299999999999957,21.642000000000003,7.431,2233.5545599495745,5593.6939,-185.9725,542.8509999999999
1849,71113,19.75402777777778,23.753815482991357,0.40300000000000036,22.369999999999997,7.979000000000001,2234.8808301591957,5595.2807,-184.80429999999998,540.6319
1850,71114,19.754305555555554,24.072290688673565,-0.16299999999999965,22.649,8.153,2236.207056629297,5596.8661999999995,-183.636,538.4128000000001
1851,71115,19.754583333333336,24.29891236249063,-0.9779999999999998,23.107,7.453,2237.533232103994,5598.4504,-182.46769999999998,536.1936
1852,71116,19.75486111111111,24.097744500263918,-0.6369999999999997,22.839,7.660000000000001,2238.8592433005483,5600.0332,-181.2993,533.9742
1853,71117,19.755138888888887,23.202415003615464,-0.008999999999999586,21.891,7.69,2240.185201573435,5601.6147,-180.1309,531.7547000000001
1854,71118,19.75541666666667,22.652471410422308,-0.5309999999999995,21.41,7.38,2241.510994176933,5603.194799999999,-178.96239999999997,529.5350000000001
1855,71119,19.755694444444444,22.775420501057713,-1.2429999999999997,21.538999999999998,7.297,2242.836732197297,5604.7736,-177.7939,527.3152
1856,71120,19.755972222222223,23.360650547448376,-1.8439999999999994,22.243000000000002,6.897,2244.162405321924,5606.3511,-176.62539999999998,525.0952
1857,71121,19.75625,23.590819443164747,-1.6239999999999994,22.769,5.955,2245.487928714475,5607.9272,-175.4568,522.8752000000001
1858,71122,19.75652777777778,23.927732654808725,-1.0779999999999994,23.354999999999997,5.091,2246.81338555745,5609.502,-174.28820000000002,520.655
1859,71123,19.756805555555555,23.436017771797324,-0.5379999999999996,23.174,3.4530000000000003,2248.13878116575,5611.075500000001,-173.1195,518.4347
1860,71124,19.757083333333334,22.521919456387373,-0.14199999999999943,22.396,2.3739999999999997,2249.4640089012487,5612.6476,-171.95080000000002,516.2142000000001
1861,71125,19.757361111111113,22.012422719909775,0.5070000000000006,21.952,1.549,2250.789074033482,5614.2183,-170.78199999999998,513.9936
1862,71126,19.75763888888889,21.871594134859034,0.1300000000000005,21.867,0.429,2252.114078329375,5615.7877,-169.6132,511.77290000000005
1863,71127,19.757916666666667,21.20307027295811,-0.8209999999999994,21.182,0.46799999999999997,2253.4390176896077,5617.355799999999,-168.4443,509.5521
1864,71128,19.75819444444444,20.258636133757864,-0.9049999999999994,20.232999999999997,0.46799999999999997,2254.763795132608,5618.922500000001,-167.27540000000002,507.33119999999997
1865,71129,19.75847222222222,19.023973875087194,-0.5739999999999995,19.015,-0.10900000000000001,2256.0885088613422,5620.4879,-166.1065,505.11019999999996
1866,71130,19.75875,18.19877800842683,-0.38899999999999946,18.19,-0.41,2257.4130557255544,5622.0519,-164.9375,502.8891
1867,71131,19.759027777777778,17.667386960159103,-0.8089999999999995,17.639999999999997,-0.5589999999999999,2258.7375282791813,5623.6146,-163.7685,500.6678
1868,71132,19.759305555555553,16.065424675370398,-1.5659999999999994,15.983,-0.43500000000000005,2260.061835124835,5625.1759,-162.59949999999998,498.4464
1869,71133,19.75958333333333,15.380483867551114,-1.3839999999999995,15.318000000000001,0.051999999999999956,2261.3860748611414,5626.735900000001,-161.4305,496.2249
1870,71134,19.75986111111111,15.276386745562577,-0.5559999999999994,15.266,0.08999999999999994,2262.7101442130224,5628.2945,-160.2614,494.00329999999997
1871,71135,19.76013888888889,15.75481469265824,-0.6809999999999995,15.719999999999999,0.7949999999999999,2264.034244152249,5629.8519,-159.0923,491.78159999999997
1872,71136,19.760416666666668,16.61103022091044,-1.2469999999999994,16.554,0.5800000000000001,2265.3581745848105,5631.4079,-157.9232,489.5598
1873,71137,19.760694444444447,17.99627875423139,-0.8139999999999995,17.973000000000003,0.418,2266.6820230278668,5632.962600000001,-156.754,487.3378000000001
1874,71138,19.760972222222225,18.213317133350532,-0.07599999999999951,18.213,0.07599999999999996,2268.0058084772777,5634.516,-155.5848,485.11580000000004
1875,71139,19.76125,17.86448493520034,-0.2489999999999995,17.860999999999997,-0.25000000000000006,2269.3294106028284,5636.068,-154.4155,482.8936
1876,71140,19.76152777777778,17.778208064931626,-0.12799999999999948,17.776999999999997,-0.16300000000000006,2270.652939501674,5637.6187,-153.2462,480.6713
1877,71141,19.761805555555558,17.189645749694787,0.19300000000000053,17.184,-0.3960000000000001,2271.9762920310122,5639.168,-152.0768,478.4489
1878,71142,19.762083333333333,17.700397876884008,-0.011999999999999521,17.679,-0.8700000000000001,2273.299569455554,5640.716,-150.9074,476.2264
1879,71143,19.76236111111111,18.21436065306713,-0.26299999999999957,18.174,-1.1830000000000003,2274.622768302739,5642.2627,-149.7379,474.00380000000007
1880,71144,19.76263888888889,18.132688741606966,-0.8119999999999997,18.111,-0.35600000000000004,2275.945892918132,5643.8081,-148.5685,471.78110000000004
1881,71145,19.76291666666667,17.926057039962807,-0.7689999999999996,17.908,-0.23600000000000013,2277.268829413443,5645.3521,-147.399,469.55820000000006
1882,71146,19.763194444444444,17.743931497838915,-0.39099999999999946,17.732,0.5199999999999999,2278.591684649745,5646.8948,-146.2294,467.3352
1883,71147,19.76347222222222,17.27631607143143,-0.5199999999999995,17.204,1.491,2279.914363654224,5648.4361,-145.05990000000003,465.11209999999994
1884,71148,19.763749999999998,17.722478776965712,-0.8409999999999995,17.467000000000002,2.878,2281.236959564782,5649.976100000001,-143.8903,462.8888999999999
1885,71149,19.764027777777777,18.358562933955373,-0.2769999999999996,18.002000000000002,3.59,2282.559474553602,5651.5148,-142.7207,460.6656
1886,71150,19.764305555555556,18.794986512365472,-0.049999999999999566,18.397000000000002,3.847,2283.881905095806,5653.0522,-141.551,458.44220000000007
1887,71151,19.76458333333333,19.139983307202755,0.4810000000000004,18.604000000000003,4.4719999999999995,2285.2042552528483,5654.5883,-140.38139999999999,456.2187
1888,71152,19.76486111111111,19.55544540530847,0.9480000000000004,18.879,5.01,2286.526419479842,5656.123,-139.2117,453.9951
1889,71153,19.76513888888889,18.483135258932666,0.49600000000000044,17.747999999999998,5.137,2287.8484991219366,5657.6564,-138.042,451.77139999999997
1890,71154,19.765416666666667,17.827871129217872,-0.8419999999999994,17.267000000000003,4.356,2289.170490708084,5659.188499999999,-136.8722,449.54760000000005
1891,71155,19.765694444444442,17.178408366318454,-2.0239999999999996,16.616999999999997,3.857,2290.49239629185,5660.7193,-135.7024,447.32370000000003
1892,71156,19.765972222222224,16.705590740826853,-2.1749999999999994,16.156,3.651,2291.8141148792065,5662.2487,-134.5326,445.09970000000004
1893,71157,19.76625,15.880722307250384,-2.0189999999999997,15.547999999999998,2.526,2293.135842840161,5663.7769,-133.3627,442.8756
1894,71158,19.766527777777775,14.610246096489956,-1.7409999999999997,14.479,0.8869999999999998,2294.4574741004744,5665.3038,-132.19279999999998,440.6513
1895,71159,19.766805555555557,13.648287987875989,-2.3839999999999995,13.422,0.6649999999999998,2295.7789160892216,5666.829299999999,-131.0229,438.42690000000005
1896,71160,19.767083333333332,13.06260865983514,-3.128999999999999,12.66,0.7519999999999998,2297.100175389561,5668.3534,-129.853,436.2025
1897,71161,19.767361111111107,13.241359862189382,-3.790999999999999,12.613000000000001,1.3689999999999998,2298.421340855868,5669.876200000001,-128.683,433.97799999999995
1898,71162,19.76763888888889,13.691322288223295,-4.651999999999999,12.689,2.191,2299.7425041094857,5671.397800000001,-127.51289999999999,431.7533
1899,71163,19.767916666666665,15.047200736349604,-4.810999999999999,13.952000000000002,2.935,2301.063474504032,5672.918,-126.34279999999998,429.5285
1900,71164,19.768194444444443,15.7396710575539,-3.562,14.954999999999998,3.376,2302.3843508163777,5674.4369,-125.1727,427.3036
1901,71165,19.768472222222222,15.781572830361366,-2.315,15.304000000000002,3.0799999999999996,2303.7050401370616,5675.9544000000005,-124.00259999999999,425.0787
1902,71166,19.76875,14.641517715045802,-1.7299999999999993,14.290000000000001,2.679,2305.0257259956725,5677.4707,-122.83249999999998,422.85360000000003
1903,71167,19.769027777777776,14.042938937416201,-2.126,13.437000000000001,3.4829999999999997,2306.346220961389,5678.9856,-121.6623,420.6285
1904,71168,19.769305555555555,14.513270100153171,-1.9569999999999996,13.758000000000001,4.186,2307.6665189293767,5680.499099999999,-120.49210000000001,418.40330000000006
1905,71169,19.769583333333333,15.216202614318727,-1.9259999999999997,14.561000000000002,3.975,2308.986818429207,5682.0114,-119.3219,416.178
1906,71170,19.769861111111112,15.871623892973272,-1.3099999999999998,15.419,3.528,2310.30690966359,5683.5223,-118.1516,413.9525
1907,71171,19.770138888888887,16.3899307503113,-1.5269999999999997,15.95,3.4490000000000003,2311.6270007403323,5685.032,-116.98129999999999,411.7269
1908,71172,19.77041666666667,16.44234776423367,-0.6519999999999996,16.2,2.7359999999999998,2312.9468989324478,5686.5403,-115.81099999999999,409.5013
1909,71173,19.770694444444445,16.36415164314973,0.07900000000000026,16.247,1.9529999999999998,2314.2666954079955,5688.0473,-114.6407,407.27560000000005
1910,71174,19.77097222222222,15.760616644027607,-0.14399999999999974,15.651,1.85,2315.586389293811,5689.553000000001,-113.4704,405.0498
1911,71175,19.771250000000002,15.023165079303364,-0.26099999999999973,14.882000000000001,2.038,2316.905977811505,5691.0574,-112.3,402.82390000000004
1912,71176,19.771527777777777,15.24260627320669,-1.2139999999999997,14.938999999999998,2.7729999999999997,2318.2254624251373,5692.5605000000005,-111.12960000000001,400.59790000000004
1913,71177,19.771805555555552,15.650635578148256,-0.7029999999999996,15.477,2.216,2319.5448420365274,5694.0623,-109.95920000000001,398.3718
1914,71178,19.772083333333335,15.97272459538447,-0.6509999999999997,15.887,1.5189999999999997,2320.8641141320445,5695.562800000001,-108.78869999999999,396.1456
1915,71179,19.77236111111111,16.057484018363525,-0.0349999999999997,16.028,0.9719999999999998,2322.1831799523457,5697.0619,-107.6182,393.9193
1916,71180,19.772638888888885,16.032296591567906,0.5830000000000003,16.006999999999998,0.6859999999999997,2323.502244969271,5698.5598,-106.44769999999998,391.69300000000004
1917,71181,19.772916666666667,15.84276147014781,1.6410000000000005,15.757,-0.13100000000000028,2324.821101938199,5700.056299999999,-105.2772,389.4666
1918,71182,19.773194444444442,14.459584710495665,1.0770000000000004,14.419,-0.11000000000000028,2326.1398499056795,5701.5515,-104.1067,387.2401
1919,71183,19.773472222222217,13.276673453843776,0.24300000000000038,13.272,-0.2550000000000002,2327.4584860973873,5703.045400000001,-102.93609999999998,385.01349999999996
1920,71184,19.77375,13.198113236368297,0.24600000000000036,13.186000000000002,-0.5090000000000003,2328.7770113837223,5704.538,-101.7655,382.78679999999997
1921,71185,19.774027777777775,13.664593737100272,0.15200000000000038,13.663,0.1429999999999997,2330.0955248635737,5706.029399999999,-100.5949,380.56
1922,71186,19.774305555555554,13.377028444314528,0.8150000000000002,13.351999999999999,0.06899999999999977,2331.413824712517,5707.519399999999,-99.42420000000001,378.33309999999994
1923,71187,19.774583333333332,12.822633972784221,0.35400000000000037,12.801000000000002,0.6549999999999997,2332.731911510503,5709.008,-98.2535,376.1061
1924,71188,19.77486111111111,11.841937257053848,0.1340000000000004,11.711,1.751,2334.049992298643,5710.4954,-97.08290000000001,373.8791
1925,71189,19.775138888888886,11.230122483748787,-0.1709999999999996,10.839,2.9329999999999994,2335.367956640991,5711.9815,-95.91220000000001,371.652
1926,71190,19.775416666666665,10.48830143540888,-0.5689999999999996,9.775,3.7589999999999995,2336.685805096896,5713.4663,-94.7415,369.4248
1927,71191,19.775694444444444,10.111554479900704,-1.5429999999999995,8.914,4.517,2338.0035354758174,5714.9498,-93.5707,367.1975
1928,71192,19.775972222222222,10.400581426054988,-0.8729999999999997,9.427000000000001,4.305999999999999,2339.3211486729565,5716.431999999999,-92.3999,364.9701
1929,71193,19.776249999999997,10.818557066448369,-0.31699999999999956,9.407999999999998,5.331999999999999,2340.6386438454506,5717.9129,-91.22909999999999,362.74260000000004
1930,71194,19.77652777777778,10.737262267449744,0.08100000000000036,8.968,5.904,2341.9560199439843,5719.3925,-90.0583,360.515
1931,71195,19.776805555555555,9.919723685667861,-0.025999999999999645,7.980999999999999,5.891,2343.2731765316385,5720.8707,-88.8875,358.2873
1932,71196,19.77708333333333,9.63133225467796,-0.10799999999999965,7.784000000000001,5.671,2344.590218975264,5722.3476,-87.71669999999999,356.0596
1933,71197,19.777361111111112,9.746164784159971,0.32000000000000034,8.152,5.331999999999999,2345.9072397490695,5723.8233,-86.54589999999999,353.8318
1934,71198,19.777638888888887,9.625184777447132,0.20500000000000035,8.026,5.308999999999999,2347.2241366361145,5725.2977,-85.375,351.60389999999995
1935,71199,19.777916666666666,9.691395668323526,0.5300000000000004,8.187000000000001,5.159,2348.540916708732,5726.7708,-84.20410000000001,349.37600000000003
1936,71200,19.778194444444445,9.791163822549391,-0.10599999999999965,8.118,5.473,2349.857566916895,5728.2426,-83.0332,347.1479
1937,71201,19.778472222222224,10.0728905980359,0.025000000000000355,8.362,5.616,2351.173998746891,5729.713000000001,-81.8623,344.9198
1938,71202,19.778749999999995,9.550832057993691,-0.3929999999999996,7.530000000000001,5.862,2352.4904051171425,5731.1822,-80.6914,342.6916
1939,71203,19.779027777777777,9.041991981858864,-0.5369999999999997,6.983,5.718999999999999,2353.8066911268497,5732.6501,-79.5205,340.4634
1940,71204,19.779305555555553,9.123310035288727,-0.8409999999999995,6.8069999999999995,6.016,2355.122748856048,5734.1166,-78.34949999999999,338.2351
1941,71205,19.77958333333333,9.36438460337891,-0.6929999999999996,7.053,6.1209999999999996,2356.4387786105535,5735.5819,-77.17850000000001,336.00669999999997
1942,71206,19.77986111111111,9.662007503619524,-0.5669999999999996,6.952,6.686,2357.754678509622,5737.0459,-76.00739999999999,333.7782
1943,71207,19.78013888888889,9.44240753198039,-0.5099999999999996,6.548,6.783999999999999,2359.0704489825785,5738.508599999999,-74.83630000000001,331.5496
1944,71208,19.780416666666664,9.393834467351443,-0.4419999999999996,6.669,6.600999999999999,2360.386089210027,5739.969999999999,-73.6652,329.3209
1945,71209,19.780694444444443,9.158316057005239,-0.6619999999999996,6.2780000000000005,6.635,2361.70159834849,5741.4301,-72.49409999999999,327.09209999999996
1946,71210,19.78097222222222,8.824189084556156,-0.5329999999999996,5.680000000000001,6.731999999999999,2363.0169814497067,5742.8889,-71.323,324.86330000000004
1947,71211,19.781249999999996,8.627018082744465,-0.5429999999999996,5.276,6.803999999999999,2364.3323316123056,5744.3465,-70.1519,322.6344
1948,71212,19.781527777777775,9.225858117270176,-0.2759999999999996,5.339,7.519,2365.647454143527,5745.8027,-68.9808,320.40549999999996
1949,71213,19.781805555555554,9.400421054399638,0.010000000000000453,5.654000000000001,7.51,2366.9624411403006,5747.2576,-67.8096,318.17650000000003
1950,71214,19.782083333333333,9.102045374529835,0.04100000000000046,5.757,7.049999999999999,2368.277393127371,5748.7113,-66.6384,315.94739999999996
1951,71215,19.78236111111111,8.506007876789205,-0.37199999999999955,5.619000000000001,6.374999999999999,2369.5921148817333,5750.1636,-65.46719999999999,313.7183
1952,71216,19.78263888888889,8.236404555387015,-0.6099999999999995,5.6979999999999995,5.9159999999999995,2370.9068012053763,5751.6147,-64.2961,311.4891
1953,71217,19.78291666666667,8.171359005697889,-0.7839999999999996,5.686,5.816,2372.2213543719945,5753.0645,-63.124900000000004,309.2599
1954,71218,19.783194444444444,8.124531124932687,-1.1499999999999997,5.659000000000001,5.715,2373.5356695108194,5754.5129,-61.953700000000005,307.03059999999994
1955,71219,19.783472222222223,8.245185382997764,-1.4629999999999996,5.787,5.688,2374.8499455210676,5755.9601,-60.782500000000006,304.8012
1956,71220,19.78375,8.56224106177816,-1.0999999999999994,6.866,4.9959999999999996,2376.1640807980207,5757.406,-59.61120000000001,302.57169999999996
1957,71221,19.78402777777778,8.653172019554448,-0.5639999999999996,7.477000000000001,4.319,2377.478080533312,5758.8506,-58.4399,300.3422
1958,71222,19.784305555555555,8.946810716674406,-0.6779999999999996,7.8069999999999995,4.317,2378.791938837806,5760.293900000001,-57.26859999999999,298.11260000000004
1959,71223,19.784583333333337,9.193388221977793,-1.4109999999999996,7.875,4.529,2380.1057558744615,5761.736,-56.09739999999999,295.88289999999995
1960,71224,19.78486111111111,9.64159950423165,-1.5199999999999996,8.32,4.629,2381.4193344438654,5763.176700000001,-54.9261,293.6532
1961,71225,19.785138888888888,10.299768201275212,-1.3039999999999996,8.64,5.452999999999999,2382.7328690147333,5764.6162,-53.7548,291.4234
1962,71226,19.78541666666667,11.268808765792416,-1.1909999999999994,9.407,6.0889999999999995,2384.0462593397683,5766.0544,-52.5835,289.1935
1963,71227,19.785694444444445,11.979664227347943,-1.1869999999999996,10.004999999999999,6.481,2385.3595044140648,5767.4913,-51.4122,286.96349999999995
1964,71228,19.785972222222224,12.617436863325292,-0.7179999999999996,10.658,6.714999999999999,2386.672708255035,5768.927,-50.240899999999996,284.7335
1965,71229,19.786250000000003,13.413806730380454,-0.3949999999999996,11.135,7.468999999999999,2387.9856694923824,5770.3613,-49.0695,282.50350000000003
1966,71230,19.78652777777778,14.066774683629507,-0.1609999999999996,10.870000000000001,8.927,2389.2985840597435,5771.794400000001,-47.898199999999996,280.27340000000004
1967,71231,19.786805555555556,14.49564079301084,-0.6349999999999996,10.508999999999999,9.964,2390.611349928123,5773.2262,-46.7269,278.0432
1968,71232,19.787083333333335,14.195901204220885,-0.6729999999999996,10.589,9.431,2391.9239659951936,5774.6567,-45.5555,275.8129
1969,71233,19.787361111111114,13.672837671822187,-0.20299999999999963,10.305,8.983999999999998,2393.236436769901,5776.0859,-44.384100000000004,273.5826
1970,71234,19.787638888888893,13.517115705652593,-0.0019999999999996466,9.878,9.226999999999999,2394.5488569398112,5777.5139,-43.212700000000005,271.3522
1971,71235,19.787916666666668,13.391509959672211,0.4450000000000004,9.845,9.067,2395.8611256490276,5778.9406,-42.0413,269.12170000000003
1972,71236,19.788194444444446,12.695539728581846,0.4980000000000004,8.858,9.081,2397.1731514856037,5780.3659,-40.8699,266.8913
1973,71237,19.788472222222225,12.758433328587017,0.6310000000000004,8.398,9.584,2398.485124314694,5781.79,-39.6985,264.6608
1974,71238,19.78875,12.47506677336839,0.31900000000000034,7.891,9.657,2399.7969432591635,5783.212799999999,-38.527100000000004,262.43019999999996
1975,71239,19.789027777777783,12.2316367261295,0.3080000000000004,7.733,9.472,2401.1087076369995,5784.6344,-37.3557,260.1995
1976,71240,19.789305555555558,10.853126093435014,0.09600000000000039,7.691,7.656999999999999,2402.4202213542085,5786.0546,-36.1843,257.9688
1977,71241,19.789583333333333,10.972082482373162,0.6330000000000003,8.612,6.769,2403.7316782130306,5787.4736,-35.0128,255.73799999999997
1978,71242,19.789861111111115,11.0798265780652,0.7470000000000003,8.722,6.792,2405.0430832527627,5788.8914,-33.8414,253.5072
1979,71243,19.79013888888889,11.501943835717508,0.4860000000000003,8.66,7.553999999999999,2406.354230084307,5790.3078000000005,-32.6699,251.2763
1980,71244,19.790416666666665,11.01889518055236,0.3470000000000003,8.711,6.739,2407.6653234108635,5791.723,-31.4985,249.04540000000003
1981,71245,19.790694444444448,10.706057864592363,-0.17299999999999965,7.989,7.125,2408.9762572916566,5793.1369,-30.326999999999998,246.81439999999998
1982,71246,19.790972222222223,11.29854999546402,0.3720000000000004,8.488,7.448,2410.2871309224342,5794.5496,-29.1555,244.5833
1983,71247,19.79125,11.123679696934822,0.10500000000000038,8.86,6.725,2411.5977483239767,5795.9609,-27.983999999999998,242.35219999999998
1984,71248,19.79152777777778,10.926223775852295,0.04100000000000041,8.556999999999999,6.794,2412.9083043153537,5797.371000000001,-26.8125,240.121
1985,71249,19.791805555555555,10.338936357285501,-0.15299999999999958,8.09,6.436,2414.218702345129,5798.7798,-25.641000000000002,237.8898
1986,71250,19.792083333333334,11.140840767195266,-0.26799999999999957,8.403,7.31,2415.529037400508,5800.1874,-24.4695,235.65849999999995
1987,71251,19.792361111111113,10.872235556682904,-0.7569999999999996,7.464,7.869,2416.839112942328,5801.5936,-23.298000000000002,233.4272
1988,71252,19.79263888888889,11.322683692482096,-0.6669999999999996,7.489,8.466,2418.14912396695,5802.9986,-22.1265,231.19579999999996
1989,71253,19.792916666666667,11.016387157321587,-0.9239999999999995,7.443,8.068999999999999,2419.4589737486863,5804.4023,-20.955,228.96439999999998
1990,71254,19.793194444444445,11.573496489825361,-1.4749999999999996,7.036,9.069999999999999,2420.768657547589,5805.8047,-19.783499999999997,226.73289999999997
1991,71255,19.793472222222224,11.838288516504402,-1.3049999999999995,7.611,8.973,2422.0782788127162,5807.2059,-18.612000000000002,224.50140000000002
1992,71256,19.793750000000003,11.593449098521114,-1.8299999999999996,7.381,8.751000000000001,2423.387736193454,5808.6058,-17.4405,222.2699
1993,71257,19.79402777777778,11.44619609302584,-1.4919999999999995,6.854000000000001,9.045,2424.6971253794723,5810.0045,-16.269,220.0383
1994,71258,19.79430555555556,11.80520474197716,-1.4369999999999998,6.9510000000000005,9.433,2426.006349468379,5811.4019,-15.097500000000002,217.8067
1995,71259,19.794583333333335,12.624211539735857,-1.3559999999999994,7.404999999999999,10.134,2427.315403904019,5812.798000000001,-13.926000000000002,215.575
1996,71260,19.79486111111111,11.84843622593294,-1.0509999999999995,7.2219999999999995,9.334,2428.624291626262,5814.192799999999,-12.7545,213.3433
1997,71261,19.79513888888889,11.388650051696207,-1.1349999999999996,7.35,8.625,2429.933108101305,5815.586399999999,-11.583000000000002,211.11150000000004
1998,71262,19.795416666666668,11.215270661022853,-1.1979999999999995,7.2459999999999996,8.475999999999999,2431.2417561811462,5816.978700000001,-10.4114,208.8797
1999,71263,19.795694444444447,12.434996220345223,-1.4669999999999994,8.389,9.061,2432.550331578274,5818.3698,-9.2399,206.64780000000002
2000,71264,19.795972222222225,13.927283798357811,-1.5039999999999996,10.232999999999999,9.327,2433.85873701842,5819.759599999999,-8.068299999999999,204.41590000000002
2001,71265,19.796250000000004,14.142707979732876,-1.7499999999999996,10.36,9.466999999999999,2435.166971987075,5821.1481,-6.896799999999999,202.184
2002,71266,19.796527777777776,13.872260450265488,-1.9999999999999996,10.629000000000001,8.687000000000001,2436.4751284460535,5822.5354,-5.725199999999999,199.95190000000002
2003,71267,19.796805555555558,13.479035165767616,-2.5429999999999997,10.334,8.272,2437.783112839611,5823.9214,-4.5537,197.71980000000002
2004,71268,19.797083333333333,13.024753126259245,-2.6349999999999993,10.187999999999999,7.675,2439.0909241836753,5825.3061,-3.3821,195.48770000000002
2005,71269,19.797361111111112,12.29005178996411,-2.444,9.866000000000001,6.908999999999999,2440.398661746197,5826.6896,-2.2106000000000003,193.25560000000002
2006,71270,19.79763888888889,13.172824488316849,-2.8299999999999996,9.702,8.449000000000002,2441.706221576792,5828.0718,-1.0390000000000001,191.0234
2007,71271,19.79791666666667,13.562203840084397,-2.8259999999999996,9.821,8.915999999999999,2443.013706021083,5829.4528,0.13249999999999992,188.79120000000003
2008,71272,19.798194444444444,13.855705720027398,-2.7139999999999995,10.079,9.111999999999998,2444.321011375469,5830.8324999999995,1.3039999999999998,186.55890000000002
2009,71273,19.798472222222223,12.82219626273128,-2.05,9.411,8.464,2445.6282397762916,5832.211,2.4756,184.3266
2010,71274,19.798750000000002,11.003139960938425,-1.6229999999999998,8.064000000000002,7.308,2446.9353874180606,5833.5883,3.6471000000000005,182.0942
2011,71275,19.799027777777777,10.448363603933393,-1.6899999999999995,7.769,6.778999999999999,2448.242356636839,5834.964300000001,4.8187,179.86180000000002
2012,71276,19.799305555555556,10.70272717581832,-1.0749999999999997,7.969999999999999,7.061999999999999,2449.5491468814494,5836.339,5.9902,177.6294
2013,71277,19.799583333333334,11.080253336454,-0.5419999999999996,8.535,7.044999999999999,2450.8558571014355,5837.7125,7.1617999999999995,175.397
2014,71278,19.799861111111113,11.31983860308971,-0.2769999999999997,8.916,6.968999999999999,2452.1623835311466,5839.084699999999,8.3333,173.1645
2015,71279,19.800138888888892,11.3528760232815,-0.5079999999999997,9.136999999999999,6.718999999999999,2453.4687257221676,5840.455599999999,9.504900000000001,170.93189999999998
2016,71280,19.800416666666667,10.563491231595735,-0.16499999999999967,8.841,5.779,2454.774988421598,5841.8253,10.6764,168.6994
2017,71281,19.800694444444446,10.29945090769406,0.0920000000000003,8.684000000000001,5.537,2456.081065422923,5843.193700000001,11.848,166.4668
2018,71282,19.800972222222224,9.462417344421032,-0.4389999999999997,7.939,5.13,2457.387058608442,5844.5608999999995,13.019499999999999,164.2342
2019,71283,19.80125,9.091526769470573,-0.3229999999999997,7.657000000000001,4.891,2458.6928645375087,5845.926799999999,14.190999999999999,162.00150000000002
2020,71284,19.80152777777778,9.402055519938179,0.2660000000000003,7.825999999999999,5.203999999999999,2459.998485248757,5847.2914,15.3625,159.7688
2021,71285,19.801805555555557,10.04837673457758,0.4570000000000002,8.555,5.2509999999999994,2461.304019729024,5848.654799999999,16.534,157.53609999999998
2022,71286,19.802083333333336,11.012311791808292,-0.2309999999999998,9.328999999999999,5.8469999999999995,2462.6093674187896,5850.0169000000005,17.705499999999997,155.30339999999998
2023,71287,19.80236111111111,11.128381104185818,-0.6309999999999998,9.417,5.896,2463.914624878943,5851.3778,18.877,153.0706
2024,71288,19.80263888888889,11.547867941745784,-0.4089999999999998,9.783000000000001,6.122,2465.2197939911484,5852.7375,20.0485,150.83780000000002
2025,71289,19.80291666666667,11.7287327533711,0.10800000000000023,10.028,6.081999999999999,2466.524873727918,5854.096,21.219900000000003,148.60500000000002
2026,71290,19.803194444444447,12.0457949509362,0.04200000000000024,10.324000000000002,6.206,2467.8297613363966,5855.4532,22.3914,146.3721
2027,71291,19.803472222222222,11.8223843195863,0.08100000000000025,10.339,5.732999999999999,2469.1344580489736,5856.8091,23.562800000000003,144.13920000000002
2028,71292,19.80375,11.79354849059434,0.3150000000000003,10.620000000000001,5.119,2470.438963877332,5858.1637,24.7343,141.90630000000002
2029,71293,19.80402777777778,11.550516568534931,0.09400000000000026,10.538999999999998,4.726,2471.7433771919746,5859.5171,25.905700000000003,139.6734
2030,71294,19.80430555555556,11.12249504382897,-0.5019999999999997,10.144,4.534,2473.0476959179796,5860.8693,27.077199999999998,137.4404
2031,71295,19.804583333333333,10.795279199724295,-0.032999999999999655,9.92,4.258,2474.351818100437,5862.220200000001,28.2486,135.20729999999998
2032,71296,19.804861111111116,9.674171850861446,0.43800000000000033,9.029,3.4459999999999993,2475.6558464414084,5863.5698999999995,29.420099999999998,132.9742
2033,71297,19.805138888888887,9.479580634184193,0.4780000000000005,8.828999999999999,3.418,2476.959679224702,5864.918299999999,30.591499999999996,130.74110000000002
2034,71298,19.805416666666666,9.388180441384794,-0.22199999999999953,8.482,4.017999999999999,2478.2634160487455,5866.2654999999995,31.762899999999995,128.50799999999998
2035,71299,19.805694444444445,10.212219249506937,-0.4149999999999995,9.101,4.614,2479.566954846209,5867.6114,32.9344,126.2748
2036,71300,19.80597222222222,11.267025916363199,-0.19799999999999957,9.837,5.49,2480.8703957424304,5868.9561,34.1058,124.04160000000002
2037,71301,19.80625,12.304708732838824,-0.30799999999999955,10.288,6.742999999999999,2482.1737384313064,5870.2996,35.2772,121.80839999999998
2038,71302,19.80652777777778,13.082523227573494,-0.026999999999999535,10.961,7.142,2483.4769804911703,5871.6419000000005,36.4486,119.57509999999999
2039,71303,19.806805555555556,13.665698701493458,0.2840000000000005,11.232,7.779000000000001,2484.7800228891037,5872.9829,37.62,117.3418
2040,71304,19.80708333333333,13.625006128438988,0.5020000000000004,11.228,7.702,2486.0828672385765,5874.3226,38.791399999999996,115.1086
2041,71305,19.807361111111113,13.411656795489511,0.22400000000000048,10.971,7.711,2487.3856086060136,5875.661099999999,39.9628,112.8753
2042,71306,19.80763888888889,13.53120323548501,0.049000000000000446,11.044,7.8180000000000005,2488.688247435598,5876.9984,41.134100000000004,110.64200000000001
2043,71307,19.807916666666667,14.394605308934317,0.7150000000000004,12.021,7.886,2489.9906827028817,5878.334400000001,42.3055,108.4086
2044,71308,19.808194444444446,13.812768621822347,1.0130000000000003,11.842,7.037999999999999,2491.2929145791704,5879.669100000001,43.4769,106.17519999999999
2045,71309,19.808472222222225,12.456085018977673,0.5420000000000005,10.811,6.162999999999999,2492.5950420279037,5881.0026,44.6482,103.94179999999999
2046,71310,19.808750000000003,11.15123643368752,0.09200000000000046,9.870999999999999,5.186999999999999,2493.897064550075,5882.3349,45.8195,101.70840000000001
2047,71311,19.80902777777778,10.140687205510284,-0.14199999999999954,9.078,4.5169999999999995,2495.198980770404,5883.665999999999,46.990899999999996,99.4749
2048,71312,19.809305555555557,9.336428974720475,-0.5589999999999996,8.248000000000001,4.3389999999999995,2496.5006918030354,5884.9958,48.1622,97.2415
2049,71313,19.809583333333336,8.947578108069244,-0.7169999999999995,8.056000000000001,3.8269999999999995,2497.8022942328744,5886.3243999999995,49.3335,95.00800000000001
2050,71314,19.80986111111111,8.819622440898478,-0.7899999999999995,7.858000000000001,3.9259999999999997,2499.1037889966346,5887.6518,50.5048,92.7745
2051,71315,19.81013888888889,8.827202331429817,-0.7629999999999996,7.803999999999999,4.054,2500.405075554924,5888.9779,51.6761,90.541
2052,71316,19.81041666666667,8.492043923579294,-0.5449999999999996,7.731999999999999,3.469,2501.706252772926,5890.3027999999995,52.84740000000001,88.3075
2053,71317,19.810694444444444,7.647182749222095,-0.9019999999999995,6.906000000000001,3.158,2503.00731948436,5891.6265,54.018600000000006,86.074
2054,71318,19.810972222222222,7.253171788948611,-0.9289999999999996,6.772,2.4259999999999997,2504.308274109913,5892.9490000000005,55.189800000000005,83.84040000000002
2055,71319,19.81125,7.2864658785998575,-0.5679999999999994,6.669,2.88,2505.6090188124335,5894.270200000001,56.361000000000004,81.6069
2056,71320,19.811527777777776,7.53840599861801,-0.0359999999999995,6.909999999999999,3.0129999999999995,2506.909651103285,5895.590200000001,57.5323,79.3733
2057,71321,19.81180555555556,8.160941734873495,0.12100000000000052,7.323,3.6,2508.2100699265197,5896.9089,58.7035,77.13969999999999
2058,71322,19.812083333333334,8.663819077058339,0.6260000000000006,7.786999999999999,3.746,2509.510375022643,5898.2264000000005,59.874700000000004,74.9061
2059,71323,19.81236111111111,9.139142519952296,0.47400000000000053,8.305,3.7849999999999993,2510.8105660449874,5899.5427,61.045899999999996,72.6725
2060,71324,19.81263888888889,9.592491073751384,-0.01199999999999939,8.629,4.1899999999999995,2512.1105399285557,5900.8577000000005,62.217000000000006,70.4388
2061,71325,19.812916666666666,9.629488356086217,-0.4289999999999994,8.702000000000002,4.100999999999999,2513.410399285591,5902.1715,63.388099999999994,68.2052
2062,71326,19.81319444444444,9.720303956152812,-0.7559999999999995,8.602,4.462999999999999,2514.7100410562934,5903.484,64.5592,65.97149999999999
2063,71327,19.813472222222224,9.631133007076581,-0.6969999999999994,8.655,4.167,2516.009565868961,5904.7953,65.7303,63.73780000000001
2064,71328,19.81375,10.196108963717483,-0.5059999999999995,8.899000000000001,4.951,2517.308973001903,5906.1054,66.9014,61.504099999999994
2065,71329,19.814027777777778,10.216480509451383,-0.0989999999999994,9.228,4.383,2518.608261352657,5907.4142999999995,68.07249999999999,59.27040000000001
2066,71330,19.814305555555556,10.104502263842589,-0.3209999999999994,9.105,4.369999999999999,2519.907329531446,5908.7219,69.2435,57.03670000000001
2067,71331,19.81458333333333,9.45568633151502,-0.23999999999999938,8.78,3.502,2521.206277852338,5910.0283,70.4145,54.803
2068,71332,19.81486111111111,9.022171523530242,-0.5329999999999994,8.359,3.353,2522.5051045006994,5911.3335,71.5855,52.5692
2069,71333,19.81513888888889,8.690109608054435,-0.5829999999999995,8.040000000000001,3.246,2523.8037099088565,5912.6374,72.7565,50.33540000000001
2070,71334,19.815416666666668,8.548673171902177,-0.16599999999999945,8.044,2.889,2525.102293982899,5913.9402,73.9275,48.1017
2071,71335,19.815694444444443,8.500604566735237,0.2790000000000006,7.950999999999999,2.9939999999999998,2526.4007543568564,5915.2418,75.0985,45.867900000000006
2072,71336,19.81597222222222,8.343104338314365,0.4050000000000005,7.734,3.1029999999999998,2527.6990913419545,5916.5422,76.2695,43.634100000000004
2073,71337,19.81625,8.344302307562929,0.35800000000000054,7.5760000000000005,3.479,2528.997204239576,5917.8413,77.4405,41.4003
2074,71338,19.81652777777778,8.194814518950382,0.49500000000000044,7.481999999999999,3.3059999999999996,2530.2950923413555,5919.1391,78.6115,39.1665
2075,71339,19.816805555555554,7.963384707522299,0.06400000000000053,7.134,3.5379999999999994,2531.592954085493,5920.4358,79.7825,36.9326
2076,71340,19.817083333333336,7.752316492507255,-0.26699999999999946,7.050999999999999,3.211,2532.8906886090376,5921.7313,80.9534,34.6988
2077,71341,19.81736111111111,7.962329181841203,-0.2489999999999995,7.261,3.258,2534.1881962005946,5923.0255,82.12429999999999,32.464999999999996
2078,71342,19.817638888888887,8.006328309531154,-0.25399999999999945,7.301,3.276,2535.4855761455296,5924.318499999999,83.2952,30.2312
2079,71343,19.81791666666667,7.988831328798975,-0.07099999999999944,7.248,3.3589999999999995,2536.7828277427734,5925.6103,84.4661,27.9974
2080,71344,19.818194444444444,7.841016324431419,-0.03099999999999945,7.176,3.1599999999999997,2538.0798496602824,5926.9008,85.637,25.7635
2081,71345,19.818472222222223,7.905134217709401,-0.24899999999999944,7.3050000000000015,3.0109999999999997,2539.376740316972,5928.1901,86.8078,23.5296
2082,71346,19.81875,8.104326498852325,-0.09399999999999945,7.553999999999999,2.9339999999999997,2540.673400748949,5929.4781,87.9786,21.2958
2083,71347,19.81902777777778,8.116529430735774,-0.3169999999999994,7.619,2.78,2541.970030009014,5930.765000000001,89.1494,19.062
2084,71348,19.819305555555555,8.088304457672201,-0.35699999999999943,7.606,2.7279999999999998,2543.266525804972,5932.0507,90.3201,16.828200000000002
2085,71349,19.819583333333334,8.201211130070972,-0.3479999999999994,7.694,2.8179999999999996,2544.5627890445153,5933.3351,91.49080000000001,14.594400000000002
2086,71350,19.819861111111113,8.058703493738928,-0.31799999999999945,7.4430000000000005,3.0729999999999995,2545.858920062473,5934.6183,92.66159999999999,12.3605
2087,71351,19.82013888888889,7.885038807767531,-0.5999999999999994,7.154000000000001,3.2609999999999992,2547.1549155205967,5935.9003,93.8323,10.1266
2088,71352,19.820416666666667,7.884657633657913,-0.5159999999999995,7.139,3.3069999999999995,2548.450776374826,5937.1811,95.003,7.8927
2089,71353,19.82069444444444,7.915736920843187,-0.5669999999999995,7.148999999999999,3.351,2549.7465019388374,5938.4607000000005,96.1737,5.6588
2090,71354,19.82097222222222,8.243781959756092,-0.6149999999999994,7.459999999999999,3.4539999999999993,2551.042089688102,5939.7391,97.3443,3.425
2091,71355,19.82125,8.16585923219351,-0.8769999999999994,7.311999999999999,3.5279999999999996,2552.3374422834518,5941.0162,98.51500000000001,1.1911999999999996
2092,71356,19.821527777777778,7.974310377706652,-1.0009999999999994,7.085000000000001,3.5199999999999996,2553.632755526687,5942.2922,99.6856,-1.0427000000000004
2093,71357,19.821805555555553,7.925356458860383,-0.8349999999999994,7.047,3.529,2554.927830734477,5943.5669,100.85619999999999,-3.2766000000000006
2094,71358,19.82208333333333,8.032419374011793,-0.9919999999999994,7.009,3.7959999999999994,2556.2227670188868,5944.8404,102.02680000000001,-5.5105
2095,71359,19.82236111111111,8.043810291149338,-0.9679999999999994,6.902000000000001,4.016,2557.5175638921605,5946.1127,103.19739999999999,-7.744400000000001
2096,71360,19.822638888888886,8.19143833523759,-0.8349999999999994,7.169,3.874,2558.8122184967287,5947.3838,104.3679,-9.978200000000001
2097,71361,19.822916666666664,8.278848349861228,-0.8159999999999993,7.142999999999999,4.1049999999999995,2560.1067320861994,5948.6537,105.5384,-12.212
2098,71362,19.823194444444443,8.497886207757785,-0.7689999999999995,7.353,4.1899999999999995,2561.4011041722524,5949.9224,106.7089,-14.4458
2099,71363,19.82347222222222,8.561321451738628,-0.5799999999999994,7.415000000000001,4.24,2562.69523220312,5951.1898,107.87930000000001,-16.6796
2100,71364,19.82375,8.284857512353486,-0.2639999999999994,7.108000000000001,4.247999999999999,2563.9892192025695,5952.456,109.0498,-18.913500000000003
2101,71365,19.824027777777776,8.112686484759534,0.2400000000000006,7.019,4.060999999999999,2565.2831607640846,5953.721100000001,110.2202,-21.147399999999998
2102,71366,19.824305555555558,8.133091601598988,0.27700000000000063,7.089,3.9769999999999994,2566.5768574160807,5954.9849,111.39059999999999,-23.3812
2103,71367,19.824583333333333,8.051807312647266,0.2920000000000006,6.991,3.9839999999999995,2567.8705071913037,5956.247600000001,112.56089999999999,-25.615000000000002
2104,71368,19.82486111111111,7.882250313203711,0.4170000000000006,6.934,3.724999999999999,2569.1640132004623,5957.5091,113.73129999999999,-27.8488
2105,71369,19.82513888888889,7.830370106195492,0.3660000000000006,6.984,3.5219999999999994,2570.457270999971,5958.7693,114.9016,-30.082600000000003
2106,71370,19.825416666666666,7.753135881693291,0.4140000000000006,6.8740000000000006,3.562,2571.7503820401735,5960.0283,116.0719,-32.316500000000005
2107,71371,19.825694444444444,7.691398117377619,0.48100000000000065,6.959999999999999,3.2379999999999995,2573.04334461487,5961.2861,117.2422,-34.5503
2108,71372,19.825972222222223,7.429183198710341,0.19100000000000064,6.711,3.1809999999999996,2574.336156884031,5962.5427,118.41239999999998,-36.7841
2109,71373,19.82625,7.292754760719711,0.05600000000000062,6.58,3.1439999999999997,2575.628920032012,5963.798199999999,119.5826,-39.017900000000004
2110,71374,19.826527777777777,7.223097258101957,-0.14299999999999938,6.531000000000001,3.082,2576.921533607246,5965.052500000001,120.75279999999998,-41.25170000000001
2111,71375,19.826805555555556,7.2706732838162935,-0.1869999999999994,6.636,2.965,2578.2138958876167,5966.3055,121.923,-43.4854
2112,71376,19.82708333333333,7.115353891409758,-0.21499999999999936,6.494,2.8999999999999995,2579.50610761423,5967.5572999999995,123.09319999999998,-45.7192
2113,71377,19.82736111111111,7.047016815646178,-0.2499999999999994,6.445,2.8389999999999995,2580.7980676270026,5968.8078000000005,124.2634,-47.953
2114,71378,19.827638888888888,7.054134532315074,-0.4329999999999993,6.482000000000001,2.7489999999999997,2582.0898722455686,5970.0571,125.43350000000001,-50.1867
2115,71379,19.827916666666667,6.916883402226756,-0.6259999999999994,6.35,2.6699999999999995,2583.3816237383217,5971.3053,126.6036,-52.42040000000001
2116,71380,19.828194444444446,6.866737580539976,-0.6859999999999994,6.308,2.6249999999999996,2584.6732192480367,5972.5523,127.77360000000002,-54.65409999999999
2117,71381,19.828472222222224,6.87332074036997,-0.6609999999999994,6.364,2.5109999999999997,2585.9646599628622,5973.7981,128.9436,-56.887800000000006
2118,71382,19.82875,7.029089556976777,-0.5699999999999993,6.511999999999999,2.5839999999999996,2587.255845627614,5975.042600000001,130.1136,-59.121500000000005
2119,71383,19.829027777777775,7.141934891890291,-0.6089999999999993,6.531999999999999,2.8229999999999995,2588.5468755678926,5976.285900000001,131.28360000000004,-61.35519999999999
2120,71384,19.829305555555557,7.285520571654438,-0.6039999999999994,6.563,3.1049999999999995,2589.8377457938714,5977.528,132.4535,-63.58879999999999
2121,71385,19.829583333333332,7.285942698100225,-0.7469999999999994,6.486,3.2339999999999995,2591.128559811185,5978.769,133.6234,-65.8225
2122,71386,19.82986111111111,7.322283387031671,-0.8629999999999993,6.4670000000000005,3.3239999999999994,2592.4192138090684,5980.0088000000005,134.7932,-68.0562
2123,71387,19.83013888888889,7.410249523464105,-0.8779999999999994,6.633,3.1849999999999996,2593.7097081205457,5981.2474,135.963,-70.2898
2124,71388,19.830416666666668,7.3071701772984605,-0.8759999999999994,6.532000000000001,3.1559999999999997,2595.0000430350256,5982.4848,137.1328,-72.52340000000001
2125,71389,19.830694444444443,7.381049112422976,-0.7309999999999993,6.6819999999999995,3.049,2596.290218280176,5983.7210000000005,138.30259999999998,-74.75699999999999
2126,71390,19.830972222222222,7.2724324678885806,-0.8769999999999992,6.636,2.8429999999999995,2597.5802330235542,5984.956,139.4724,-76.9906
2127,71391,19.83125,7.152818325667163,-0.9349999999999993,6.412000000000001,3.029,2598.8700864538423,5986.1898,140.6422,-79.2242
2128,71392,19.83152777777778,7.074847984232593,-0.9569999999999993,6.435,2.7799999999999994,2600.1598758071823,5987.4225,141.81189999999998,-81.45779999999999
2129,71393,19.831805555555555,7.105696728681854,-1.0749999999999995,6.495,2.6739999999999995,2601.4495013569685,5988.654,142.9816,-83.6913
2130,71394,19.832083333333337,7.043299368903753,-1.1709999999999994,6.461,2.5479999999999996,2602.7389611316544,5989.8843,144.1512,-85.92479999999999
2131,71395,19.832361111111112,7.105933999130586,-1.0949999999999993,6.5329999999999995,2.572,2604.0281573822153,5991.1133,145.3208,-88.15830000000001
2132,71396,19.832638888888887,6.700848453740765,-1.3949999999999991,6.148000000000001,2.2709999999999995,2605.3172875304535,5992.3412,146.4904,-90.39169999999999
2133,71397,19.83291666666667,6.264587536302769,-1.6419999999999995,5.718,1.9629999999999996,2606.6062541564743,5993.5679,147.66,-92.62519999999999
2134,71398,19.833194444444445,6.216701778274393,-1.6939999999999995,5.676,1.8869999999999998,2607.8950523877697,5994.7934000000005,148.8295,-94.8587
2135,71399,19.83347222222222,6.0634331034489035,-1.8799999999999994,5.439,1.9099999999999997,2609.1836827261563,5996.0177,149.999,-97.0921
2136,71400,19.833750000000002,6.101164069257604,-1.9549999999999996,5.473000000000001,1.857,2610.4721460998344,5997.2408000000005,151.1685,-99.3255
2137,71401,19.834027777777777,6.068620518701099,-2.1189999999999993,5.475,1.5369999999999995,2611.7605390368667,5998.462799999999,152.3379,-101.55890000000001
2138,71402,19.834305555555552,5.8262043390186715,-2.2419999999999995,5.182,1.4369999999999998,2613.0486645341375,5999.6835,153.50740000000002,-103.79220000000001
2139,71403,19.834583333333335,5.579240987804703,-2.1609999999999996,5.0280000000000005,1.0849999999999997,2614.3366183190838,6000.903,154.67680000000001,-106.02550000000001
2140,71404,19.83486111111111,5.756454985492373,-2.217999999999999,5.265,0.7049999999999996,2615.6244041886544,6002.1213,155.8462,-108.2589
2141,71405,19.835138888888885,5.6181366127925365,-2.4829999999999997,5.0329999999999995,0.25899999999999973,2616.912115396181,6003.3385,157.0155,-110.4922
2142,71406,19.835416666666667,5.9047581660894455,-2.1179999999999994,5.502,0.3289999999999997,2618.1996554545467,6004.5545,158.1848,-112.72549999999998
2143,71407,19.835694444444442,6.116078972675221,-1.9709999999999994,5.741,0.7499999999999997,2619.487019496112,6005.7693,159.35399999999998,-114.9587
2144,71408,19.835972222222217,6.116761316252253,-1.9709999999999994,5.738,0.7779999999999997,2620.774213859909,6006.9829,160.5233,-117.19189999999999
2145,71409,19.83625,6.1755730098509884,-1.9619999999999993,5.807,0.7529999999999998,2622.0612326049536,6008.1953,161.6925,-119.42510000000001
2146,71410,19.836527777777775,5.895570286240339,-2.0459999999999994,5.4719999999999995,0.7929999999999997,2623.3480758596775,6009.4065,162.86169999999998,-121.6582
2147,71411,19.836805555555554,6.005393742295337,-1.8929999999999993,5.624,0.9229999999999997,2624.6347447923695,6010.6165,164.03090000000003,-123.8913
2148,71412,19.837083333333332,6.090283655134626,-1.836999999999999,5.718999999999999,1.0049999999999997,2625.9213360927088,6011.8254,165.2,-126.12440000000001
2149,71413,19.83736111111111,6.0264580808299,-1.9039999999999995,5.609,1.1099999999999999,2627.2077489852813,6013.0331,166.369,-128.35750000000002
2150,71414,19.837638888888886,5.872736500133477,-1.8969999999999996,5.38,1.3949999999999998,2628.4939837204865,6014.2396,167.538,-130.59050000000002
2151,71415,19.837916666666665,6.058455496246547,-1.7349999999999994,5.513,1.8169999999999997,2629.7800416185787,6015.4448999999995,168.70700000000002,-132.8235
2152,71416,19.838194444444444,6.0607993697201366,-1.7699999999999996,5.425,2.042,2631.0659220694456,6016.648999999999,169.87600000000003,-135.0565
2153,71417,19.83847222222222,5.955076741738933,-1.8169999999999995,5.343,1.9009999999999994,2632.3516244777084,6017.8519,171.045,-137.2895
2154,71418,19.838749999999997,6.002746954520072,-1.7849999999999995,5.375,1.9889999999999997,2633.6372454059992,6019.0537,172.21390000000002,-139.5225
2155,71419,19.83902777777778,5.9340173575748825,-1.8329999999999995,5.273,2.0119999999999996,2634.922684094955,6020.2543,173.3827,-141.7555
2156,71420,19.839305555555555,6.059421919622365,-1.7089999999999992,5.483,1.9319999999999997,2636.207940329102,6021.4537,174.5515,-143.9884
2157,71421,19.83958333333333,5.964412209094874,-1.7499999999999993,5.408,1.8069999999999997,2637.4930160216522,6022.6519,175.7203,-146.22129999999999
2158,71422,19.839861111111112,6.204115488931521,-1.6859999999999995,5.567,2.158,2638.777907550876,6023.8489,176.889,-148.4542
2159,71423,19.840138888888887,6.1459230388933435,-1.6999999999999993,5.542999999999999,2.0389999999999997,2640.062717434326,6025.044800000001,178.0578,-150.687
2160,71424,19.840416666666663,6.010709192765859,-1.8369999999999993,5.3660000000000005,1.9899999999999998,2641.347341891267,6026.239500000001,179.2265,-152.9198
2161,71425,19.840694444444445,6.149619581730239,-1.7469999999999992,5.484,2.1659999999999995,2642.6317833596963,6027.433,180.3952,-155.1526
2162,71426,19.84097222222222,6.278052962503581,-1.6429999999999993,5.68,2.1099999999999994,2643.916035375405,6028.6253,181.5638,-157.3853
2163,71427,19.84125,6.37955829191959,-1.5379999999999994,5.782,2.2139999999999995,2645.2002030794056,6029.8165,182.7324,-159.618
2164,71428,19.841527777777777,6.324237661568389,-1.5619999999999994,5.707,2.2329999999999997,2646.4840800603915,6031.0064,183.9009,-161.8506
2165,71429,19.841805555555556,6.318360863388542,-1.5079999999999996,5.746,2.1519999999999997,2647.7678712938487,6032.1952,185.06940000000003,-164.0832
2166,71430,19.84208333333333,6.435521890258784,-1.4779999999999993,5.872999999999999,2.1769999999999996,2649.051572838023,6033.3829,186.2378,-166.3158
2167,71431,19.84236111111111,6.5099131330609925,-1.3999999999999995,5.959999999999999,2.2129999999999996,2650.3350877052826,6034.5694,187.40619999999998,-168.5484
2168,71432,19.84263888888889,6.232901330841039,-1.4429999999999992,5.823,1.6909999999999996,2651.6184121270903,6035.7546999999995,188.5746,-170.7809
2169,71433,19.842916666666664,6.29832779394658,-1.4149999999999996,5.908,1.6619999999999997,2652.9015450666866,6036.938800000001,189.74290000000002,-173.0134
2170,71434,19.843194444444443,6.356439648104904,-1.2899999999999994,6.015,1.5999999999999994,2654.1845924770214,6038.1218,190.91129999999998,-175.2459
2171,71435,19.84347222222222,6.034143766931644,-1.4729999999999994,5.7010000000000005,1.3189999999999997,2655.4674444702778,6039.3036,192.07959999999997,-177.4783
2172,71436,19.84375,5.965887276843236,-1.5969999999999993,5.599,1.3009999999999995,2656.750102936135,6040.484200000001,193.2478,-179.7107
2173,71437,19.844027777777775,5.9840970914583265,-1.6039999999999996,5.621,1.2809999999999997,2658.0326645252344,6041.6637,194.41590000000002,-181.943
2174,71438,19.844305555555554,5.949742011213595,-1.5659999999999994,5.625,1.1429999999999996,2659.315137740911,6042.8421,195.584,-184.17540000000002
2175,71439,19.844583333333333,5.90167179704192,-1.6589999999999994,5.493,1.3799999999999997,2660.5973161434376,6044.019200000001,196.75209999999998,-186.4077
2176,71440,19.844861111111108,5.739096270319918,-2.0559999999999996,5.079,1.7069999999999996,2661.8793052440633,6045.1951,197.9203,-188.64000000000001
2177,71441,19.84513888888889,5.815426123681737,-2.1239999999999997,5.061,1.922,2663.1611915181015,6046.3699,199.0883,-190.8722
2178,71442,19.845416666666665,5.848093877495469,-2.4949999999999997,4.701,2.4239999999999995,2664.4428839367934,6047.5435,200.25629999999998,-193.1044
2179,71443,19.845694444444444,5.9319227068464055,-2.708999999999999,4.5009999999999994,2.755,2665.7243819220184,6048.7159,201.4243,-195.3366
2180,71444,19.845972222222223,5.995620818564163,-2.6739999999999995,4.573,2.8079999999999994,2667.005678591053,6049.8871,202.5922,-197.56869999999998
2181,71445,19.846249999999998,5.9830177168382175,-2.8059999999999996,4.433,2.876,2668.2868795175227,6051.0572,203.76010000000002,-199.8008
2182,71446,19.846527777777776,5.9315958223736045,-2.9379999999999993,4.352,2.7589999999999995,2669.5679839374643,6052.226199999999,204.92799999999997,-202.03289999999998
2183,71447,19.846805555555555,5.736330883064539,-3.308,3.822,2.7119999999999997,2670.8487881543597,6053.3939,206.09589999999997,-204.26489999999998
2184,71448,19.847083333333334,5.888864151939659,-3.2709999999999995,3.972,2.864,2672.1294881541035,6054.5605000000005,207.26370000000003,-206.49679999999998
2185,71449,19.84736111111111,5.870296074304941,-3.0819999999999994,4.214,2.684,2673.4100900360327,6055.726000000001,208.4315,-208.72869999999998
2186,71450,19.847638888888888,5.7215258454366875,-2.7399999999999993,4.477,2.2769999999999997,2674.6904828015586,6056.8903,209.5991,-210.9605
2187,71451,19.847916666666666,5.606280585200851,-2.821999999999999,4.397,2.033,2675.9706797162776,6058.0534,210.76680000000002,-213.19230000000002
2188,71452,19.84819444444444,5.4395011719825925,-2.6849999999999996,4.288,1.9979999999999998,2677.2506733004425,6059.2153,211.9344,-215.4241
2189,71453,19.84847222222222,5.654953403875225,-2.4769999999999994,4.635,2.0879999999999996,2678.5305626616537,6060.3761,213.102,-217.6558
2190,71454,19.848750000000003,5.564179005028504,-2.5139999999999993,4.476,2.146,2679.8102474667025,6061.5357,214.26950000000002,-219.8875
2191,71455,19.849027777777778,5.324003099172651,-2.471999999999999,4.3,1.9349999999999998,2681.089823154397,6062.6942,215.43689999999998,-222.11909999999997
2192,71456,19.849305555555553,5.33890044859426,-2.4439999999999995,4.319,1.9689999999999999,2682.36920016224,6063.8515,216.6044,-224.35070000000002
2193,71457,19.84958333333333,5.8116755759419325,-2.2079999999999993,4.953,2.0899999999999994,2683.648470329102,6065.0077,217.77179999999998,-226.58229999999998
2194,71458,19.84986111111111,5.700106402515658,-2.2909999999999995,4.7940000000000005,2.063999999999999,2684.9274332573605,6066.162600000001,218.93919999999997,-228.8138
2195,71459,19.85013888888889,5.502763487557864,-2.625999999999999,4.443,1.9089999999999996,2686.206288488167,6067.3164,220.1065,-231.0453
2196,71460,19.850416666666668,5.544493304171265,-2.8289999999999993,4.311,2.0379999999999994,2687.4849387515214,6068.469,221.27380000000002,-233.2768
2197,71461,19.850694444444446,5.530564980180595,-2.8359999999999994,4.242,2.1329999999999996,2688.7634761034947,6069.620499999999,222.44100000000003,-235.5082
2198,71462,19.850972222222225,5.6360315825942635,-2.9039999999999995,4.506,1.7399999999999995,2690.041903471992,6070.7709,223.60819999999998,-237.73950000000005
2199,71463,19.85125,5.438887478152126,-3.2659999999999996,4.121,1.3899999999999997,2691.3201205147097,6071.9201,224.77530000000002,-239.9708
2200,71464,19.85152777777778,5.364822923452366,-3.404999999999999,3.936,1.3019999999999996,2692.5982263323067,6073.0682,225.9424,-242.202
2201,71465,19.851805555555558,5.575218829785967,-3.3199999999999994,4.316000000000001,1.1969999999999996,2693.876024415844,6074.215,227.10950000000003,-244.4332
2202,71466,19.852083333333333,5.470071480337344,-3.571999999999999,4.002999999999999,1.0669999999999997,2695.1537064071244,6075.3607,228.2765,-246.6643
2203,71467,19.852361111111115,5.310294342124549,-3.6309999999999993,3.781,0.8479999999999995,2696.431179368501,6076.5052000000005,229.44350000000003,-248.89540000000002
2204,71468,19.85263888888889,5.211922294125268,-3.6729999999999996,3.5909999999999997,0.8819999999999997,2697.7085387341135,6077.6485999999995,230.61040000000003,-251.12650000000002
2205,71469,19.852916666666665,5.223727500549774,-3.6179999999999994,3.621,1.0419999999999996,2698.9857838178514,6078.7909,231.77729999999997,-253.35750000000002
2206,71470,19.853194444444448,5.160156392978802,-3.4809999999999994,3.7330000000000005,0.7579999999999997,2700.262813831838,6079.932,232.9442,-255.5884
2207,71471,19.853472222222223,5.083177057707118,-3.539999999999999,3.625,0.40799999999999964,2701.5396286038767,6081.0719,234.11099999999996,-257.8193
2208,71472,19.85375,5.015544736117902,-3.372,3.653,0.6639999999999997,2702.8163313425985,6082.2107,235.2778,-260.0502
2209,71473,19.85402777777778,4.995734380448984,-3.172999999999999,3.832,0.4529999999999997,2704.092813250357,6083.3483,236.4445,-262.281
2210,71474,19.854305555555555,5.025369737641202,-3.1419999999999995,3.8760000000000003,0.5989999999999996,2705.36918197697,6084.4848,237.6112,-264.5118
2211,71475,19.854583333333334,5.200224322084576,-3.0459999999999994,4.136,0.8109999999999996,2706.6454284634206,6085.620199999999,238.7778,-266.7425
2212,71476,19.854861111111113,5.378523403314333,-2.736999999999999,4.559,0.8079999999999996,2707.9214567907293,6086.7544,239.94429999999997,-268.9732
2213,71477,19.85513888888889,5.403007125666225,-2.7549999999999994,4.59,0.7309999999999997,2709.1973656464406,6087.8875,241.11079999999998,-271.2038
2214,71478,19.855416666666667,5.581078032065132,-2.7359999999999998,4.82,0.6559999999999997,2710.4731542332265,6089.0195,242.27729999999997,-273.4343
2215,71479,19.855694444444445,5.66642797536508,-2.568999999999999,5.014,0.6069999999999997,2711.7486230885215,6090.1502,243.44369999999998,-275.6648
2216,71480,19.855972222222224,5.82363340192358,-2.4309999999999996,5.0920000000000005,1.4409999999999996,2713.0239750355368,6091.2798,244.61010000000002,-277.8953
2217,71481,19.856250000000003,6.16312169277875,-2.2319999999999993,5.473000000000001,1.7459999999999998,2714.299204934894,6092.4083,245.7765,-280.1257
2218,71482,19.856527777777778,6.1421541009649046,-2.1959999999999993,5.5,1.6289999999999996,2715.5742084320423,6093.5356,246.94279999999998,-282.356
2219,71483,19.85680555555556,6.23096348889961,-2.0399999999999996,5.591,1.845,2716.849093135324,6094.6618,248.10909999999998,-284.5863
2220,71484,19.857083333333335,6.413918692967662,-1.913999999999999,5.859,1.7739999999999998,2718.1237502077192,6095.7868,249.27530000000002,-286.8165
2221,71485,19.85736111111111,6.056182460923713,-2.160999999999999,5.452,1.511,2719.398287362882,6096.9107,250.4415,-289.0467
2222,71486,19.85763888888889,5.874602795083256,-2.193999999999999,5.119,1.8689999999999998,2720.6725997046187,6098.033399999999,251.60770000000002,-291.2768
2223,71487,19.857916666666668,5.936481786378191,-2.0019999999999993,5.236,1.954,2721.946682986852,6099.1548999999995,252.77370000000002,-293.5069
2224,71488,19.858194444444447,5.986713789718029,-2.149999999999999,5.269,1.8589999999999995,2723.220639687177,6100.275299999999,253.93970000000004,-295.7369
2225,71489,19.858472222222225,6.085048151000944,-2.1549999999999994,5.375,1.8689999999999998,2724.494469582922,6101.3946,255.1057,-297.96680000000003
2226,71490,19.858750000000004,5.897658009752685,-2.279999999999999,5.337,1.0489999999999997,2725.768172696243,6102.5127999999995,256.2716,-300.1967
2227,71491,19.859027777777776,5.717095853665565,-2.424999999999999,5.0920000000000005,0.9359999999999997,2727.04164337341,6103.6298,257.4374,-302.42650000000003
2228,71492,19.859305555555558,5.706917381564236,-2.410999999999999,5.096,0.8869999999999998,2728.3149902321716,6104.7456999999995,258.60319999999996,-304.6563
2229,71493,19.859583333333333,5.596356403947125,-2.451999999999999,4.93,1.0009999999999997,2729.5881034719314,6105.8604,259.7689,-306.886
2230,71494,19.859861111111112,5.497903054801894,-2.5249999999999995,4.808,0.8569999999999995,2730.861091789256,6106.974,260.93459999999993,-309.1157
2231,71495,19.86013888888889,5.535148417161006,-2.3779999999999992,4.877999999999999,1.0899999999999996,2732.1338452839377,6108.0864,262.1002,-311.34529999999995
2232,71496,19.86041666666667,5.7557645017842765,-2.297999999999999,5.21,0.8389999999999997,2733.406467501837,6109.1977,263.2658,-313.5748
2233,71497,19.860694444444444,5.6354485180862035,-2.477999999999999,5.0,0.7859999999999996,2734.6789629837217,6110.3079,264.4314,-315.8043
2234,71498,19.860972222222223,5.5217478211160635,-2.3269999999999995,4.949,0.7629999999999996,2735.951226833354,6111.4169,265.5969,-318.0338
2235,71499,19.861250000000002,5.445234705685329,-2.339999999999999,4.866,0.7049999999999995,2737.223357684329,6112.524800000001,266.76239999999996,-320.2632
2236,71500,19.861527777777777,5.516006979691015,-2.3359999999999994,4.906000000000001,0.9489999999999996,2738.4952507391267,6113.6315,267.9278,-322.49249999999995
2237,71501,19.861805555555556,5.5821079351800424,-2.2599999999999993,5.048,0.7549999999999997,2739.7670145228803,6114.7371,269.09319999999997,-324.72180000000003
2238,71502,19.862083333333334,5.476023648597584,-2.228999999999999,4.987,0.3849999999999996,2741.0385393222887,6115.8415,270.2585,-326.951
2239,71503,19.862361111111113,5.462046777536787,-2.186999999999999,5.005,0.03099999999999963,2742.3099337929752,6116.9448,271.4238,-329.18019999999996
2240,71504,19.86263888888889,5.454641418095235,-2.249999999999999,4.962000000000001,-0.26300000000000034,2743.581082533464,6118.046899999999,272.589,-331.4092
2241,71505,19.862916666666667,5.530907339668601,-2.357999999999999,4.996,-0.26600000000000035,2744.8520998299323,6119.1479,273.75419999999997,-333.6382
2242,71506,19.863194444444446,5.367288048912598,-2.5209999999999995,4.732,-0.24600000000000039,2746.1229807879427,6120.2478,274.9193,-335.8672
2243,71507,19.863472222222224,5.361107161771717,-2.6749999999999994,4.646,0.022999999999999597,2747.393718275503,6121.3466,276.0844,-338.096
2244,71508,19.863750000000003,5.422389694590383,-2.746999999999999,4.675,0.025999999999999607,2748.664218364628,6122.4442,277.2494,-340.3248
2245,71509,19.86402777777778,5.397453195721107,-2.8439999999999994,4.586,-0.11300000000000039,2749.9345746860517,6123.5407000000005,278.4143,-342.5535
2246,71510,19.864305555555557,5.302281961570886,-3.004999999999999,4.363,-0.22000000000000042,2751.204796878366,6124.6361,279.5792,-344.7822
2247,71511,19.864583333333336,5.204801437134753,-3.1189999999999993,4.1659999999999995,0.0789999999999996,2752.474774223082,6125.7303,280.744,-347.01079999999996
2248,71512,19.864861111111114,5.344255326984293,-3.1809999999999996,4.28,0.3519999999999996,2753.744610530569,6126.823399999999,281.90880000000004,-349.2393
2249,71513,19.86513888888889,5.455384954336403,-3.2159999999999997,4.388,0.40499999999999964,2755.0143064145855,6127.9154,283.07349999999997,-351.4678
2250,71514,19.86541666666667,5.515173977310235,-3.2739999999999996,4.412,0.4819999999999995,2756.2838656891336,6129.0063,284.2382,-353.69629999999995
2251,71515,19.865694444444447,5.579836108704269,-3.0289999999999995,4.683000000000001,0.17099999999999954,2757.5532775294405,6130.096100000001,285.4028,-355.92470000000003
2252,71516,19.865972222222222,5.545228669766468,-3.1059999999999994,4.59,-0.18500000000000044,2758.8224463599845,6131.1847,286.5674,-358.15299999999996
2253,71517,19.86625,5.438120539303997,-3.0149999999999992,4.483,-0.6210000000000004,2760.09137252223,6132.2721,287.7319,-360.38129999999995
2254,71518,19.86652777777778,5.4593233097152245,-3.236999999999999,4.311,-0.8610000000000004,2761.360253814351,6133.3585,288.89639999999997,-362.60949999999997
2255,71519,19.86680555555556,5.3242202245962735,-3.3969999999999994,3.9559999999999995,-1.0760000000000003,2762.628885266947,6134.4437,290.06080000000003,-364.8376
2256,71520,19.867083333333333,5.260542652616743,-3.4279999999999995,3.843,-1.0740000000000003,2763.8973663568104,6135.5278,291.2251,-367.0656
2257,71521,19.867361111111112,5.353540323935181,-3.668999999999999,3.748,-1.0730000000000004,2765.1657117711943,6136.6108,292.3895,-369.2936
2258,71522,19.867638888888887,5.187291586174812,-3.7969999999999993,3.468,-0.6810000000000003,2766.4338007983633,6137.6926,293.5537,-371.5215
2259,71523,19.867916666666666,5.166185246388286,-3.970999999999999,3.2230000000000003,-0.7300000000000004,2767.7017472659177,6138.7733,294.718,-373.7493
2260,71524,19.868194444444445,5.241099216767414,-4.002,3.3339999999999996,-0.5810000000000004,2768.9695358197823,6139.8529,295.8821,-375.977
2261,71525,19.868472222222223,5.098987938797266,-4.257999999999999,2.805,-0.033000000000000404,2770.2370820673,6140.9313,297.0462,-378.2047
2262,71526,19.86875,5.02780409323991,-4.202999999999999,2.753,0.1859999999999996,2771.504474156603,6142.008599999999,298.2102,-380.4323
2263,71527,19.86902777777778,5.082223627507943,-4.199999999999999,2.854,0.20899999999999958,2772.771716250282,6143.0848000000005,299.37420000000003,-382.6598
2264,71528,19.869305555555556,4.917843938150131,-4.025999999999999,2.8120000000000003,0.26299999999999957,2774.038703129409,6144.159799999999,300.53810000000004,-384.8872
2265,71529,19.86958333333333,5.053663819448222,-4.013999999999999,3.011,0.6009999999999996,2775.305544966182,6145.2337,301.702,-387.1146
2266,71530,19.86986111111111,5.135998734423519,-3.908999999999999,3.3009999999999997,0.4489999999999995,2776.5722351497016,6146.306500000001,302.8659,-389.3419
2267,71531,19.87013888888889,5.110919388916244,-3.7099999999999995,3.511,0.17399999999999957,2777.838763281396,6147.3782,304.0296,-391.5691
2268,71532,19.870416666666667,5.248159105819869,-3.565,3.85,-0.10700000000000047,2779.105149683143,6148.4488,305.1934,-393.7963
2269,71533,19.870694444444446,5.238207422391747,-3.5879999999999996,3.807,0.2679999999999995,2780.37137286723,6149.5183,306.35699999999997,-396.0234
2270,71534,19.870972222222225,5.10938822169543,-3.829999999999999,3.372,0.2579999999999995,2781.6373485872027,6150.5866000000005,307.5206,-398.2505
2271,71535,19.87125,5.312021272547767,-3.8949999999999996,3.6119999999999997,-0.001000000000000467,2782.903163284028,6151.6538,308.6842,-400.4774
2272,71536,19.87152777777778,5.478947526669697,-3.943999999999999,3.8009999999999997,0.12699999999999953,2784.168824248047,6152.7199,309.8477,-402.7043
2273,71537,19.871805555555557,5.404761419341282,-3.868999999999999,3.754,0.38699999999999957,2785.4343242484506,6153.784900000001,311.0111,-404.9311
2274,71538,19.872083333333336,5.573280721442264,-3.986999999999999,3.867,0.45999999999999963,2786.699674404669,6154.8488,312.1745,-407.1579
2275,71539,19.87236111111111,5.650434142612406,-3.932999999999999,4.049,0.25399999999999956,2787.9648624799224,6155.9116,313.3378,-409.3846
2276,71540,19.87263888888889,5.7941945945920725,-3.8409999999999997,4.302999999999999,0.5509999999999995,2789.2298878907645,6156.9733,314.501,-411.6112
2277,71541,19.872916666666665,5.657108271900052,-3.922999999999999,3.9989999999999997,0.7879999999999996,2790.4946554347052,6158.033799999999,315.6642,-413.8376999999999
2278,71542,19.873194444444444,5.549830267674857,-4.063999999999998,3.7459999999999996,0.5019999999999996,2791.7592592039086,6159.0932,316.82730000000004,-416.06409999999994
2279,71543,19.873472222222222,5.604010082075156,-4.004,3.9120000000000004,0.26299999999999957,2793.0236109291523,6160.151400000001,317.9904,-418.29049999999995
2280,71544,19.873749999999998,5.565724121801223,-3.8059999999999996,4.0569999999999995,0.1799999999999996,2794.2878955032807,6161.2086,319.1535,-420.5167
2281,71545,19.874027777777776,5.485576542169473,-3.749999999999999,4.003,0.07099999999999959,2795.5520212448955,6162.2647,320.3165,-422.7429
2282,71546,19.874305555555555,5.4215992105650885,-3.780999999999999,3.8840000000000003,-0.1110000000000004,2796.8158811762905,6163.319600000001,321.47940000000006,-424.96900000000005
2283,71547,19.874583333333334,5.548310463555549,-3.8919999999999995,3.942,-0.3110000000000004,2798.07958105176,6164.3733999999995,322.6422,-427.1951
2284,71548,19.874861111111112,5.394403766868031,-3.7379999999999995,3.8880000000000003,-0.10200000000000042,2799.3431118348412,6165.426100000001,323.805,-429.421
2285,71549,19.87513888888889,5.262607813622443,-3.6489999999999996,3.7920000000000003,-0.02400000000000041,2800.606387226095,6166.4776,324.9678,-431.6469
2286,71550,19.87541666666667,5.010829272685311,-3.5449999999999995,3.5410000000000004,-0.05200000000000042,2801.8695010163565,6167.528,326.13050000000004,-433.8728
2287,71551,19.875694444444445,5.091026713738595,-3.400999999999999,3.786,-0.13400000000000042,2803.1324455389704,6168.5773,327.2931,-436.0986
2288,71552,19.875972222222224,5.147880631871722,-3.344999999999999,3.9130000000000003,0.008999999999999566,2804.3952256056727,6169.6255,328.4557,-438.32430000000005
2289,71553,19.876250000000002,5.093761871151811,-3.3049999999999997,3.876,0.002999999999999564,2805.6579279500015,6170.6727,329.6182,-440.54979999999995
2290,71554,19.876527777777778,5.104260965115322,-3.1499999999999995,4.006,0.28799999999999953,2806.9203739336695,6171.7187,330.7806,-442.7754
2291,71555,19.876805555555556,5.019227430591285,-3.051999999999999,3.974,0.29199999999999954,2808.1826484247053,6172.7636,331.9429,-445.0009
2292,71556,19.87708333333333,5.03080729108162,-2.950999999999999,4.061,0.3299999999999995,2809.4447561670604,6173.8074,333.10519999999997,-447.2263
2293,71557,19.87736111111111,5.11174813542295,-2.797999999999999,4.243,0.5459999999999996,2810.7066891923305,6174.850100000001,334.26750000000004,-449.4515
2294,71558,19.87763888888889,5.213818754041992,-2.7909999999999995,4.372,0.5289999999999996,2811.9684561225954,6175.8917,335.42969999999997,-451.6767
2295,71559,19.877916666666668,5.3182366438510424,-2.741999999999999,4.506,0.6789999999999995,2813.2300493692733,6176.9322,336.59180000000003,-453.9018
2296,71560,19.878194444444443,5.428249810021642,-2.935999999999999,4.529999999999999,0.5699999999999996,2814.491473681839,6177.9716,337.7539,-456.1268
2297,71561,19.87847222222222,5.465484790940324,-2.9079999999999995,4.578,0.6759999999999995,2815.752722684153,6179.0099,338.9159,-458.35170000000005
2298,71562,19.87875,5.535684329872866,-2.801999999999999,4.711,0.7739999999999995,2817.0138035672708,6180.047100000001,340.0778,-460.5766
2299,71563,19.87902777777778,5.635794886260499,-2.7699999999999996,4.83,0.8719999999999996,2818.2746140414292,6181.0831,341.23969999999997,-462.8014
2300,71564,19.879305555555558,5.58684463718117,-2.728999999999999,4.816000000000001,0.7559999999999996,2819.535240281969,6182.1179999999995,342.4015,-465.026
2301,71565,19.879583333333336,5.597764017891429,-2.7919999999999994,4.767,0.9029999999999996,2820.795694608886,6183.151800000001,343.56329999999997,-467.2505
2302,71566,19.87986111111111,5.6727511843901635,-2.692999999999999,4.871,1.0959999999999996,2822.056070450982,6184.1846,344.725,-469.4749
2303,71567,19.880138888888887,5.6569886865716805,-2.6599999999999993,4.8549999999999995,1.1639999999999995,2823.316175534542,6185.2162,345.8866,-471.69930000000005
2304,71568,19.88041666666667,5.54833254230494,-2.740999999999999,4.737,0.9119999999999996,2824.576114923234,6186.2467,347.04820000000007,-473.9237
2305,71569,19.880694444444444,5.450925884654826,-2.7549999999999994,4.638,0.7819999999999995,2825.8358747069215,6187.2761,348.2097,-476.148
2306,71570,19.880972222222223,5.25500932444463,-2.7449999999999997,4.437,0.6269999999999996,2827.0954464480083,6188.3044,349.3711,-478.37209999999993
2307,71571,19.88125,5.1206914572155195,-2.8859999999999992,4.214,0.36699999999999955,2828.354850527902,6189.3315999999995,350.53249999999997,-480.59619999999995
2308,71572,19.88152777777778,4.9888273171157165,-3.0789999999999993,3.906,0.3889999999999995,2829.61407336609,6190.3577,351.69379999999995,-482.8202
2309,71573,19.881805555555555,4.905612499984073,-3.1969999999999996,3.7039999999999997,0.3529999999999995,2830.873114071229,6191.3827,352.855,-485.04409999999996
2310,71574,19.882083333333334,5.026086151271185,-3.314999999999999,3.7739999999999996,0.1709999999999995,2832.1319856740956,6192.4066,354.0162,-487.26800000000003
2311,71575,19.882361111111113,5.028288376773949,-3.2919999999999994,3.7939999999999996,0.22799999999999948,2833.390674099932,6193.4294,355.17729999999995,-489.49179999999996
2312,71576,19.88263888888889,4.7917894361083935,-3.446999999999999,3.3259999999999996,0.13099999999999948,2834.6490849250217,6194.451,356.3384,-491.7155000000001
2313,71577,19.882916666666667,4.808092137220333,-3.4289999999999994,3.37,-0.053000000000000505,2835.9074108671193,6195.4716,357.4994,-493.93909999999994
2314,71578,19.883194444444445,4.783829637434845,-3.2889999999999993,3.4730000000000003,0.0759999999999995,2837.1655442329698,6196.4911,358.66029999999995,-496.1625
2315,71579,19.883472222222224,4.787030916967217,-3.3039999999999994,3.457,0.21999999999999947,2838.4234979442313,6197.5095,359.8212,-498.3857999999999
2316,71580,19.88375,4.918807375777181,-3.2809999999999997,3.6119999999999997,0.6189999999999996,2839.6811739404893,6198.5267,360.98199999999997,-500.60909999999996
2317,71581,19.884027777777778,5.036725722133378,-3.156999999999999,3.871,0.6459999999999995,2840.9387687758717,6199.5429,362.14279999999997,-502.83230000000003
2318,71582,19.884305555555553,5.065552487142937,-3.132999999999999,3.9619999999999997,0.38299999999999945,2842.19617654565,6200.558,363.30350000000004,-505.0554
2319,71583,19.88458333333333,5.210118040889284,-2.983999999999999,4.257,0.34499999999999953,2843.4533963701238,6201.572,364.4641,-507.2784
2320,71584,19.88486111111111,5.156205096774176,-2.930999999999999,4.239,0.1629999999999995,2844.7104339944735,6202.5849,365.62469999999996,-509.5013
2321,71585,19.885138888888886,5.173335577748653,-3.067999999999999,4.164,-0.10900000000000047,2845.967282615385,6203.5967,366.78520000000003,-511.7241
2322,71586,19.885416666666664,5.411491568874518,-3.007999999999999,4.481,-0.39600000000000046,2847.2239501283902,6204.6074,367.9456,-513.9468999999999
2323,71587,19.885694444444443,5.3930970694027005,-3.083999999999999,4.406,-0.40200000000000047,2848.480433421556,6205.617,369.106,-516.1696
2324,71588,19.88597222222222,5.481634245368802,-3.0729999999999995,4.523,-0.38400000000000045,2849.736726156693,6206.6255,370.2663,-518.3922
2325,71589,19.88625,5.587678856197804,-3.004999999999999,4.697,-0.3610000000000005,2850.9928278390953,6207.6329,371.4265,-520.6147
2326,71590,19.88652777777778,5.590914773093934,-3.1419999999999995,4.57,-0.7080000000000005,2852.248843261911,6208.6393,372.5867,-522.8371
2327,71591,19.886805555555558,5.517438717376025,-3.1799999999999993,4.471,-0.5830000000000005,2853.5045670947407,6209.644499999999,373.7468,-525.0594
2328,71592,19.887083333333333,5.456162021054727,-3.089999999999999,4.49,-0.2480000000000005,2854.7600981242463,6210.6485999999995,374.9068,-527.2816
2329,71593,19.88736111111111,5.336449849853365,-3.1479999999999992,4.303,-0.2280000000000005,2856.015450212114,6211.6516,376.0668,-529.5038
2330,71594,19.88763888888889,5.282346921587033,-3.160999999999999,4.232000000000001,-0.03800000000000054,2857.2705999994664,6212.653499999999,377.2267,-531.7257999999999
2331,71595,19.887916666666666,5.219882374153655,-3.063999999999999,4.226,-5.440092820663267e-16,2858.525563775056,6213.6543,378.38649999999996,-533.9478
2332,71596,19.888194444444444,5.1898733125192935,-3.121999999999999,4.1259999999999994,0.40499999999999947,2859.780429573961,6214.6541,379.5463,-536.1696000000001
2333,71597,19.888472222222223,5.086444239348348,-3.1909999999999994,3.935,0.4529999999999995,2861.0350996246516,6215.6528,380.706,-538.3913
2334,71598,19.88875,4.90179813945862,-3.383999999999999,3.525,0.38799999999999946,2862.289582201948,6216.6504,381.8656,-540.613
2335,71599,19.889027777777777,4.889700502075765,-3.4609999999999994,3.447,0.22099999999999942,2863.5438742601013,6217.646900000001,383.0252,-542.8346
2336,71600,19.889305555555556,4.963652183624473,-3.2429999999999994,3.7350000000000003,0.4129999999999995,2864.7979690505185,6218.6423,384.18469999999996,-545.0561
2337,71601,19.88958333333333,4.8525133693788,-3.180999999999999,3.65,0.3249999999999994,2866.0518660918315,6219.6366,385.3441,-547.2774999999999
2338,71602,19.88986111111111,4.850042474040819,-3.1599999999999993,3.6759999999999997,0.15599999999999947,2867.305661415002,6220.6299,386.5035,-549.4987
2339,71603,19.890138888888888,4.893228586526487,-3.086999999999999,3.7910000000000004,0.20599999999999946,2868.559257928435,6221.6221,387.6628,-551.7198000000001
2340,71604,19.890416666666667,4.921956318375855,-2.9169999999999994,3.9620000000000006,0.13899999999999949,2869.812663777652,6222.6132,388.822,-553.9408999999999
2341,71605,19.890694444444442,4.954257764791815,-2.9249999999999994,3.9979999999999998,0.07099999999999948,2871.0658669134205,6223.6032000000005,389.9812,-556.1618000000001
2342,71606,19.890972222222224,4.926795611754154,-2.834999999999999,4.029,-0.057000000000000516,2872.3188784352997,6224.5921,391.1403,-558.3826999999999
2343,71607,19.89125,4.991859973997668,-2.7409999999999988,4.172000000000001,0.0009999999999994902,2873.5716886199652,6225.579900000001,392.2993,-560.6034999999999
2344,71608,19.891527777777775,5.162927367298517,-2.5669999999999993,4.476999999999999,0.1509999999999995,2874.8242945119637,6226.5666,393.4583,-562.8241
2345,71609,19.891805555555553,5.1969669038776845,-2.4499999999999993,4.573,0.3059999999999995,2876.07679123441,6227.5523,394.61710000000005,-565.0446
2346,71610,19.892083333333332,5.049910593267964,-2.5199999999999996,4.3740000000000006,0.13899999999999946,2877.3289920632938,6228.5368,395.7759,-567.2650000000001
2347,71611,19.89236111111111,5.120781776252528,-2.557999999999999,4.429,0.25099999999999945,2878.5810888930746,6229.5203,396.9346,-569.4853
2348,71612,19.89263888888889,5.1362621623122005,-2.5529999999999995,4.444000000000001,0.33799999999999947,2879.8329971623957,6230.5027,398.09330000000006,-571.7056
2349,71613,19.892916666666668,5.086757415092644,-2.5809999999999995,4.378,0.21599999999999947,2881.0847010925654,6231.484,399.2519,-573.9258
2350,71614,19.893194444444443,4.965227185134633,-2.715999999999999,4.132,0.45099999999999946,2882.3361908375036,6232.464199999999,400.4104,-576.1458
2351,71615,19.893472222222222,5.035571467073027,-2.6439999999999992,4.23,0.6879999999999995,2883.5875835768406,6233.443399999999,401.5688,-578.3657999999999
2352,71616,19.89375,5.059782702844065,-2.6579999999999995,4.274,0.5189999999999995,2884.838761044667,6234.4215,402.7271,-580.5856
2353,71617,19.89402777777778,5.065449831949774,-2.6949999999999994,4.269,0.41399999999999954,2886.089747548917,6235.3985,403.8854,-582.8054
2354,71618,19.894305555555555,5.011334552791301,-2.7759999999999994,4.162999999999999,0.2769999999999994,2887.3405268564047,6236.3744,405.0436,-585.0251000000001
2355,71619,19.894583333333333,4.975245220087146,-2.865999999999999,4.0649999999999995,0.12199999999999944,2888.5911048386397,6237.3492,406.2018,-587.2447
2356,71620,19.894861111111112,5.038819504606212,-2.7979999999999996,4.186999999999999,0.17299999999999943,2889.841574004099,6238.322999999999,407.35990000000004,-589.4642
2357,71621,19.895138888888887,5.008226632252179,-2.8069999999999995,4.147,0.07399999999999944,2891.091840886054,6239.295700000001,408.51800000000003,-591.6836000000001
2358,71622,19.895416666666666,5.032063294514487,-2.753999999999999,4.211,0.06799999999999944,2892.34179267281,6240.2672,409.6759,-593.9029
2359,71623,19.895694444444445,5.024906466791197,-2.7239999999999993,4.2219999999999995,0.06499999999999943,2893.5916309322874,6241.2377,410.8338,-596.1220000000001
2360,71624,19.89597222222222,5.096885912005487,-2.7269999999999994,4.306,0.008999999999999442,2894.8413674996123,6242.2072,411.9916,-598.3411
2361,71625,19.896250000000002,5.113526865090276,-2.6399999999999992,4.379,-0.05400000000000056,2896.0907908546037,6243.1755,413.14940000000007,-600.5600000000001
2362,71626,19.896527777777777,5.1918176008022465,-2.599999999999999,4.493,0.08899999999999944,2897.3401115968363,6244.1428,414.3071,-602.7789
2363,71627,19.896805555555552,5.142573869182629,-2.618999999999999,4.424,0.12299999999999944,2898.5892107821273,6245.1089999999995,415.4647,-604.9975999999999
2364,71628,19.897083333333335,5.213707318214171,-2.6619999999999995,4.470000000000001,0.3399999999999994,2899.8381040202357,6246.0741,416.6223,-607.2162000000001
2365,71629,19.89736111111111,5.1899507704794265,-2.5879999999999996,4.470999999999999,0.49799999999999944,2901.0868834204575,6247.0382,417.77979999999997,-609.4347
2366,71630,19.897638888888885,5.10518677425224,-2.7559999999999993,4.279999999999999,0.3859999999999994,2902.3354491968075,6248.001200000001,418.9372,-611.6531
2367,71631,19.897916666666667,5.138548627774188,-2.8349999999999995,4.264,0.43099999999999944,2903.5838008565065,6248.9631,420.0945,-613.8714
2368,71632,19.898194444444442,5.044021510659921,-2.955999999999999,4.069,0.38399999999999945,2904.832043825013,6249.924000000001,421.2518,-616.0896
2369,71633,19.89847222222222,4.98476569158471,-3.0269999999999992,3.9459999999999993,0.33799999999999947,2906.0800713737754,6250.8838,422.409,-618.3077
2370,71634,19.89875,5.010004590816259,-3.0269999999999992,3.979,0.32399999999999946,2907.3277839097937,6251.8424,423.5661,-620.5256999999999
2371,71635,19.899027777777775,5.021270158037704,-3.1169999999999995,3.9159999999999995,0.4029999999999994,2908.5753793572776,6252.8,424.7231,-622.7436
2372,71636,19.899305555555554,5.0132904364299495,-3.103999999999999,3.9239999999999995,0.3169999999999994,2909.8227649176324,6253.7565,425.88009999999997,-624.9613999999999
2373,71637,19.899583333333332,5.022684740255951,-3.0869999999999993,3.942999999999999,0.3879999999999994,2911.070032247636,6254.712,427.037,-627.1791000000001
2374,71638,19.89986111111111,4.936908040464193,-3.0539999999999994,3.871,0.24799999999999942,2912.3170817750943,6255.6664,428.1938,-629.3967
2375,71639,19.900138888888886,5.003652465949249,-3.072999999999999,3.9470000000000005,0.11999999999999944,2913.5639127995946,6256.6197,429.3505,-631.6142
2376,71640,19.900416666666665,5.031213074398658,-2.950999999999999,4.0600000000000005,0.3479999999999994,2914.8105317871423,6257.571900000001,430.5072,-633.8316
2377,71641,19.900694444444444,4.981511116117277,-2.9619999999999993,3.972,0.5149999999999995,2916.0570203635543,6258.5231,431.6638,-636.0487999999999
2378,71642,19.900972222222222,5.171766719410302,-2.8389999999999995,4.265,0.7049999999999994,2917.303289011348,6259.473199999999,432.8203,-638.2659
2379,71643,19.901249999999997,5.253759986904616,-2.752,4.407,0.7789999999999995,2918.5493369175033,6260.4222,433.9767,-640.4829
2380,71644,19.90152777777778,5.2244913628026985,-2.7779999999999996,4.349,0.8149999999999993,2919.7952700016895,6261.370199999999,435.1331,-642.6998
2381,71645,19.901805555555555,5.199143583322161,-2.8129999999999993,4.317,0.6939999999999994,2921.0409813966726,6262.3171,436.2894,-644.9166
2382,71646,19.90208333333333,5.072578338478372,-2.9049999999999994,4.115,0.5989999999999994,2922.2864605532523,6263.2629,437.4456,-647.1332
2383,71647,19.90236111111111,5.090476402066903,-2.8449999999999998,4.205,0.3699999999999994,2923.531723885269,6264.2076,438.6018,-649.3497
2384,71648,19.902638888888887,5.166892102608685,-2.798999999999999,4.3420000000000005,0.09699999999999945,2924.7768562852166,6265.1512999999995,439.7578,-651.5661
2385,71649,19.902916666666666,5.250070475717445,-2.752,4.47,-0.09400000000000056,2926.0217719371162,6266.093900000001,440.9138,-653.7824
2386,71650,19.903194444444445,5.183610131944723,-2.748999999999999,4.382,-0.3330000000000006,2927.266562732705,6267.0355,442.0697,-655.9986
2387,71651,19.903472222222224,5.258490753058333,-2.6849999999999996,4.45,-0.8000000000000005,2928.5111390219754,6267.976000000001,443.2255,-658.2148
2388,71652,19.903749999999995,5.289249285106536,-2.721999999999999,4.385,-1.1570000000000005,2929.755486683861,6268.9154,444.3813,-660.4308
2389,71653,19.904027777777777,5.382388410362077,-2.8349999999999995,4.348000000000001,-1.4240000000000006,2930.999718201332,6269.8538,445.537,-662.6468
2390,71654,19.904305555555553,5.456178332862663,-2.920999999999999,4.284999999999999,-1.6960000000000008,2932.2438121588566,6270.791200000001,446.69259999999997,-664.8626
2391,71655,19.90458333333333,5.37095875984912,-2.9699999999999993,4.157,-1.6570000000000007,2933.487679211074,6271.727499999999,447.8481,-667.0782999999999
2392,71656,19.90486111111111,5.590598179086026,-2.903999999999999,4.465999999999999,-1.6960000000000008,2934.7313188886214,6272.6627,449.0035,-669.2939
2393,71657,19.90513888888889,5.611030386658051,-2.9589999999999987,4.39,-1.8590000000000007,2935.974829881482,6273.5969,450.1588,-671.5094
2394,71658,19.905416666666664,5.522843561065259,-2.9539999999999997,4.321,-1.7620000000000005,2937.2181195993694,6274.530000000001,451.31409999999994,-673.7248
2395,71659,19.905694444444443,5.304718465668088,-2.9659999999999993,4.149,-1.4590000000000007,2938.4611697220143,6275.4619999999995,452.46930000000003,-675.94
2396,71660,19.90597222222222,5.277608075634263,-3.0069999999999992,4.167,-1.2030000000000005,2939.7040897244383,6276.393,453.6244,-678.1551000000001
2397,71661,19.906249999999996,5.328953837293019,-3.008999999999999,4.268,-1.0620000000000007,2940.9467870839794,6277.3229,454.7795,-680.3701
2398,71662,19.906527777777775,5.300589401189267,-3.0499999999999994,4.228,-0.9580000000000007,2942.189345839056,6278.2518,455.9344,-682.585
2399,71663,19.906805555555554,5.209451986533708,-3.0549999999999993,4.151,-0.7580000000000007,2943.4316700918716,6279.1796,457.0893,-684.7996999999999
2400,71664,19.907083333333333,5.132308155206583,-3.0689999999999995,4.051,-0.7150000000000006,2944.6737627033485,6280.1062999999995,458.2441,-687.0143
2401,71665,19.907361111111108,5.259047917636804,-3.1329999999999996,4.13,-0.8860000000000007,2945.915729707124,6281.031999999999,459.3989,-689.2288000000001
2402,71666,19.90763888888889,5.039492236326989,-3.2889999999999993,3.7399999999999998,-0.7690000000000007,2947.157563323208,6281.956700000001,460.5536,-691.4431999999999
2403,71667,19.907916666666665,5.037362504327041,-3.28,3.789,-0.5100000000000007,2948.3990648140066,6282.8802000000005,461.70820000000003,-693.6575
2404,71668,19.90819444444444,5.086088477405794,-3.285999999999999,3.84,-0.5700000000000006,2949.64042824178,6283.8027,462.8628,-695.8716000000001
2405,71669,19.908472222222223,4.976137156469865,-3.415999999999999,3.561,-0.6420000000000006,2950.881667700473,6284.724200000001,464.0173,-698.0857
2406,71670,19.908749999999998,4.95825917031371,-3.4929999999999994,3.431,-0.7820000000000006,2952.122573687256,6285.6445,465.1717,-700.2996999999999
2407,71671,19.909027777777776,4.930827415353329,-3.5029999999999992,3.3909999999999996,-0.7370000000000007,2953.3633327625193,6286.5638,466.326,-702.5135
2408,71672,19.909305555555555,4.887073255026979,-3.5499999999999994,3.2369999999999997,-0.8960000000000006,2954.603863515306,6287.481999999999,467.4803,-704.7272
2409,71673,19.90958333333333,4.9265676692805105,-3.5519999999999987,3.2060000000000004,-1.1730000000000007,2955.844249851542,6288.3992,468.6344,-706.9408000000001
2410,71674,19.90986111111111,5.0532527148362565,-3.4309999999999996,3.411,-1.4590000000000007,2957.08440698689,6289.3153,469.7885,-709.1542999999999
2411,71675,19.910138888888888,5.03370251405464,-3.353999999999999,3.3940000000000006,-1.6030000000000004,2958.324426246153,6290.2304,470.9425,-711.3677
2412,71676,19.910416666666666,5.087422333559501,-3.282999999999999,3.504,-1.6810000000000005,2959.5641965492505,6291.1444,472.0964,-713.5808999999999
2413,71677,19.91069444444444,5.058001779359118,-3.3709999999999996,3.371,-1.6900000000000002,2960.803835436661,6292.0574,473.2503,-715.794
2414,71678,19.91097222222222,5.013574872284247,-3.4989999999999997,3.1860000000000004,-1.6560000000000006,2962.0433271847687,6292.9694,474.404,-718.007
2415,71679,19.91125,5.269283917194062,-3.4269999999999987,3.54,-1.8680000000000008,2963.2825799713596,6293.8803,475.5576,-720.2198999999999
2416,71680,19.911527777777778,5.331987809438427,-3.4249999999999994,3.5379999999999994,-2.045000000000001,2964.5216885049604,6294.7902,476.7112,-722.4326
2417,71681,19.911805555555553,5.2982919889337925,-3.4519999999999995,3.465,-2.037000000000001,2965.760556835133,6295.699,477.86469999999997,-724.6452
2418,71682,19.912083333333335,5.2927000670735165,-3.377,3.599,-1.9120000000000004,2966.9992836011834,6296.6068,479.01809999999995,-726.8576999999999
2419,71683,19.912361111111107,5.2681691316813275,-3.3709999999999996,3.6769999999999996,-1.6940000000000004,2968.237776728412,6297.5135,480.1714999999999,-729.0701
2420,71684,19.912638888888885,5.112538410613654,-3.493999999999999,3.4669999999999996,-1.3820000000000006,2969.4761157574403,6298.4192,481.3248,-731.2823000000001
2421,71685,19.912916666666664,5.145203786051627,-3.475999999999999,3.595,-1.2110000000000007,2970.714205117491,6299.3238,482.4779,-733.4944
2422,71686,19.913194444444443,5.183426087058635,-3.4239999999999986,3.7589999999999995,-1.0070000000000006,2971.952158260944,6300.227400000001,483.63100000000003,-735.7064
2423,71687,19.91347222222222,5.148294863350388,-3.313999999999999,3.838,-0.8900000000000008,2973.1898685576207,6301.1299,484.784,-737.9183
2424,71688,19.91375,5.106554219823774,-3.3239999999999994,3.7879999999999994,-0.8240000000000007,2974.4273350244357,6302.031300000001,485.9369,-740.1301
2425,71689,19.91402777777778,5.089757951022818,-3.344,3.776,-0.6820000000000006,2975.664652515317,6302.9317,487.0898,-742.3417000000001
2426,71690,19.91430555555555,5.232499498327734,-3.2709999999999995,4.047,-0.5490000000000006,2976.9018167442605,6303.8311,488.2425,-744.5532000000001
2427,71691,19.914583333333333,5.415180975738483,-3.119999999999999,4.388,-0.5790000000000006,2978.138743595348,6304.7294,489.39520000000005,-746.7646
2428,71692,19.914861111111108,5.473714278257497,-3.1219999999999994,4.45,-0.6420000000000006,2979.3755238714366,6305.626700000001,490.5478,-748.9759
2429,71693,19.915138888888887,5.397595575809658,-3.148999999999999,4.334,-0.6590000000000006,2980.612046209236,6306.5229,491.7003000000001,-751.187
2430,71694,19.915416666666665,5.422950857236307,-3.0339999999999994,4.458,-0.5740000000000006,2981.848432698692,6307.4181,492.8527,-753.3981
2431,71695,19.915694444444444,5.331195925868791,-3.0249999999999995,4.343999999999999,-0.6330000000000007,2983.0845679707563,6308.3122,494.0051,-755.609
2432,71696,19.915972222222223,5.272512968215441,-2.9899999999999993,4.2780000000000005,-0.7470000000000006,2984.320554556942,6309.2053,495.15739999999994,-757.8198
2433,71697,19.916249999999998,5.286066590575642,-2.999999999999999,4.279999999999999,-0.7900000000000006,2985.556380322278,6310.0974,496.30959999999993,-760.0304
2434,71698,19.91652777777778,5.299798675421548,-2.8789999999999996,4.429,-0.42800000000000066,2986.7919652420487,6310.9884,497.46180000000004,-762.2409
2435,71699,19.916805555555555,5.2024103067712755,-2.853999999999999,4.346,-0.17900000000000058,2988.0272932985054,6311.8783,498.61379999999997,-764.4513
2436,71700,19.91708333333333,5.102982853194786,-2.879999999999999,4.205,-0.2530000000000006,2989.262478623087,6312.7672,499.7658,-766.6616
2437,71701,19.917361111111113,4.987399623050072,-3.0169999999999995,3.971,-0.05500000000000062,2990.497492978761,6313.6551,500.91759999999994,-768.8716999999999
2438,71702,19.91763888888889,5.085421713093221,-3.0249999999999995,4.083,0.19999999999999937,2991.7322647932115,6314.5419,502.06940000000003,-771.0817
2439,71703,19.917916666666667,5.271790113424471,-2.9309999999999996,4.367,0.36099999999999943,2992.96688436868,6315.427699999999,503.22110000000004,-773.2916
2440,71704,19.918194444444445,5.332141502248416,-2.9769999999999994,4.41,0.3479999999999994,2994.201240324397,6316.312400000001,504.37270000000007,-775.5013
2441,71705,19.91847222222222,5.465953164819471,-2.9699999999999993,4.56,0.5119999999999993,2995.4354431407864,6317.196099999999,505.5242,-777.7109
2442,71706,19.91875,5.356026979020923,-3.0549999999999993,4.34,0.7199999999999994,2996.669393419595,6318.0787,506.67560000000003,-779.9204
2443,71707,19.919027777777778,5.337412200683024,-3.156999999999999,4.246,0.7019999999999994,2997.903189694247,6318.960300000001,507.8269,-782.1297999999999
2444,71708,19.919305555555557,5.336203331958031,-3.226999999999999,4.239,0.30399999999999927,2999.136819108981,6319.8409,508.9781,-784.339
2445,71709,19.919583333333332,5.300871343467977,-3.3659999999999988,4.095,0.01599999999999937,3000.3703015131646,6320.720499999999,510.12930000000006,-786.5481
2446,71710,19.91986111111111,5.295000849858289,-3.3869999999999996,4.068,0.1289999999999994,3001.6035296565487,6321.599,511.2804,-788.7571
2447,71711,19.920138888888893,5.296583427078251,-3.257999999999999,4.176,-0.016000000000000625,3002.8365971403623,6322.4765,512.4315,-790.9659
2448,71712,19.920416666666668,5.1760832682637545,-3.313999999999999,3.971,-0.2010000000000006,3004.0695003259343,6323.353,513.5824,-793.1745999999999
2449,71713,19.920694444444447,5.115746377607083,-3.1739999999999995,4.012,-0.02100000000000062,3005.3021556387703,6324.2284,514.7333,-795.3832
2450,71714,19.920972222222225,5.074790833128001,-3.1179999999999994,4.003,0.08699999999999937,3006.5346408063683,6325.1028,515.8841,-797.5916
2451,71715,19.921250000000004,5.083495450966785,-3.1229999999999993,4.011,-0.026000000000000623,3007.7669679832056,6325.9762,517.0348,-799.7999
2452,71716,19.921527777777776,5.260801744981462,-3.0149999999999992,4.311,-0.033000000000000605,3008.999037886301,6326.8485,518.1854,-802.0081
2453,71717,19.921805555555558,5.353130766196544,-2.9539999999999993,4.462,-0.1430000000000006,3010.2309571392298,6327.7198,519.336,-804.2162000000001
2454,71718,19.922083333333333,5.249980285677271,-2.9819999999999993,4.32,-0.08700000000000059,3011.4627168231864,6328.590099999999,520.4865,-806.4242
2455,71719,19.922361111111112,5.291073520562722,-2.9129999999999994,4.417,0.0009999999999994152,3012.69430405952,6329.459400000001,521.6369,-808.6320000000001
2456,71720,19.92263888888889,5.328277582859211,-2.8609999999999993,4.495,0.013999999999999416,3013.92561128841,6330.3276,522.7870999999999,-810.8396
2457,71721,19.92291666666667,5.354228515855482,-2.938999999999999,4.469,0.24099999999999938,3015.15667129165,6331.1947,523.9372,-813.0472
2458,71722,19.923194444444444,5.404460102544934,-2.907999999999999,4.541,0.3619999999999994,3016.3875655510305,6332.0608,525.0873,-815.2546
2459,71723,19.923472222222223,5.240072995674773,-3.1229999999999993,4.194,0.33999999999999936,3017.61828522531,6332.9259,526.2373,-817.4617999999999
2460,71724,19.923750000000002,5.1626760502669535,-3.2079999999999993,4.034,0.2979999999999994,3018.848855160423,6333.79,527.3872,-819.6690000000001
2461,71725,19.924027777777777,5.0814137796483365,-3.250999999999999,3.8660000000000005,0.5529999999999994,3020.0791589011433,6334.653,528.5370999999999,-821.876
2462,71726,19.924305555555556,4.976879142595286,-3.3859999999999992,3.629,0.3669999999999993,3021.30928652823,6335.515,529.6869,-824.0827999999999
2463,71727,19.924583333333334,4.810368904772273,-3.4319999999999995,3.3289999999999997,0.5279999999999994,3022.539242345907,6336.376,530.8365,-826.2895000000001
2464,71728,19.924861111111113,4.841532402039667,-3.3919999999999995,3.396,0.6339999999999993,3023.768935000241,6337.235900000001,531.9860000000001,-828.4961
2465,71729,19.92513888888889,4.8207581353973765,-3.380999999999999,3.3980000000000006,0.5119999999999993,3024.998350992065,6338.0947,533.1354,-830.7025
2466,71730,19.925416666666667,4.781115141888971,-3.4229999999999996,3.303,0.48199999999999943,3026.2277172299337,6338.9526000000005,534.2848999999999,-832.9087999999999
2467,71731,19.925694444444446,4.733902829589978,-3.4139999999999993,3.258,0.37399999999999933,3027.456909491557,6339.8095,535.4342,-835.115
2468,71732,19.925972222222224,4.653461614755192,-3.346999999999999,3.214,0.3499999999999993,3028.6858237518754,6340.665300000001,536.5834,-837.3210000000001
2469,71733,19.926250000000003,4.753873999171622,-3.3069999999999995,3.41,0.1869999999999994,3029.914571264889,6341.5201,537.7325000000001,-839.5269000000001
2470,71734,19.92652777777778,4.94561846486362,-3.2059999999999995,3.7589999999999995,0.22499999999999937,3031.1430614284727,6342.373799999999,538.8815999999999,-841.7326999999999
2471,71735,19.926805555555557,4.999005201037502,-3.071999999999999,3.937,0.22999999999999937,3032.3714743104442,6343.2266,540.0305,-843.9384
2472,71736,19.927083333333336,5.1698305581517845,-2.9579999999999993,4.2219999999999995,0.3899999999999994,3033.5997142300484,6344.0784,541.1794,-846.1439
2473,71737,19.927361111111114,5.313621740395152,-2.8319999999999994,4.476000000000001,0.4239999999999994,3034.8276737546353,6344.929099999999,542.3282,-848.3492
2474,71738,19.92763888888889,5.396020478093092,-2.7169999999999996,4.648000000000001,0.3619999999999994,3036.0554642740526,6345.7788,543.4768999999999,-850.5544
2475,71739,19.92791666666667,5.458723935133558,-2.7229999999999994,4.713,0.41299999999999937,3037.283093609599,6346.6275000000005,544.6256,-852.7595000000001
2476,71740,19.928194444444447,5.477129357610608,-2.714999999999999,4.736,0.4449999999999994,3038.5104459612385,6347.4751,545.7741,-854.9645
2477,71741,19.928472222222222,5.48835731344088,-2.7709999999999995,4.724,0.35699999999999943,3039.737623033153,6348.3216999999995,546.9226,-857.1692999999999
2478,71742,19.92875,5.472477683828414,-2.865999999999999,4.65,0.3339999999999994,3040.964629144234,6349.167299999999,548.071,-859.374
2479,71743,19.92902777777778,5.468169346316918,-2.9339999999999993,4.606,0.27799999999999936,3042.1914638894987,6350.0118999999995,549.2193,-861.5786
2480,71744,19.92930555555556,5.349216952040737,-2.974999999999999,4.429,0.38399999999999934,3043.418104983364,6350.8555,550.3674,-863.783
2481,71745,19.929583333333333,5.351250788367146,-3.0499999999999994,4.3870000000000005,0.2959999999999994,3044.6444699864323,6351.697999999999,551.5155000000001,-865.9872000000001
2482,71746,19.929861111111112,5.270025521759833,-3.1069999999999993,4.246,0.3019999999999993,3045.8706756720594,6352.5395,552.6635,-868.1913999999999
2483,71747,19.930138888888887,5.32346052864112,-3.2279999999999993,4.228,0.20799999999999935,3047.096595845378,6353.3799,553.8113999999999,-870.3954
2484,71748,19.930416666666666,5.311857490558269,-3.3569999999999993,4.109,0.2499999999999994,3048.322328729103,6354.2193,554.9592,-872.5992
2485,71749,19.930694444444445,5.306869039273534,-3.2909999999999995,4.157,0.22699999999999937,3049.547887433263,6355.057699999999,556.1069,-874.8029
2486,71750,19.930972222222223,5.311353970505072,-3.2739999999999996,4.178,0.18899999999999934,3050.773257953237,6355.8951,557.2545,-877.0064
2487,71751,19.931250000000002,5.304377531812756,-3.173999999999999,4.247999999999999,0.12899999999999937,3051.998453302164,6356.7315,558.402,-879.2098
2488,71752,19.93152777777778,5.421686361271741,-3.127,4.4270000000000005,-0.13500000000000068,3053.2234730822215,6357.5669,559.5494000000001,-881.4131
2489,71753,19.93180555555556,5.3542085316132395,-3.0119999999999996,4.426,-0.07700000000000067,3054.448204395759,6358.4012,560.6967,-883.6162
2490,71754,19.93208333333333,5.37435149576207,-2.9529999999999994,4.487,-0.17400000000000065,3055.6727540638885,6359.2345000000005,561.844,-885.8191
2491,71755,19.932361111111113,5.33931128517527,-2.897999999999999,4.479,-0.2200000000000007,3056.897140534875,6360.0668000000005,562.9912,-888.0220000000002
2492,71756,19.93263888888889,5.292767706975245,-2.882999999999999,4.426,-0.33500000000000063,3058.1213270728613,6360.8981,564.1382,-890.2247
2493,71757,19.932916666666667,5.2178763879570775,-2.8829999999999996,4.337,-0.3240000000000006,3059.345344427111,6361.7284,565.2852,-892.4273
2494,71758,19.933194444444446,5.070575608350595,-2.8959999999999995,4.1610000000000005,-0.10000000000000067,3060.5691781666787,6362.557699999999,566.4322,-894.6296999999998
2495,71759,19.933472222222225,5.063321143281353,-2.8799999999999994,4.161,0.16999999999999932,3061.7928243322485,6363.386,567.579,-896.832
2496,71760,19.93375,5.090642493831206,-2.903999999999999,4.180000000000001,0.09499999999999933,3063.0162771507607,6364.2133,568.7257,-899.0341000000001
2497,71761,19.93402777777778,4.9653208355553415,-3.0009999999999994,3.9530000000000003,0.14899999999999936,3064.239460578102,6365.0395,569.8724,-901.2360999999999
2498,71762,19.934305555555557,4.862319302555108,-3.056999999999999,3.774,0.23199999999999937,3065.4624498053477,6365.8647,571.019,-903.4379000000001
2499,71763,19.934583333333332,4.937253284975361,-3.109999999999999,3.821,0.3229999999999994,3066.685356880983,6366.689,572.1655,-905.6396000000001
2500,71764,19.93486111111111,5.017496985549667,-3.165999999999999,3.882,0.28599999999999937,3067.9079841834887,6367.5122,573.3118999999999,-907.8412000000001
2501,71765,19.93513888888889,5.036089752973035,-3.2279999999999993,3.85,0.34599999999999936,3069.1304159950705,6368.3344,574.4582,-910.0426
2502,71766,19.93541666666667,5.049131212396841,-3.2379999999999987,3.8609999999999998,0.31899999999999934,3070.3525528220466,6369.1555,575.6043999999999,-912.2438
2503,71767,19.935694444444444,5.116262893949059,-3.2089999999999987,3.967,0.37599999999999933,3071.5746058684626,6369.9757,576.7504999999999,-914.4449000000001
2504,71768,19.935972222222226,5.247176288252568,-3.0809999999999995,4.243,0.1929999999999994,3072.7964667918177,6370.7949,577.8964,-916.6458999999999
2505,71769,19.93625,5.222850754138011,-3.1639999999999993,4.154999999999999,0.056999999999999384,3074.018040482436,6371.612999999999,579.0423000000001,-918.8467
2506,71770,19.936527777777776,5.236095969326764,-3.083999999999999,4.220999999999999,0.2979999999999994,3075.23943011104,6372.4301,580.1881000000001,-921.0474
2507,71771,19.93680555555556,5.301531665471781,-3.076999999999999,4.303,0.34999999999999937,3076.460621409019,6373.2462,581.3338,-923.2479
2508,71772,19.937083333333334,5.303191774771114,-3.0389999999999993,4.311,0.5509999999999993,3077.681627848815,6374.0613,582.4793999999999,-925.4483
2509,71773,19.93736111111111,5.218799287192408,-3.064999999999999,4.196,0.48499999999999943,3078.902336040185,6374.8753,583.6249,-927.6485
2510,71774,19.93763888888889,5.12710152035241,-3.1509999999999994,4.015,0.4879999999999994,3080.122957167437,6375.6884,584.7703,-929.8486
2511,71775,19.937916666666666,5.049033471863699,-3.1389999999999993,3.9269999999999996,0.4669999999999993,3081.343377719152,6376.5005,585.9156,-932.0485000000001
2512,71776,19.93819444444444,5.043045310127601,-3.1439999999999992,3.9090000000000003,0.5169999999999993,3082.5636205598303,6377.3116,587.0609,-934.2483
2513,71777,19.938472222222224,4.985501378998906,-3.1619999999999995,3.8379999999999996,0.3559999999999993,3083.7836619900454,6378.1217,588.2061,-936.4478999999999
2514,71778,19.93875,4.92292128720336,-3.2949999999999995,3.6479999999999997,0.26499999999999935,3085.0034172390738,6378.9307,589.3512,-938.6474000000001
2515,71779,19.939027777777778,4.807465548498501,-3.3059999999999996,3.4850000000000003,0.1919999999999994,3086.2230831437582,6379.7388,590.4962,-940.8468
2516,71780,19.939305555555556,4.8102186021011555,-3.3569999999999993,3.4450000000000003,-0.027000000000000645,3087.4424474267425,6380.5458,591.6411,-943.0459999999999
2517,71781,19.93958333333333,4.8114546656910315,-3.3639999999999994,3.4400000000000004,-6.494804694057165e-16,3088.6617068395526,6381.3519,592.7859000000001,-945.2450000000001
2518,71782,19.93986111111111,4.805651984902776,-3.4249999999999994,3.371,-0.005000000000000648,3089.8806785315196,6382.1569,593.9306,-947.4439
2519,71783,19.94013888888889,4.862286087839752,-3.4209999999999994,3.4530000000000003,-0.12400000000000064,3091.0995588222036,6382.961,595.0752,-949.6427
2520,71784,19.940416666666668,4.898174149619427,-3.374999999999999,3.5490000000000004,-0.07800000000000064,3092.318135833063,6383.764,596.2197,-951.8413
2521,71785,19.940694444444443,4.943439086304189,-3.4249999999999994,3.561,-0.16200000000000064,3093.536507283904,6384.566000000001,597.3641,-954.0397
2522,71786,19.94097222222222,4.976824790968635,-3.502,3.5340000000000003,-0.12500000000000064,3094.754687689806,6385.367,598.5084,-956.2379999999999
2523,71787,19.94125,4.989469510879889,-3.5249999999999995,3.5300000000000002,-0.09100000000000064,3095.972661700732,6386.1669999999995,599.6526,-958.4361000000001
2524,71788,19.94152777777778,5.008614379247018,-3.511999999999999,3.565,-0.20700000000000066,3097.190453070004,6386.965999999999,600.7968000000001,-960.6341
2525,71789,19.941805555555558,5.12302586368642,-3.479999999999999,3.7550000000000003,-0.18700000000000067,3098.4080278788706,6387.764,601.9408000000001,-962.8318999999999
2526,71790,19.942083333333336,5.158164886856565,-3.4199999999999995,3.8520000000000003,-0.2690000000000007,3099.625418998893,6388.561,603.0848,-965.0296000000001
2527,71791,19.94236111111111,5.201526891211848,-3.375999999999999,3.9450000000000003,-0.30900000000000066,3100.8426074294093,6389.357,604.2286,-967.2272
2528,71792,19.942638888888887,5.278213807719426,-3.3209999999999993,4.09,-0.3200000000000006,3102.0595722363623,6390.152,605.3723,-969.4245000000001
2529,71793,19.94291666666667,5.355972927489458,-3.3059999999999996,4.193,-0.41900000000000065,3103.276352178327,6390.946,606.5160000000001,-971.6217
2530,71794,19.943194444444444,5.389782648678886,-3.289999999999999,4.236,-0.5310000000000007,3104.492922420374,6391.739,607.6596,-973.8187
2531,71795,19.943472222222223,5.421863148402032,-3.361999999999999,4.220000000000001,-0.5340000000000006,3105.709312495991,6392.531,608.8031,-976.0156999999999
